[04/23/26, 13:36:31:758] info: 
╔═══════════════════════════════════════════════════════╗
║      Slack 4.49.81, linux 6.19.12-arch1-1 on x64      ║
╚═══════════════════════════════════════════════════════╝ 
[04/23/26, 13:36:31:759] info: Configured logger via 
{
  "loggerInstanceCount": 1
}
[04/23/26, 13:36:31:767] info: Predefined values for process 
{
  "NODE_ENV": "production",
  "platform": "linux",
  "type": "browser",
  "timeZone": "Europe/Brussels",
  "PACKAGE_MANIFEST.productName": "Slack",
  "PACKAGE_MANIFEST.version": "4.49.81",
  "PACKAGE_MANIFEST.commit": "8f0440b",
  "PACKAGE_MANIFEST.branch": "HEAD"
}
[04/23/26, 13:36:31:858] info: persistUuid:: Generated uuid 
{
  "uuid": "0145c773-7389-4286-a2c7-bce3217f253a"
}
[04/23/26, 13:36:31:858] info: persistUuid:: Uuid persisted successfully 
[04/23/26, 13:36:31:859] info: getSentryDSN: Setting sentry URL to slack.com 
[04/23/26, 13:36:31:867] info: Could not load previous electron version 
[04/23/26, 13:36:32:431] info: Breadcrumb: electron: app.will-finish-launching 
[04/23/26, 13:36:32:433] info: Breadcrumb: electron: app.ready 
[04/23/26, 13:36:32:439] info: Breadcrumb: electron: app.session-created 
[04/23/26, 13:36:32:440] info: Breadcrumb: electron: app.session-created 
[04/23/26, 13:36:32:443] info: Store: persist/PERSIST 
[04/23/26, 13:36:32:452] info: Store: persist/REHYDRATE No persisted state
[04/23/26, 13:36:32:452] warn: Telemetry queued before configured 
{
  "event": 1001000
}
[04/23/26, 13:36:32:452] warn: Telemetry trace before configured 
{
  "eventName": "desktop_performance_record"
}
[04/23/26, 13:36:32:453] info: Initial Boot Timestamp: 1776944191624
      Boot Phase: REHYDRATE
      Duration: 828ms
      From Boot to REHYDRATE: 828ms
      Invoked on Startup: false
      CPU Speed: 100 
[04/23/26, 13:36:32:453] info: Store: RECORD_PERFORMANCE_TIMING 
{
  "phase": 0,
  "interval": 828
}
[04/23/26, 13:36:32:453] info: Store: UPDATE_SETTINGS 
{
  "locale": "en-US"
}
[04/23/26, 13:36:32:454] info: Store: INITIALIZE 
{
  "resourcePath": "/usr/lib/slack/resources/app.asar",
  "silent": true,
  "tsaToken": "[REDACTED]",
  "bootFragments": []
}
[04/23/26, 13:36:32:455] info: Store: SET_SESSION_MODE 
[04/23/26, 13:36:32:462] info: getLinuxDistro: osInfo 
{
  "os": "Arch Linux",
  "name": "Arch Linux",
  "release": null,
  "codename": null
}
[04/23/26, 13:36:32:462] warn: Couldn't get Linux distro info from /etc/os-release, trying fallback to get Linux distro info 
{
  "error": {
    "name": "Error",
    "stack": "Error: Missing OS or release info\n    at lB (/usr/lib/slack/resources/app.asar/dist/main.bundle.cjs:100:971)\n    at async fB (/usr/lib/slack/resources/app.asar/dist/main.bundle.cjs:100:2680)\n    at async Object.initializeEnvironmentEpic_listener [as effect] (/usr/lib/slack/resources/app.asar/dist/main.bundle.cjs:100:1562)\n    at async L (/usr/lib/slack/resources/app.asar/dist/main.bundle.cjs:15:18851)",
    "message": "Missing OS or release info"
  }
}
[04/23/26, 13:36:32:463] info: getLinuxDistro: getos 
{
  "res": {
    "os": "linux",
    "dist": "Arch Linux"
  }
}
[04/23/26, 13:36:32:463] info: initializeEnvironmentEpic: set user agent fallback 
{
  "userAgent": "Mozilla/5.0 (X11; Linux x86_64; Arch Linux unversioned; Hyprland) AppleWebKit/537.36 (KHTML, like Gecko) Slack/4.49.81 Chrome/146.0.7680.166 Electron/41.1.0 Safari/537.36 Sonic Slack_SSB/4.49.81"
}
[04/23/26, 13:36:32:464] info: Store: READY 
{
  "resourcePath": "/usr/lib/slack/resources/app.asar",
  "silent": true,
  "tsaToken": "[REDACTED]",
  "bootFragments": [],
  "appVersion": "4.49.81",
  "arch": "x64",
  "isGpuCompositionAvailable": true,
  "platform": "linux",
  "platformVersion": {
    "major": 6,
    "minor": 19,
    "build": 12
  },
  "developerMenuOverride": false,
  "uuid": "0145c773-7389-4286-a2c7-bce3217f253a",
  "applicationProcessSessionId": "MDE0NWM3NzMtNzM4OS00Mjg2LWEyYzctYmNlMzIxN2YyNTNhXzE3NzY5NDQxOTE4NTg=",
  "distribution": "DDL",
  "clientEnvironment": 1000,
  "invokedOnStartup": false,
  "linux": {
    "os": "Arch Linux",
    "name": "Arch Linux ",
    "release": "",
    "codename": "",
    "desktopEnvironment": "Hyprland"
  }
}
[04/23/26, 13:36:32:464] info: Store: SET_ACCESSIBILITY_SUPPORT_ENABLED 
[04/23/26, 13:36:32:465] info: initializeApplicationEpic: trying to set ntlm credential domain for session 
{
  "sessionId": "PROD_DEFAULT_SESSION"
}
[04/23/26, 13:36:32:465] info: initializeApplicationEpic: Setting spellcheck dictionary URL 
{
  "dictionaryUrl": "https://spellcheck.slack-edge.com/dictionaries_v2/"
}
[04/23/26, 13:36:32:465] info: initializeApplicationEpic: Welcome to Slack 4.49.81 x64 
[04/23/26, 13:36:32:465] info: Store: CREATE_WINDOW 
{
  "type": "main"
}
[04/23/26, 13:36:32:467] info: persistUuid:: Generated uuid 
{
  "uuid": "82f2433c-f7bc-4d45-b353-99ce3bd216a6"
}
[04/23/26, 13:36:32:468] info: persistUuid:: Uuid persisted successfully 
[04/23/26, 13:36:32:473] info: Breadcrumb: electron: powerMonitor.newListener 
[04/23/26, 13:36:32:473] info: Breadcrumb: electron: powerMonitor.newListener 
[04/23/26, 13:36:32:473] info: Breadcrumb: electron: powerMonitor.newListener 
[04/23/26, 13:36:32:474] info: logExternalConfigEpic: initial external config 
{
  "defaults": {}
}
[04/23/26, 13:36:32:474] info: getIsUpdateSupported: Updates are not supported 
{
  "version": "4.49.81",
  "reasons": [
    "using Linux"
  ],
  "distribution": "DDL",
  "executable": "/usr/lib/slack"
}
[04/23/26, 13:36:32:482] info: Breadcrumb: electron: app.web-contents-created 
[04/23/26, 13:36:32:482] info: Breadcrumb: electron: app.browser-window-created 
[04/23/26, 13:36:32:488] info: Store: WINDOW_CREATED 
{
  "type": "main",
  "webappType": "app",
  "id": 1,
  "frame": {
    "isHtmlFullScreen": false,
    "isCurrentlyAudible": false,
    "isFullScreen": false,
    "isMinimized": false,
    "isMaximized": false,
    "isVisible": false,
    "isFocused": false,
    "bounds": {
      "x": 2320,
      "y": 420,
      "width": 800,
      "height": 600
    },
    "hasVibrancy": false,
    "isAlwaysOnTop": false
  }
}
[04/23/26, 13:36:32:490] info: Initial Boot Timestamp: 1776944191624
      Boot Phase: MAIN_WINDOW_CREATED
      Duration: 38ms
      From Boot to MAIN_WINDOW_CREATED: 866ms
      Invoked on Startup: false
      CPU Speed: 100 
[04/23/26, 13:36:32:490] info: Store: RECORD_PERFORMANCE_TIMING 
{
  "phase": 1,
  "interval": 38
}
[04/23/26, 13:36:32:491] info: Breadcrumb: electron: powerMonitor.newListener 
[04/23/26, 13:36:32:491] info: Breadcrumb: electron: powerMonitor.newListener 
[04/23/26, 13:36:32:492] info: Store: UPDATE_SETTINGS 
{
  "keyboardLayout": "us"
}
[04/23/26, 13:36:32:493] info: Watching for keyboard layout changes 
[04/23/26, 13:36:32:494] info: initialSettingsPayload: trying to invalidate settings 
{
  "payload": {
    "launchOnStartup": false,
    "PrefSSBFileDownloadPath": "/home/[REDACTED]/Downloads",
    "PrefSSBFileDownloadPathDisplayName": "Downloads",
    "hasRunApp": true
  }
}
[04/23/26, 13:36:32:495] info: Store: UPDATE_SETTINGS 
{
  "launchOnStartup": false,
  "PrefSSBFileDownloadPath": "/home/[REDACTED]/Downloads",
  "PrefSSBFileDownloadPathDisplayName": "Downloads",
  "hasRunApp": true
}
[04/23/26, 13:36:32:495] info: Store: SET_UPDATE_SUPPORTED 
[04/23/26, 13:36:32:498] info: Feature Check: requesting features from https://app.slack.com/api/ 
[04/23/26, 13:36:32:499] info: Breadcrumb: electron: powerMonitor.newListener 
[04/23/26, 13:36:32:499] info: Breadcrumb: electron: powerMonitor.newListener 
[04/23/26, 13:36:32:499] info: Breadcrumb: electron: powerMonitor.newListener 
[04/23/26, 13:36:32:570] info: Startup Display id=67 at (1440, 0) [2560 x 1440] 
[04/23/26, 13:36:32:571] info: registerLifeCycleEvents: Registering webContents:1 
[04/23/26, 13:36:32:571] info: registerLifeCycleEvents: webContents:1 is type 'app' 
[04/23/26, 13:36:32:571] info: Store: UPSERT_WEB_CONTENTS 
{
  "id": 1,
  "state": "unloaded",
  "type": "app"
}
[04/23/26, 13:36:32:575] info: getSonicBaseURL: 
{
  "url": "https://app.slack.com"
}
[04/23/26, 13:36:32:575] info: Permission check denied: 
{
  "isMainFrame": true,
  "permission": "media",
  "requestingOrigin": null,
  "requestingUrl": null,
  "securityOrigin": null,
  "mediaType": "video",
  "slackChildWindowRequest": {
    "result": false,
    "reason": "Not child window URL"
  }
}
[04/23/26, 13:36:32:575] info: Permission check denied: 
{
  "isMainFrame": true,
  "permission": "media",
  "requestingOrigin": null,
  "requestingUrl": null,
  "securityOrigin": null,
  "mediaType": "audio",
  "slackChildWindowRequest": {
    "result": false,
    "reason": "Not child window URL"
  }
}
[04/23/26, 13:36:32:575] info: Permission check denied: 
{
  "isMainFrame": true,
  "permission": "web-app-installation",
  "requestingOrigin": null,
  "requestingUrl": null,
  "securityOrigin": null,
  "slackChildWindowRequest": {
    "result": false,
    "reason": "Not child window URL"
  }
}
[04/23/26, 13:36:32:576] info: Permission check denied: 
{
  "isMainFrame": true,
  "permission": "geolocation",
  "requestingOrigin": null,
  "requestingUrl": null,
  "securityOrigin": null,
  "slackChildWindowRequest": {
    "result": false,
    "reason": "Not child window URL"
  }
}
[04/23/26, 13:36:32:579] info: Breadcrumb: electron: screen.display-metrics-changed 
[04/23/26, 13:36:32:579] info: Store: DISPLAY_METRICS_CHANGED 
[04/23/26, 13:36:32:685] info: Finished download of spellcheck dictionary 
{
  "code": "en-US"
}
[04/23/26, 13:36:32:686] info: Spellcheck dictionary initialized 
{
  "code": "en-US"
}
[04/23/26, 13:36:32:743] info: Breadcrumb: electron.net: undefined 
{
  "url": "[REDACTED]",
  "method": "GET",
  "status_code": 200
}
[04/23/26, 13:36:32:745] info: Feature Check: received experiments 
{
  "ok": true,
  "experiments": [
    {
      "experiment": "",
      "disable_chrome_features": [
        "PostQuantumKyber"
      ],
      "type": "normal"
    },
    {
      "experiment": "",
      "enable_slack_features": [
        "desktop_loading_screen"
      ],
      "type": "normal"
    }
  ]
}
[04/23/26, 13:36:32:746] info: Store: UPDATE_DESKTOP_FEATURES 
[
  "desktop_loading_screen"
]
[04/23/26, 13:36:32:747] info: Store: UPDATE_SETTINGS 
{
  "signInMethod": "browser"
}
[04/23/26, 13:36:32:747] info: Store: UPDATE_SETTINGS 
{
  "devToolsEnabled": false
}
[04/23/26, 13:36:32:747] info: applyDesktopFeaturesAppEpic: enabled following features 
[
  "desktop_loading_screen"
]
[04/23/26, 13:36:32:921] info: Breadcrumb: electron.net: undefined 
{
  "url": "[REDACTED]",
  "method": "POST",
  "status_code": 200
}
[04/23/26, 13:36:32:921] info: Breadcrumb: electron.net: undefined 
{
  "url": "[REDACTED]",
  "method": "POST",
  "status_code": 200
}
[04/23/26, 13:36:33:278] info: Store: UPDATE_SETTINGS 
{
  "userTheme": "light"
}
[04/23/26, 13:36:33:279] info: Store: UPDATE_SETTINGS 
{
  "systemThemeSyncEnabled": false
}
[04/23/26, 13:36:33:333] info: Breadcrumb: electron: renderer.dom-ready 
{
  "id": 1,
  "url": "[REDACTED]"
}
[04/23/26, 13:36:33:333] info: registerLifeCycleEvents: webContents:1 from 'unloaded' to 'loaded' took 762 ms 
[04/23/26, 13:36:33:333] info: Store: UPSERT_WEB_CONTENTS 
{
  "id": 1,
  "state": "loaded"
}
[04/23/26, 13:36:33:334] info: Initial Boot Timestamp: 1776944191624
      Boot Phase: WEB_CONTENTS_DOM_READY
      Duration: 843ms
      From Boot to WEB_CONTENTS_DOM_READY: 1709ms
      Invoked on Startup: false
      CPU Speed: 100 
[04/23/26, 13:36:33:334] info: Store: RECORD_PERFORMANCE_TIMING 
{
  "phase": 2,
  "interval": 843
}
[04/23/26, 13:36:33:335] info: initializeMainWindowEpic: Showing main window 
{
  "maximized": false,
  "shouldHide": false,
  "fullScreen": false
}
[04/23/26, 13:36:33:335] info: Breadcrumb: electron: window.show 
{
  "id": 1,
  "url": "[REDACTED]"
}
[04/23/26, 13:36:33:335] info: Store: SET_WINDOW_FRAME 
{
  "id": 1,
  "frame": {
    "isVisible": true
  },
  "fromEvent": true
}
[04/23/26, 13:36:33:335] info: Store: MAIN_WINDOW_SHOWN 
[04/23/26, 13:36:33:336] info: Store: CLEAR_NOTIFICATIONS 
[04/23/26, 13:36:33:339] info: registerLifeCycleEvents: webContents:1 is type 'app' 
[04/23/26, 13:36:33:339] info: Store: UPSERT_WEB_CONTENTS 
{
  "id": 1,
  "type": "app",
  "history": "[REDACTED]"
}
[04/23/26, 13:36:33:340] info: Permission check granted: 
{
  "isMainFrame": true,
  "permission": "media",
  "requestingOrigin": "https://app.slack.com/",
  "requestingUrl": "https://app.slack.com/ssb/first?redir=%2Fssb%2Fclient",
  "securityOrigin": null,
  "mediaType": "video",
  "slackChildWindowRequest": {
    "result": false,
    "reason": "Not child window URL"
  }
}
[04/23/26, 13:36:33:340] info: Permission check granted: 
{
  "isMainFrame": true,
  "permission": "media",
  "requestingOrigin": "https://app.slack.com/",
  "requestingUrl": "https://app.slack.com/ssb/first?redir=%2Fssb%2Fclient",
  "securityOrigin": null,
  "mediaType": "audio",
  "slackChildWindowRequest": {
    "result": false,
    "reason": "Not child window URL"
  }
}
[04/23/26, 13:36:33:340] info: Permission check granted: 
{
  "isMainFrame": true,
  "permission": "web-app-installation",
  "requestingOrigin": "https://app.slack.com/",
  "requestingUrl": "https://app.slack.com/ssb/first?redir=%2Fssb%2Fclient",
  "securityOrigin": null,
  "slackChildWindowRequest": {
    "result": false,
    "reason": "Not child window URL"
  }
}
[04/23/26, 13:36:33:340] info: Permission check granted: 
{
  "isMainFrame": true,
  "permission": "geolocation",
  "requestingOrigin": "https://app.slack.com/",
  "requestingUrl": "https://app.slack.com/ssb/first?redir=%2Fssb%2Fclient",
  "securityOrigin": null,
  "slackChildWindowRequest": {
    "result": false,
    "reason": "Not child window URL"
  }
}
[04/23/26, 13:36:33:360] info: waitAuthCookieChange: waiting for auth change for session 
{
  "sessionId": "PROD_DEFAULT_SESSION"
}
[04/23/26, 13:36:33:462] info: Breadcrumb: electron.net: undefined 
{
  "url": "[REDACTED]",
  "method": "POST",
  "status_code": 200
}
[04/23/26, 13:36:33:463] info: Breadcrumb: electron.net: undefined 
{
  "url": "[REDACTED]",
  "method": "POST",
  "status_code": 200
}
[04/23/26, 13:36:33:463] info: Breadcrumb: electron.net: undefined 
{
  "url": "[REDACTED]",
  "method": "POST",
  "status_code": 200
}
[04/23/26, 13:36:33:465] info: Permission check granted: 
{
  "isMainFrame": true,
  "permission": "background-sync",
  "requestingOrigin": "https://app.slack.com/",
  "requestingUrl": "https://app.slack.com/ssb/first?redir=%2Fssb%2Fclient",
  "securityOrigin": null,
  "slackChildWindowRequest": {
    "result": false,
    "reason": "Not child window URL"
  }
}
[04/23/26, 13:36:33:471] info: Breadcrumb: electron.net: undefined 
{
  "url": "[REDACTED]",
  "method": "POST",
  "status_code": 200
}
[04/23/26, 13:36:33:625] info: Store: SET_NETWORK_STATUS online
[04/23/26, 13:36:34:339] info: Store: UPDATE_SETTINGS 
{
  "mainWindowSettings": {
    "fullScreen": false,
    "maximized": false,
    "bounds": {
      "x": 0,
      "y": 0,
      "width": 1270,
      "height": 1394
    }
  }
}
[04/23/26, 13:36:34:341] info: Store: SET_WINDOW_FRAME 
{
  "id": 1,
  "frame": {
    "bounds": {
      "x": 0,
      "y": 0,
      "width": 1270,
      "height": 1394
    }
  },
  "fromEvent": true
}
[04/23/26, 13:36:34:341] info: Store: SET_WINDOW_FRAME 
{
  "id": 1,
  "frame": {
    "bounds": {
      "x": 0,
      "y": 0,
      "width": 1270,
      "height": 1394
    }
  },
  "fromEvent": true
}
[04/23/26, 13:36:34:521] info: Breadcrumb: electron: app.gpu-info-update 
[04/23/26, 13:36:34:521] info: collectSystemInfo: Received app.gpu-info-update event 
[04/23/26, 13:36:34:523] info: Breadcrumb: electron: screen.display-metrics-changed 
[04/23/26, 13:36:34:523] info: Store: DISPLAY_METRICS_CHANGED 
[04/23/26, 13:36:34:525] info: Breadcrumb: electron: screen.display-metrics-changed 
[04/23/26, 13:36:34:525] info: Store: DISPLAY_METRICS_CHANGED 
[04/23/26, 13:36:34:526] info: System configuration information 
{
  "info": {
    "total_memory_in_gb": 31,
    "available_memory_gb": 24,
    "chrome_version": "146.0.7680.166",
    "locale": "en-US",
    "uptime_hours": 2.82,
    "js_heap_size_used_mb": 14,
    "js_heap_size_limit_mb": 22,
    "gpuFeatures": {
      "2d_canvas": "enabled",
      "direct_rendering_display_compositor": "disabled_off_ok",
      "gpu_compositing": "enabled",
      "multiple_raster_threads": "enabled_on",
      "opengl": "enabled_on",
      "rasterization": "enabled",
      "raw_draw": "disabled_off_ok",
      "skia_graphite": "disabled_off",
      "trees_in_viz": "disabled_off",
      "video_decode": "enabled",
      "video_encode": "disabled_software",
      "vulkan": "disabled_off",
      "webgl": "enabled",
      "webgpu": "enabled",
      "webgpu_on_vk_via_gl_interop": "disabled_off",
      "webnn": "disabled_off"
    },
    "cpu_model": "AMD Ryzen 9 8945HS w/ Radeon 780M Graphics",
    "cpu_logical_core": 16,
    "cpu_clock_speed": 4999,
    "gpuDevice": [
      {
        "active": true,
        "deviceId": 6400,
        "gpuPreference": 0,
        "vendorId": 4098
      },
      {
        "active": false,
        "deviceId": 10464,
        "gpuPreference": 0,
        "vendorId": 4318
      }
    ],
    "machine_model_name": "unknown",
    "machine_model_version": "unknown",
    "crash_db_size_kb": 1
  }
}
[04/23/26, 13:36:34:527] info: Store: SET_HW_ACCEL_AVAILABILITY enabled
[04/23/26, 13:36:34:527] info: Breadcrumb: electron: window.ready-to-show 
{
  "id": 1,
  "url": "[REDACTED]"
}
[04/23/26, 13:36:34:544] info: Breadcrumb: electron: window.maximize 
{
  "id": 1,
  "url": "[REDACTED]"
}
[04/23/26, 13:36:34:544] info: Store: SET_WINDOW_FRAME 
{
  "id": 1,
  "frame": {
    "isMaximized": true
  },
  "fromEvent": true
}
[04/23/26, 13:36:34:545] info: Store: SET_WINDOW_FRAME 
{
  "id": 1,
  "frame": {
    "bounds": {
      "x": 0,
      "y": 0,
      "width": 1270,
      "height": 1394
    }
  },
  "fromEvent": true
}
[04/23/26, 13:36:34:547] info: Breadcrumb: electron: window.focus 
{
  "id": 1,
  "url": "[REDACTED]"
}
[04/23/26, 13:36:34:547] info: Breadcrumb: electron: app.browser-window-focus 
[04/23/26, 13:36:34:547] info: Store: SET_WINDOW_FRAME 
{
  "id": 1,
  "frame": {
    "isFocused": true
  },
  "fromEvent": true
}
[04/23/26, 13:36:35:547] info: Store: UPDATE_SETTINGS 
{
  "mainWindowSettings": {
    "fullScreen": false,
    "maximized": true,
    "bounds": {
      "width": 1200,
      "height": 864,
      "x": 2120,
      "y": 288
    }
  }
}
[04/23/26, 13:36:35:548] info: Store: SET_WINDOW_FRAME 
{
  "id": 1,
  "frame": {
    "bounds": {
      "x": 0,
      "y": 0,
      "width": 1261,
      "height": 1390
    }
  },
  "fromEvent": true
}
[04/23/26, 13:36:37:452] info: Store: persist/FLUSH 
[04/23/26, 13:36:38:196] info: Store: SET_WINDOW_FRAME 
{
  "id": 1,
  "frame": {
    "bounds": {
      "x": 0,
      "y": 0,
      "width": 2536,
      "height": 1390
    }
  },
  "fromEvent": true
}
[04/23/26, 13:36:38:197] info: Store: UPDATE_SETTINGS 
{
  "mainWindowSettings": {
    "fullScreen": false,
    "maximized": true,
    "bounds": {
      "width": 1200,
      "height": 864,
      "x": 2120,
      "y": 288
    }
  }
}
[04/23/26, 13:36:40:010] info: actionForExternalWindowURL: Opening external window 
[04/23/26, 13:36:40:013] info: openExternal: Successfully opened external URL 
{
  "protocol": "https:",
  "trigger": 0
}
[04/23/26, 13:36:40:127] info: Breadcrumb: electron: window.blur 
{
  "id": 1,
  "url": "[REDACTED]"
}
[04/23/26, 13:36:40:128] info: Breadcrumb: electron: app.browser-window-blur 
[04/23/26, 13:36:40:128] info: Store: SET_WINDOW_FRAME 
{
  "id": 1,
  "frame": {
    "isFocused": false
  },
  "fromEvent": true
}
[04/23/26, 13:37:32:605] info: Breadcrumb: electron.net: undefined 
{
  "url": "[REDACTED]",
  "method": "POST",
  "status_code": 200
}
[04/23/26, 13:37:32:606] info: Store: UPDATE_SETTINGS 
{
  "lastClogForProxyInfo": 1776944252606
}
[04/23/26, 13:37:42:619] info: Breadcrumb: electron.net: undefined 
{
  "url": "[REDACTED]",
  "method": "POST",
  "status_code": 200
}
[04/23/26, 13:37:42:741] info: Breadcrumb: electron.net: undefined 
{
  "url": "[REDACTED]",
  "method": "POST",
  "status_code": 200
}
[04/23/26, 13:37:42:864] info: Breadcrumb: electron.net: undefined 
{
  "url": "[REDACTED]",
  "method": "POST",
  "status_code": 200
}
[04/23/26, 13:38:09:373] info: Breadcrumb: electron: app.second-instance 
[04/23/26, 13:38:09:373] info: secondInstanceEpic: Received deep link protocol activation 
[04/23/26, 13:38:09:373] info: Store: HANDLE_DEEP_LINK 
{
  "url": "[REDACTED]"
}
[04/23/26, 13:38:09:374] info: Store: MAGIC_LOGIN_IN_PROGRESS true
[04/23/26, 13:38:09:377] info: Breadcrumb: electron: app.web-contents-created 
[04/23/26, 13:38:09:377] info: Breadcrumb: electron: app.browser-window-created 
[04/23/26, 13:38:09:377] info: MagicLogin: Making magic login API request to https://app.slack.com/api/ 
[04/23/26, 13:38:09:378] info: Permission check denied: 
{
  "isMainFrame": true,
  "permission": "media",
  "requestingOrigin": null,
  "requestingUrl": null,
  "securityOrigin": null,
  "mediaType": "video",
  "slackChildWindowRequest": {
    "result": false,
    "reason": "Not child window URL"
  }
}
[04/23/26, 13:38:09:378] info: Permission check denied: 
{
  "isMainFrame": true,
  "permission": "media",
  "requestingOrigin": null,
  "requestingUrl": null,
  "securityOrigin": null,
  "mediaType": "audio",
  "slackChildWindowRequest": {
    "result": false,
    "reason": "Not child window URL"
  }
}
[04/23/26, 13:38:09:378] info: Permission check denied: 
{
  "isMainFrame": true,
  "permission": "web-app-installation",
  "requestingOrigin": null,
  "requestingUrl": null,
  "securityOrigin": null,
  "slackChildWindowRequest": {
    "result": false,
    "reason": "Not child window URL"
  }
}
[04/23/26, 13:38:09:378] info: Permission check denied: 
{
  "isMainFrame": true,
  "permission": "geolocation",
  "requestingOrigin": null,
  "requestingUrl": null,
  "securityOrigin": null,
  "slackChildWindowRequest": {
    "result": false,
    "reason": "Not child window URL"
  }
}
[04/23/26, 13:38:09:380] info: Store: FOCUS_WINDOW 
[04/23/26, 13:38:09:382] info: registerLifeCycleEvents: Registering webContents:2 
[04/23/26, 13:38:09:383] info: Store: UPSERT_WEB_CONTENTS 
{
  "id": 2,
  "state": "unloaded"
}
[04/23/26, 13:38:09:385] info: Breadcrumb: electron: window.focus 
{
  "id": 1,
  "url": "[REDACTED]"
}
[04/23/26, 13:38:09:385] info: Breadcrumb: electron: app.browser-window-focus 
[04/23/26, 13:38:09:386] info: Store: SET_WINDOW_FRAME 
{
  "id": 1,
  "frame": {
    "isFocused": true
  },
  "fromEvent": true
}
[04/23/26, 13:38:09:387] info: Breadcrumb: electron: screen.display-metrics-changed 
[04/23/26, 13:38:09:387] info: Store: DISPLAY_METRICS_CHANGED 
[04/23/26, 13:38:09:790] info: waitAuthCookieChange: Received new lc cookie 
[04/23/26, 13:38:09:795] info: Permission check granted: 
{
  "isMainFrame": true,
  "permission": "media",
  "requestingOrigin": "https://app.slack.com/",
  "requestingUrl": "https://app.slack.com/ssb/first?redir=%2Fssb%2Fclient",
  "securityOrigin": null,
  "mediaType": "video",
  "slackChildWindowRequest": {
    "result": false,
    "reason": "Not child window URL"
  }
}
[04/23/26, 13:38:09:796] info: Permission check granted: 
{
  "isMainFrame": true,
  "permission": "media",
  "requestingOrigin": "https://app.slack.com/",
  "requestingUrl": "https://app.slack.com/ssb/first?redir=%2Fssb%2Fclient",
  "securityOrigin": null,
  "mediaType": "audio",
  "slackChildWindowRequest": {
    "result": false,
    "reason": "Not child window URL"
  }
}
[04/23/26, 13:38:09:796] info: Permission check granted: 
{
  "isMainFrame": true,
  "permission": "web-app-installation",
  "requestingOrigin": "https://app.slack.com/",
  "requestingUrl": "https://app.slack.com/ssb/first?redir=%2Fssb%2Fclient",
  "securityOrigin": null,
  "slackChildWindowRequest": {
    "result": false,
    "reason": "Not child window URL"
  }
}
[04/23/26, 13:38:09:796] info: Permission check granted: 
{
  "isMainFrame": true,
  "permission": "geolocation",
  "requestingOrigin": "https://app.slack.com/",
  "requestingUrl": "https://app.slack.com/ssb/first?redir=%2Fssb%2Fclient",
  "securityOrigin": null,
  "slackChildWindowRequest": {
    "result": false,
    "reason": "Not child window URL"
  }
}
[04/23/26, 13:38:09:797] info: Store: UPSERT_WEB_CONTENTS 
{
  "id": 1,
  "history": "[REDACTED]"
}
[04/23/26, 13:38:09:808] info: Breadcrumb: electron: renderer.dom-ready 
{
  "id": 2,
  "url": "[REDACTED]"
}
[04/23/26, 13:38:09:808] info: registerLifeCycleEvents: webContents:2 from 'unloaded' to 'loaded' took 426 ms 
[04/23/26, 13:38:09:808] info: Store: UPSERT_WEB_CONTENTS 
{
  "id": 2,
  "state": "loaded"
}
[04/23/26, 13:38:09:811] info: registerLifeCycleEvents: webContents:2 is type 'auth' 
[04/23/26, 13:38:09:811] info: Store: UPSERT_WEB_CONTENTS 
{
  "id": 2,
  "type": "auth",
  "history": "[REDACTED]"
}
[04/23/26, 13:38:09:812] info: Breadcrumb: electron: window.ready-to-show 
{
  "id": 2,
  "url": "[REDACTED]"
}
[04/23/26, 13:38:09:813] info: MagicLogin: Flushed cookies to disk before closing auth window 
[04/23/26, 13:38:09:813] info: Breadcrumb: electron: window.close 
{
  "id": 2,
  "url": "[REDACTED]"
}
[04/23/26, 13:38:09:813] info: registerLifeCycleEvents: webContents:2 from 'loaded' to 'page-closed' took 2 ms 
[04/23/26, 13:38:09:813] info: Store: UPSERT_WEB_CONTENTS 
{
  "id": 2,
  "state": "page-closed"
}
[04/23/26, 13:38:09:814] info: Store: MAGIC_LOGIN_IN_PROGRESS 
[04/23/26, 13:38:09:815] info: Breadcrumb: electron: renderer.destroyed 
{
  "id": 2,
  "url": "[REDACTED]"
}
[04/23/26, 13:38:09:815] info: Store: REMOVE_WEB_CONTENTS 
{
  "id": 2
}
[04/23/26, 13:38:09:817] info: Breadcrumb: electron: window.closed 
{
  "id": 2,
  "url": "[REDACTED]"
}
[04/23/26, 13:38:10:204] info: Breadcrumb: electron: renderer.dom-ready 
{
  "id": 1,
  "url": "[REDACTED]"
}
[04/23/26, 13:38:10:205] info: registerLifeCycleEvents: webContents:1 from 'loaded' to 'loaded' took 408 ms 
[04/23/26, 13:38:10:205] info: Store: UPSERT_WEB_CONTENTS 
{
  "id": 1,
  "state": "loaded"
}
[04/23/26, 13:38:10:295] info: Breadcrumb: electron: window.ready-to-show 
{
  "id": 1,
  "url": "[REDACTED]"
}
[04/23/26, 13:38:10:685] info: Store: UPDATE_SETTINGS 
{
  "userTheme": "dark"
}
[04/23/26, 13:38:10:686] info: Store: UPDATE_SETTINGS 
{
  "systemThemeSyncEnabled": true
}
[04/23/26, 13:38:11:159] info: waitAuthCookieChange: waiting for auth change for session 
{
  "sessionId": "PROD_DEFAULT_SESSION"
}
[04/23/26, 13:38:11:160] info: Permission check granted: 
{
  "isMainFrame": true,
  "permission": "background-sync",
  "requestingOrigin": "https://app.slack.com/",
  "requestingUrl": "https://app.slack.com/client",
  "securityOrigin": null,
  "slackChildWindowRequest": {
    "result": false,
    "reason": "Not child window URL"
  }
}
[04/23/26, 13:38:11:161] info: Permission check denied: 
{
  "isMainFrame": false,
  "permission": "media",
  "requestingOrigin": "https://app.slack.com/",
  "requestingUrl": null,
  "securityOrigin": null,
  "mediaType": "video",
  "slackChildWindowRequest": false
}
[04/23/26, 13:38:11:161] info: Permission check denied: 
{
  "isMainFrame": false,
  "permission": "media",
  "requestingOrigin": "https://app.slack.com/",
  "requestingUrl": null,
  "securityOrigin": null,
  "mediaType": "audio",
  "slackChildWindowRequest": false
}
[04/23/26, 13:38:11:161] info: Permission check denied: 
{
  "isMainFrame": false,
  "permission": "web-app-installation",
  "requestingOrigin": "https://app.slack.com/",
  "requestingUrl": null,
  "securityOrigin": null,
  "slackChildWindowRequest": false
}
[04/23/26, 13:38:11:161] info: Permission check denied: 
{
  "isMainFrame": false,
  "permission": "geolocation",
  "requestingOrigin": "https://app.slack.com/",
  "requestingUrl": null,
  "securityOrigin": null,
  "slackChildWindowRequest": false
}
[04/23/26, 13:38:11:301] info: Store: SET_NETWORK_STATUS online
[04/23/26, 13:38:11:305] info: Permission check granted: 
{
  "isMainFrame": true,
  "permission": "media",
  "requestingOrigin": "https://app.slack.com/",
  "requestingUrl": "https://app.slack.com/client",
  "securityOrigin": null,
  "mediaType": "video",
  "slackChildWindowRequest": {
    "result": false,
    "reason": "Not child window URL"
  }
}
[04/23/26, 13:38:11:305] info: Permission check granted: 
{
  "isMainFrame": true,
  "permission": "media",
  "requestingOrigin": "https://app.slack.com/",
  "requestingUrl": "https://app.slack.com/client",
  "securityOrigin": null,
  "mediaType": "audio",
  "slackChildWindowRequest": {
    "result": false,
    "reason": "Not child window URL"
  }
}
[04/23/26, 13:38:11:305] info: Permission check granted: 
{
  "isMainFrame": true,
  "permission": "web-app-installation",
  "requestingOrigin": "https://app.slack.com/",
  "requestingUrl": "https://app.slack.com/client",
  "securityOrigin": null,
  "slackChildWindowRequest": {
    "result": false,
    "reason": "Not child window URL"
  }
}
[04/23/26, 13:38:11:305] info: Permission check granted: 
{
  "isMainFrame": true,
  "permission": "geolocation",
  "requestingOrigin": "https://app.slack.com/",
  "requestingUrl": "https://app.slack.com/client",
  "securityOrigin": null,
  "slackChildWindowRequest": {
    "result": false,
    "reason": "Not child window URL"
  }
}
[04/23/26, 13:38:11:321] info: Store: SELECTION_CHANGED TP17WPBDX
[04/23/26, 13:38:11:353] info: Permission check denied: 
{
  "isMainFrame": false,
  "permission": "media",
  "requestingOrigin": "https://app.slack.com/",
  "requestingUrl": null,
  "securityOrigin": null,
  "mediaType": "video",
  "slackChildWindowRequest": false
}
[04/23/26, 13:38:11:353] info: Permission check denied: 
{
  "isMainFrame": false,
  "permission": "media",
  "requestingOrigin": "https://app.slack.com/",
  "requestingUrl": null,
  "securityOrigin": null,
  "mediaType": "audio",
  "slackChildWindowRequest": false
}
[04/23/26, 13:38:11:353] info: Permission check denied: 
{
  "isMainFrame": false,
  "permission": "web-app-installation",
  "requestingOrigin": "https://app.slack.com/",
  "requestingUrl": null,
  "securityOrigin": null,
  "slackChildWindowRequest": false
}
[04/23/26, 13:38:11:353] info: Permission check denied: 
{
  "isMainFrame": false,
  "permission": "geolocation",
  "requestingOrigin": "https://app.slack.com/",
  "requestingUrl": null,
  "securityOrigin": null,
  "slackChildWindowRequest": false
}
[04/23/26, 13:38:12:210] info: Store: REDUX_UPDATE_FROM_WEBAPP (TP17WPBDX) Changed keys [theme,notificationPrefs,connectivityPrefs,featureFlags,unreads,locale,version,frontendBuildType,userId]
[04/23/26, 13:38:12:222] info: Store: REDUX_UPDATE_FROM_WEBAPP (TP17WPBDX) Changed keys [userId]
[04/23/26, 13:38:12:235] info: Store: REDUX_UPDATE_FROM_WEBAPP (TP17WPBDX) Changed keys [notificationPrefs,unreads]
[04/23/26, 13:38:12:243] info: Store: REDUX_UPDATE_FROM_WEBAPP (TP17WPBDX) Changed keys [connectivityPrefs]
[04/23/26, 13:38:12:282] info: Store: REDUX_UPDATE_FROM_WEBAPP (TP17WPBDX) Changed keys [unreads]
[04/23/26, 13:38:12:284] info: Store: STORE_USER_WORKSPACES 
{
  "userTeamId": "TP17WPBDX",
  "workspaceIds": [
    "TP17WPBDX"
  ]
}
[04/23/26, 13:38:12:290] info: Store: SELECTION_CHANGED TP17WPBDX
[04/23/26, 13:38:12:301] info: Permission check granted: 
{
  "isMainFrame": true,
  "permission": "media",
  "requestingOrigin": "https://app.slack.com/",
  "requestingUrl": "https://app.slack.com/client/TP17WPBDX",
  "securityOrigin": null,
  "mediaType": "video",
  "slackChildWindowRequest": {
    "result": false,
    "reason": "Not child window URL"
  }
}
[04/23/26, 13:38:12:301] info: Permission check granted: 
{
  "isMainFrame": true,
  "permission": "media",
  "requestingOrigin": "https://app.slack.com/",
  "requestingUrl": "https://app.slack.com/client/TP17WPBDX",
  "securityOrigin": null,
  "mediaType": "audio",
  "slackChildWindowRequest": {
    "result": false,
    "reason": "Not child window URL"
  }
}
[04/23/26, 13:38:12:301] info: Permission check granted: 
{
  "isMainFrame": true,
  "permission": "web-app-installation",
  "requestingOrigin": "https://app.slack.com/",
  "requestingUrl": "https://app.slack.com/client/TP17WPBDX",
  "securityOrigin": null,
  "slackChildWindowRequest": {
    "result": false,
    "reason": "Not child window URL"
  }
}
[04/23/26, 13:38:12:301] info: Permission check granted: 
{
  "isMainFrame": true,
  "permission": "geolocation",
  "requestingOrigin": "https://app.slack.com/",
  "requestingUrl": "https://app.slack.com/client/TP17WPBDX",
  "securityOrigin": null,
  "slackChildWindowRequest": {
    "result": false,
    "reason": "Not child window URL"
  }
}
[04/23/26, 13:38:12:392] info: Permission check granted: 
{
  "isMainFrame": true,
  "permission": "media",
  "requestingOrigin": "https://app.slack.com/client/TP17WPBDX/CP7LSE3KP",
  "requestingUrl": "https://app.slack.com/client/TP17WPBDX/CP7LSE3KP",
  "securityOrigin": "https://app.slack.com/",
  "mediaType": "audio",
  "slackChildWindowRequest": {
    "result": false,
    "reason": "Not child window URL"
  }
}
[04/23/26, 13:38:12:392] info: Permission check granted: 
{
  "isMainFrame": true,
  "permission": "speaker-selection",
  "requestingOrigin": "https://app.slack.com/",
  "requestingUrl": "https://app.slack.com/client/TP17WPBDX/CP7LSE3KP",
  "securityOrigin": null,
  "slackChildWindowRequest": {
    "result": false,
    "reason": "Not child window URL"
  }
}
[04/23/26, 13:38:12:392] info: Permission check granted: 
{
  "isMainFrame": true,
  "permission": "media",
  "requestingOrigin": "https://app.slack.com/client/TP17WPBDX/CP7LSE3KP",
  "requestingUrl": "https://app.slack.com/client/TP17WPBDX/CP7LSE3KP",
  "securityOrigin": "https://app.slack.com/",
  "mediaType": "video",
  "slackChildWindowRequest": {
    "result": false,
    "reason": "Not child window URL"
  }
}
[04/23/26, 13:38:12:399] info: Store: EXTEND_MENU global: menucategory-file,menucategory-view,menucategory-jump-to
[04/23/26, 13:38:12:403] info: Store: EXTEND_MENU TP17WPBDX: menucategory-file,menucategory-view,menucategory-edit,menucategory-help,menucategory-history
[04/23/26, 13:38:12:406] info: Store: UPDATE_SETTINGS 
{
  "zoomLevel": 0
}
[04/23/26, 13:38:12:426] info: Breadcrumb: electron: screen.display-metrics-changed 
[04/23/26, 13:38:12:426] info: Store: DISPLAY_METRICS_CHANGED 
[04/23/26, 13:38:12:541] info: Store: SYNC Synced 1 workspaces with IDs [TP17WPBDX]
[04/23/26, 13:38:12:547] info: registerLifeCycleEvents: webContents:1 from 'loaded' to 'webapp-loaded' took 2341 ms 
[04/23/26, 13:38:12:547] info: Store: UPSERT_WEB_CONTENTS 
{
  "id": 1,
  "state": "webapp-loaded"
}
[04/23/26, 13:38:12:548] info: Initial Boot Timestamp: 1776944191624
      Boot Phase: WEBAPP_LOADED
      Duration: 99214ms
      From Boot to WEBAPP_LOADED: 100923ms
      Invoked on Startup: false
      CPU Speed: 100 
[04/23/26, 13:38:12:548] info: Store: RECORD_PERFORMANCE_TIMING 
{
  "phase": 3,
  "interval": 99214
}
[04/23/26, 13:38:12:557] info: Permission check granted: 
{
  "isMainFrame": true,
  "permission": "media",
  "requestingOrigin": "https://app.slack.com/client/TP17WPBDX/CP7LSE3KP",
  "requestingUrl": "https://app.slack.com/client/TP17WPBDX/CP7LSE3KP",
  "securityOrigin": "https://app.slack.com/",
  "mediaType": "audio",
  "slackChildWindowRequest": {
    "result": false,
    "reason": "Not child window URL"
  }
}
[04/23/26, 13:38:12:557] info: Permission check granted: 
{
  "isMainFrame": true,
  "permission": "speaker-selection",
  "requestingOrigin": "https://app.slack.com/",
  "requestingUrl": "https://app.slack.com/client/TP17WPBDX/CP7LSE3KP",
  "securityOrigin": null,
  "slackChildWindowRequest": {
    "result": false,
    "reason": "Not child window URL"
  }
}
[04/23/26, 13:38:12:557] info: Permission check granted: 
{
  "isMainFrame": true,
  "permission": "media",
  "requestingOrigin": "https://app.slack.com/client/TP17WPBDX/CP7LSE3KP",
  "requestingUrl": "https://app.slack.com/client/TP17WPBDX/CP7LSE3KP",
  "securityOrigin": "https://app.slack.com/",
  "mediaType": "video",
  "slackChildWindowRequest": {
    "result": false,
    "reason": "Not child window URL"
  }
}
[04/23/26, 13:38:12:662] info: Breadcrumb: electron.net: undefined 
{
  "url": "[REDACTED]",
  "method": "POST",
  "status_code": 200
}
[04/23/26, 13:38:13:545] info: Store: REDUX_UPDATE_FROM_WEBAPP (TP17WPBDX) Changed keys [unreads]
[04/23/26, 13:38:13:874] info: Store: EXTEND_MENU TP17WPBDX: menucategory-file,menucategory-view,menucategory-edit,menucategory-help,menucategory-history
[04/23/26, 13:38:17:393] info: Permission check granted: 
{
  "isMainFrame": true,
  "permission": "media",
  "requestingOrigin": "https://app.slack.com/client/TP17WPBDX/CP7LSE3KP",
  "requestingUrl": "https://app.slack.com/client/TP17WPBDX/CP7LSE3KP",
  "securityOrigin": "https://app.slack.com/",
  "mediaType": "audio",
  "slackChildWindowRequest": {
    "result": false,
    "reason": "Not child window URL"
  }
}
[04/23/26, 13:38:17:393] info: Permission check granted: 
{
  "isMainFrame": true,
  "permission": "speaker-selection",
  "requestingOrigin": "https://app.slack.com/",
  "requestingUrl": "https://app.slack.com/client/TP17WPBDX/CP7LSE3KP",
  "securityOrigin": null,
  "slackChildWindowRequest": {
    "result": false,
    "reason": "Not child window URL"
  }
}
[04/23/26, 13:38:17:393] info: Permission check granted: 
{
  "isMainFrame": true,
  "permission": "media",
  "requestingOrigin": "https://app.slack.com/client/TP17WPBDX/CP7LSE3KP",
  "requestingUrl": "https://app.slack.com/client/TP17WPBDX/CP7LSE3KP",
  "securityOrigin": "https://app.slack.com/",
  "mediaType": "video",
  "slackChildWindowRequest": {
    "result": false,
    "reason": "Not child window URL"
  }
}
[04/23/26, 13:38:17:510] info: Permission check granted: 
{
  "isMainFrame": true,
  "permission": "media",
  "requestingOrigin": "https://app.slack.com/client/TP17WPBDX/CP7LSE3KP",
  "requestingUrl": "https://app.slack.com/client/TP17WPBDX/CP7LSE3KP",
  "securityOrigin": "https://app.slack.com/",
  "mediaType": "audio",
  "slackChildWindowRequest": {
    "result": false,
    "reason": "Not child window URL"
  }
}
[04/23/26, 13:38:17:510] info: Permission check granted: 
{
  "isMainFrame": true,
  "permission": "speaker-selection",
  "requestingOrigin": "https://app.slack.com/",
  "requestingUrl": "https://app.slack.com/client/TP17WPBDX/CP7LSE3KP",
  "securityOrigin": null,
  "slackChildWindowRequest": {
    "result": false,
    "reason": "Not child window URL"
  }
}
[04/23/26, 13:38:17:510] info: Permission check granted: 
{
  "isMainFrame": true,
  "permission": "media",
  "requestingOrigin": "https://app.slack.com/client/TP17WPBDX/CP7LSE3KP",
  "requestingUrl": "https://app.slack.com/client/TP17WPBDX/CP7LSE3KP",
  "securityOrigin": "https://app.slack.com/",
  "mediaType": "video",
  "slackChildWindowRequest": {
    "result": false,
    "reason": "Not child window URL"
  }
}
[04/23/26, 13:38:17:542] info: Store: persist/FLUSH 
[04/23/26, 13:38:18:535] info: Breadcrumb: electron: window.blur 
{
  "id": 1,
  "url": "[REDACTED]"
}
[04/23/26, 13:38:18:536] info: Breadcrumb: electron: app.browser-window-blur 
[04/23/26, 13:38:18:536] info: Store: SET_WINDOW_FRAME 
{
  "id": 1,
  "frame": {
    "isFocused": false
  },
  "fromEvent": true
}
[04/23/26, 13:38:52:618] info: Breadcrumb: electron.net: undefined 
{
  "url": "[REDACTED]",
  "method": "POST",
  "status_code": 200
}
[04/23/26, 13:39:34:775] info: Breadcrumb: electron: window.focus 
{
  "id": 1,
  "url": "[REDACTED]"
}
[04/23/26, 13:39:34:775] info: Breadcrumb: electron: app.browser-window-focus 
[04/23/26, 13:39:34:775] info: Store: SET_WINDOW_FRAME 
{
  "id": 1,
  "frame": {
    "isFocused": true
  },
  "fromEvent": true
}
[04/23/26, 13:39:35:708] info: Breadcrumb: electron: window.blur 
{
  "id": 1,
  "url": "[REDACTED]"
}
[04/23/26, 13:39:35:708] info: Breadcrumb: electron: app.browser-window-blur 
[04/23/26, 13:39:35:708] info: Store: SET_WINDOW_FRAME 
{
  "id": 1,
  "frame": {
    "isFocused": false
  },
  "fromEvent": true
}
[04/23/26, 13:40:01:059] info: Breadcrumb: electron: window.focus 
{
  "id": 1,
  "url": "[REDACTED]"
}
[04/23/26, 13:40:01:059] info: Breadcrumb: electron: app.browser-window-focus 
[04/23/26, 13:40:01:059] info: Store: SET_WINDOW_FRAME 
{
  "id": 1,
  "frame": {
    "isFocused": true
  },
  "fromEvent": true
}
[04/23/26, 13:40:01:687] info: Breadcrumb: electron: window.blur 
{
  "id": 1,
  "url": "[REDACTED]"
}
[04/23/26, 13:40:01:687] info: Breadcrumb: electron: app.browser-window-blur 
[04/23/26, 13:40:01:687] info: Store: SET_WINDOW_FRAME 
{
  "id": 1,
  "frame": {
    "isFocused": false
  },
  "fromEvent": true
}
[04/23/26, 13:40:05:099] info: Breadcrumb: electron: window.focus 
{
  "id": 1,
  "url": "[REDACTED]"
}
[04/23/26, 13:40:05:099] info: Breadcrumb: electron: app.browser-window-focus 
[04/23/26, 13:40:05:100] info: Store: SET_WINDOW_FRAME 
{
  "id": 1,
  "frame": {
    "isFocused": true
  },
  "fromEvent": true
}
[04/23/26, 13:40:05:306] info: Breadcrumb: electron: window.blur 
{
  "id": 1,
  "url": "[REDACTED]"
}
[04/23/26, 13:40:05:307] info: Breadcrumb: electron: app.browser-window-blur 
[04/23/26, 13:40:05:307] info: Store: SET_WINDOW_FRAME 
{
  "id": 1,
  "frame": {
    "isFocused": false
  },
  "fromEvent": true
}
[04/23/26, 13:43:12:814] info: Permission check granted: 
{
  "isMainFrame": true,
  "permission": "notifications",
  "requestingOrigin": "https://app.slack.com/",
  "requestingUrl": "https://app.slack.com/client/TP17WPBDX/CP7LSE3KP",
  "securityOrigin": null,
  "slackChildWindowRequest": {
    "result": false,
    "reason": "Not child window URL"
  }
}
[04/23/26, 13:43:12:814] info: Permission check granted: 
{
  "isMainFrame": true,
  "permission": "notifications",
  "requestingOrigin": "https://app.slack.com/",
  "requestingUrl": "https://app.slack.com/client/TP17WPBDX/CP7LSE3KP",
  "securityOrigin": null,
  "slackChildWindowRequest": {
    "result": false,
    "reason": "Not child window URL"
  }
}
[04/23/26, 13:50:38:053] info: Breadcrumb: electron: window.focus 
{
  "id": 1,
  "url": "[REDACTED]"
}
[04/23/26, 13:50:38:053] info: Breadcrumb: electron: app.browser-window-focus 
[04/23/26, 13:50:38:054] info: Store: SET_WINDOW_FRAME 
{
  "id": 1,
  "frame": {
    "isFocused": true
  },
  "fromEvent": true
}
[04/23/26, 13:50:39:097] info: Breadcrumb: electron: window.blur 
{
  "id": 1,
  "url": "[REDACTED]"
}
[04/23/26, 13:50:39:097] info: Breadcrumb: electron: app.browser-window-blur 
[04/23/26, 13:50:39:098] info: Store: SET_WINDOW_FRAME 
{
  "id": 1,
  "frame": {
    "isFocused": false
  },
  "fromEvent": true
}
[04/23/26, 13:55:54:663] info: Breadcrumb: electron: window.focus 
{
  "id": 1,
  "url": "[REDACTED]"
}
[04/23/26, 13:55:54:663] info: Breadcrumb: electron: app.browser-window-focus 
[04/23/26, 13:55:54:664] info: Store: SET_WINDOW_FRAME 
{
  "id": 1,
  "frame": {
    "isFocused": true
  },
  "fromEvent": true
}
[04/23/26, 13:55:56:588] info: Breadcrumb: electron: window.blur 
{
  "id": 1,
  "url": "[REDACTED]"
}
[04/23/26, 13:55:56:588] info: Breadcrumb: electron: app.browser-window-blur 
[04/23/26, 13:55:56:588] info: Store: SET_WINDOW_FRAME 
{
  "id": 1,
  "frame": {
    "isFocused": false
  },
  "fromEvent": true
}
[04/23/26, 14:09:06:553] info: Breadcrumb: electron: window.focus 
{
  "id": 1,
  "url": "[REDACTED]"
}
[04/23/26, 14:09:06:553] info: Breadcrumb: electron: app.browser-window-focus 
[04/23/26, 14:09:06:554] info: Store: SET_WINDOW_FRAME 
{
  "id": 1,
  "frame": {
    "isFocused": true
  },
  "fromEvent": true
}
[04/23/26, 14:09:06:919] info: Breadcrumb: electron: window.blur 
{
  "id": 1,
  "url": "[REDACTED]"
}
[04/23/26, 14:09:06:919] info: Breadcrumb: electron: app.browser-window-blur 
[04/23/26, 14:09:06:920] info: Store: SET_WINDOW_FRAME 
{
  "id": 1,
  "frame": {
    "isFocused": false
  },
  "fromEvent": true
}
[04/23/26, 14:09:08:725] info: Breadcrumb: electron: window.focus 
{
  "id": 1,
  "url": "[REDACTED]"
}
[04/23/26, 14:09:08:725] info: Breadcrumb: electron: app.browser-window-focus 
[04/23/26, 14:09:08:725] info: Store: SET_WINDOW_FRAME 
{
  "id": 1,
  "frame": {
    "isFocused": true
  },
  "fromEvent": true
}
[04/23/26, 14:09:09:909] info: Breadcrumb: electron: window.blur 
{
  "id": 1,
  "url": "[REDACTED]"
}
[04/23/26, 14:09:09:909] info: Breadcrumb: electron: app.browser-window-blur 
[04/23/26, 14:09:09:909] info: Store: SET_WINDOW_FRAME 
{
  "id": 1,
  "frame": {
    "isFocused": false
  },
  "fromEvent": true
}
[04/23/26, 14:10:40:945] info: Store: SET_WINDOW_FRAME 
{
  "id": 1,
  "frame": {
    "bounds": {
      "x": 0,
      "y": 0,
      "width": 2536,
      "height": 1416
    }
  },
  "fromEvent": true
}
[04/23/26, 14:10:40:946] info: Store: UPDATE_SETTINGS 
{
  "mainWindowSettings": {
    "fullScreen": false,
    "maximized": true,
    "bounds": {
      "width": 1200,
      "height": 864,
      "x": 2120,
      "y": 288
    }
  }
}
[04/23/26, 14:19:46:138] info: Breadcrumb: electron: screen.display-metrics-changed 
[04/23/26, 14:19:46:138] info: Store: DISPLAY_METRICS_CHANGED 
[04/23/26, 14:19:46:139] info: Breadcrumb: electron: screen.display-metrics-changed 
[04/23/26, 14:19:46:139] info: Store: DISPLAY_METRICS_CHANGED 
[04/23/26, 14:19:46:139] info: Breadcrumb: electron: screen.display-metrics-changed 
[04/23/26, 14:19:46:139] info: Store: DISPLAY_METRICS_CHANGED 
[04/23/26, 14:19:46:192] info: Breadcrumb: electron: screen.display-metrics-changed 
[04/23/26, 14:19:46:193] info: Store: DISPLAY_METRICS_CHANGED 
[04/23/26, 14:19:46:193] info: Breadcrumb: electron: screen.display-metrics-changed 
[04/23/26, 14:19:46:193] info: Store: DISPLAY_METRICS_CHANGED 
[04/23/26, 14:19:46:230] info: Breadcrumb: electron: screen.display-added 
[04/23/26, 14:19:46:230] info: Store: DISPLAY_ADDED 
[04/23/26, 14:19:46:231] info: Breadcrumb: electron: screen.display-metrics-changed 
[04/23/26, 14:19:46:231] info: Store: DISPLAY_METRICS_CHANGED 
[04/23/26, 14:19:46:238] info: Breadcrumb: electron: screen.display-metrics-changed 
[04/23/26, 14:19:46:238] info: Store: DISPLAY_METRICS_CHANGED 
[04/23/26, 14:19:55:521] info: Breadcrumb: electron: screen.display-metrics-changed 
[04/23/26, 14:19:55:521] info: Store: DISPLAY_METRICS_CHANGED 
[04/23/26, 14:19:55:522] info: Breadcrumb: electron: screen.display-removed 
[04/23/26, 14:19:55:522] info: Store: DISPLAY_REMOVED 
[04/23/26, 14:19:55:522] info: Breadcrumb: electron: screen.display-metrics-changed 
[04/23/26, 14:19:55:522] info: Store: DISPLAY_METRICS_CHANGED 
[04/23/26, 14:19:55:523] info: Breadcrumb: electron: screen.display-metrics-changed 
[04/23/26, 14:19:55:523] info: Store: DISPLAY_METRICS_CHANGED 
[04/23/26, 14:20:03:869] info: Breadcrumb: electron: screen.display-metrics-changed 
[04/23/26, 14:20:03:869] info: Store: DISPLAY_METRICS_CHANGED 
[04/23/26, 14:20:03:870] info: Breadcrumb: electron: screen.display-metrics-changed 
[04/23/26, 14:20:03:870] info: Store: DISPLAY_METRICS_CHANGED 
[04/23/26, 14:20:03:870] info: Breadcrumb: electron: screen.display-metrics-changed 
[04/23/26, 14:20:03:871] info: Store: DISPLAY_METRICS_CHANGED 
[04/23/26, 14:20:03:927] info: Breadcrumb: electron: screen.display-metrics-changed 
[04/23/26, 14:20:03:928] info: Store: DISPLAY_METRICS_CHANGED 
[04/23/26, 14:20:03:929] info: Breadcrumb: electron: screen.display-metrics-changed 
[04/23/26, 14:20:03:929] info: Store: DISPLAY_METRICS_CHANGED 
[04/23/26, 14:20:03:930] info: Breadcrumb: electron: screen.display-added 
[04/23/26, 14:20:03:930] info: Store: DISPLAY_ADDED 
[04/23/26, 14:20:03:931] info: Breadcrumb: electron: screen.display-metrics-changed 
[04/23/26, 14:20:03:931] info: Store: DISPLAY_METRICS_CHANGED 
[04/23/26, 14:20:03:931] info: Breadcrumb: electron: screen.display-metrics-changed 
[04/23/26, 14:20:03:931] info: Store: DISPLAY_METRICS_CHANGED 
[04/23/26, 14:20:19:389] info: Breadcrumb: electron: screen.display-metrics-changed 
[04/23/26, 14:20:19:389] info: Store: DISPLAY_METRICS_CHANGED 
[04/23/26, 14:20:19:390] info: Breadcrumb: electron: screen.display-removed 
[04/23/26, 14:20:19:390] info: Store: DISPLAY_REMOVED 
[04/23/26, 14:20:19:390] info: Breadcrumb: electron: screen.display-metrics-changed 
[04/23/26, 14:20:19:390] info: Store: DISPLAY_METRICS_CHANGED 
[04/23/26, 14:20:19:390] info: Breadcrumb: electron: screen.display-metrics-changed 
[04/23/26, 14:20:19:390] info: Store: DISPLAY_METRICS_CHANGED 
[04/23/26, 14:20:19:435] info: Breadcrumb: electron: screen.display-metrics-changed 
[04/23/26, 14:20:19:435] info: Store: DISPLAY_METRICS_CHANGED 
[04/23/26, 14:20:19:436] info: Breadcrumb: electron: screen.display-metrics-changed 
[04/23/26, 14:20:19:436] info: Store: DISPLAY_METRICS_CHANGED 
[04/23/26, 14:20:21:971] info: Breadcrumb: electron: screen.display-metrics-changed 
[04/23/26, 14:20:21:971] info: Store: DISPLAY_METRICS_CHANGED 
[04/23/26, 14:20:21:972] info: Breadcrumb: electron: screen.display-metrics-changed 
[04/23/26, 14:20:21:972] info: Store: DISPLAY_METRICS_CHANGED 
[04/23/26, 14:20:21:973] info: Breadcrumb: electron: screen.display-metrics-changed 
[04/23/26, 14:20:21:973] info: Store: DISPLAY_METRICS_CHANGED 
[04/23/26, 14:20:21:976] info: Breadcrumb: electron: screen.display-added 
[04/23/26, 14:20:21:976] info: Store: DISPLAY_ADDED 
[04/23/26, 14:20:21:976] info: Breadcrumb: electron: screen.display-metrics-changed 
[04/23/26, 14:20:21:976] info: Store: DISPLAY_METRICS_CHANGED 
[04/23/26, 14:20:21:977] info: Breadcrumb: electron: screen.display-metrics-changed 
[04/23/26, 14:20:21:977] info: Store: DISPLAY_METRICS_CHANGED 
[04/23/26, 14:20:27:584] info: Breadcrumb: electron: screen.display-metrics-changed 
[04/23/26, 14:20:27:585] info: Store: DISPLAY_METRICS_CHANGED 
[04/23/26, 14:20:27:585] info: Breadcrumb: electron: screen.display-removed 
[04/23/26, 14:20:27:585] info: Store: DISPLAY_REMOVED 
[04/23/26, 14:20:27:585] info: Breadcrumb: electron: screen.display-metrics-changed 
[04/23/26, 14:20:27:585] info: Store: DISPLAY_METRICS_CHANGED 
[04/23/26, 14:20:27:612] info: Breadcrumb: electron: screen.display-metrics-changed 
[04/23/26, 14:20:27:612] info: Store: DISPLAY_METRICS_CHANGED 
[04/23/26, 14:20:27:613] info: Breadcrumb: electron: screen.display-metrics-changed 
[04/23/26, 14:20:27:613] info: Store: DISPLAY_METRICS_CHANGED 
[04/23/26, 14:20:28:585] info: Store: SET_WINDOW_FRAME 
{
  "id": 1,
  "frame": {
    "bounds": {
      "x": 0,
      "y": 0,
      "width": 2856,
      "height": 1776
    }
  },
  "fromEvent": true
}
[04/23/26, 14:20:28:586] info: Main window moved to display 
{
  "id": 70
}
[04/23/26, 14:20:28:586] info: Store: UPDATE_SETTINGS 
{
  "mainWindowSettings": {
    "fullScreen": false,
    "maximized": true,
    "bounds": {
      "width": 1200,
      "height": 1080,
      "x": 840,
      "y": 360
    }
  }
}
[04/23/26, 14:20:45:300] info: Breadcrumb: electron: window.focus 
{
  "id": 1,
  "url": "[REDACTED]"
}
[04/23/26, 14:20:45:300] info: Breadcrumb: electron: app.browser-window-focus 
[04/23/26, 14:20:45:300] info: Store: SET_WINDOW_FRAME 
{
  "id": 1,
  "frame": {
    "isFocused": true
  },
  "fromEvent": true
}
[04/23/26, 14:20:45:647] info: Breadcrumb: electron: window.blur 
{
  "id": 1,
  "url": "[REDACTED]"
}
[04/23/26, 14:20:45:647] info: Breadcrumb: electron: app.browser-window-blur 
[04/23/26, 14:20:45:648] info: Store: SET_WINDOW_FRAME 
{
  "id": 1,
  "frame": {
    "isFocused": false
  },
  "fromEvent": true
}
[04/23/26, 14:21:40:911] info: Breadcrumb: electron: screen.display-metrics-changed 
[04/23/26, 14:21:40:912] info: Store: DISPLAY_METRICS_CHANGED 
[04/23/26, 14:23:31:474] info: Breadcrumb: electron: window.focus 
{
  "id": 1,
  "url": "[REDACTED]"
}
[04/23/26, 14:23:31:474] info: Breadcrumb: electron: app.browser-window-focus 
[04/23/26, 14:23:31:474] info: Store: SET_WINDOW_FRAME 
{
  "id": 1,
  "frame": {
    "isFocused": true
  },
  "fromEvent": true
}
[04/23/26, 14:23:32:161] info: Breadcrumb: electron: window.blur 
{
  "id": 1,
  "url": "[REDACTED]"
}
[04/23/26, 14:23:32:161] info: Breadcrumb: electron: app.browser-window-blur 
[04/23/26, 14:23:32:162] info: Store: SET_WINDOW_FRAME 
{
  "id": 1,
  "frame": {
    "isFocused": false
  },
  "fromEvent": true
}
[04/23/26, 14:25:54:526] info: Breadcrumb: electron: window.focus 
{
  "id": 1,
  "url": "[REDACTED]"
}
[04/23/26, 14:25:54:526] info: Breadcrumb: electron: app.browser-window-focus 
[04/23/26, 14:25:54:526] info: Store: SET_WINDOW_FRAME 
{
  "id": 1,
  "frame": {
    "isFocused": true
  },
  "fromEvent": true
}
[04/23/26, 14:25:56:790] info: Breadcrumb: electron: window.blur 
{
  "id": 1,
  "url": "[REDACTED]"
}
[04/23/26, 14:25:56:790] info: Breadcrumb: electron: app.browser-window-blur 
[04/23/26, 14:25:56:791] info: Store: SET_WINDOW_FRAME 
{
  "id": 1,
  "frame": {
    "isFocused": false
  },
  "fromEvent": true
}
[04/23/26, 14:26:31:614] info: Breadcrumb: electron: window.focus 
{
  "id": 1,
  "url": "[REDACTED]"
}
[04/23/26, 14:26:31:615] info: Breadcrumb: electron: app.browser-window-focus 
[04/23/26, 14:26:31:615] info: Store: SET_WINDOW_FRAME 
{
  "id": 1,
  "frame": {
    "isFocused": true
  },
  "fromEvent": true
}
[04/23/26, 14:26:32:154] info: Breadcrumb: electron: window.blur 
{
  "id": 1,
  "url": "[REDACTED]"
}
[04/23/26, 14:26:32:154] info: Breadcrumb: electron: app.browser-window-blur 
[04/23/26, 14:26:32:155] info: Store: SET_WINDOW_FRAME 
{
  "id": 1,
  "frame": {
    "isFocused": false
  },
  "fromEvent": true
}
[04/23/26, 14:26:33:450] info: Breadcrumb: electron: window.focus 
{
  "id": 1,
  "url": "[REDACTED]"
}
[04/23/26, 14:26:33:450] info: Breadcrumb: electron: app.browser-window-focus 
[04/23/26, 14:26:33:451] info: Store: SET_WINDOW_FRAME 
{
  "id": 1,
  "frame": {
    "isFocused": true
  },
  "fromEvent": true
}
[04/23/26, 14:26:34:015] info: Breadcrumb: electron: window.blur 
{
  "id": 1,
  "url": "[REDACTED]"
}
[04/23/26, 14:26:34:015] info: Breadcrumb: electron: app.browser-window-blur 
[04/23/26, 14:26:34:015] info: Store: SET_WINDOW_FRAME 
{
  "id": 1,
  "frame": {
    "isFocused": false
  },
  "fromEvent": true
}
[04/23/26, 14:26:37:766] info: Breadcrumb: electron: window.focus 
{
  "id": 1,
  "url": "[REDACTED]"
}
[04/23/26, 14:26:37:767] info: Breadcrumb: electron: app.browser-window-focus 
[04/23/26, 14:26:37:767] info: Store: SET_WINDOW_FRAME 
{
  "id": 1,
  "frame": {
    "isFocused": true
  },
  "fromEvent": true
}
[04/23/26, 14:26:38:039] info: Breadcrumb: electron: window.blur 
{
  "id": 1,
  "url": "[REDACTED]"
}
[04/23/26, 14:26:38:039] info: Breadcrumb: electron: app.browser-window-blur 
[04/23/26, 14:26:38:039] info: Store: SET_WINDOW_FRAME 
{
  "id": 1,
  "frame": {
    "isFocused": false
  },
  "fromEvent": true
}
[04/23/26, 14:29:27:145] info: Store: SET_WINDOW_FRAME 
{
  "id": 1,
  "frame": {
    "bounds": {
      "x": 0,
      "y": 0,
      "width": 2856,
      "height": 1750
    }
  },
  "fromEvent": true
}
[04/23/26, 14:29:27:146] info: Store: UPDATE_SETTINGS 
{
  "mainWindowSettings": {
    "fullScreen": false,
    "maximized": true,
    "bounds": {
      "width": 1200,
      "height": 1080,
      "x": 840,
      "y": 360
    }
  }
}
[04/23/26, 14:36:32:500] info: Feature Check: requesting features from https://app.slack.com/api/ 
[04/23/26, 14:36:32:630] info: Breadcrumb: electron.net: undefined 
{
  "url": "[REDACTED]",
  "method": "GET",
  "status_code": 200
}
[04/23/26, 14:36:32:631] info: Feature Check: received experiments 
{
  "ok": true,
  "experiments": [
    {
      "experiment": "",
      "disable_chrome_features": [
        "PostQuantumKyber"
      ],
      "type": "normal"
    },
    {
      "experiment": "ripcord_document_policy_include_js_call_stacks",
      "enable_chrome_features": [
        "DocumentPolicyIncludeJSCallStacksInCrashReports"
      ],
      "type": "normal"
    },
    {
      "experiment": "ripcord_desktop_disable_windows_display_crash_feature",
      "disable_chrome_features": [
        "SkipEmptyDisplayHotplugEvent"
      ],
      "type": "normal"
    },
    {
      "experiment": "ripcord_force_color_profile",
      "add_browser_command_line_args": [
        "--force-color-profile=display-p3-d65"
      ],
      "type": "normal",
      "filter": {
        "platform": [
          "darwin"
        ]
      }
    },
    {
      "experiment": "ripcord_disable_blink_customizable_select",
      "disable_blink_features": [
        "CustomizableSelect"
      ],
      "type": "normal"
    },
    {
      "experiment": "ripcord_enumerate_devices_relaxed_cache",
      "disable_chrome_features": [
        "EnumerateDevicesRelaxedCache"
      ],
      "type": "normal"
    },
    {
      "experiment": "",
      "enable_slack_features": [
        "desktop_loading_screen"
      ],
      "type": "normal"
    },
    {
      "experiment": "desktop_set_system_notification_playback",
      "enable_slack_features": [
        "set_system_notification_playback"
      ],
      "type": "normal",
      "filter": {
        "platform": [
          "win32"
        ],
        "dist": [
          "MSIX",
          "WinStore"
        ]
      }
    }
  ]
}
[04/23/26, 14:44:12:817] info: Permission check granted: 
{
  "isMainFrame": true,
  "permission": "notifications",
  "requestingOrigin": "https://app.slack.com/",
  "requestingUrl": "https://app.slack.com/client/TP17WPBDX/CP7LSE3KP",
  "securityOrigin": null,
  "slackChildWindowRequest": {
    "result": false,
    "reason": "Not child window URL"
  }
}
[04/23/26, 14:44:12:818] info: Permission check granted: 
{
  "isMainFrame": true,
  "permission": "notifications",
  "requestingOrigin": "https://app.slack.com/",
  "requestingUrl": "https://app.slack.com/client/TP17WPBDX/CP7LSE3KP",
  "securityOrigin": null,
  "slackChildWindowRequest": {
    "result": false,
    "reason": "Not child window URL"
  }
}
[04/23/26, 14:44:12:818] info: Permission check granted: 
{
  "isMainFrame": true,
  "permission": "notifications",
  "requestingOrigin": "https://app.slack.com/",
  "requestingUrl": "https://app.slack.com/client/TP17WPBDX/CP7LSE3KP",
  "securityOrigin": null,
  "slackChildWindowRequest": {
    "result": false,
    "reason": "Not child window URL"
  }
}
[04/23/26, 14:44:12:818] info: Permission check granted: 
{
  "isMainFrame": true,
  "permission": "notifications",
  "requestingOrigin": "https://app.slack.com/",
  "requestingUrl": "https://app.slack.com/client/TP17WPBDX/CP7LSE3KP",
  "securityOrigin": null,
  "slackChildWindowRequest": {
    "result": false,
    "reason": "Not child window URL"
  }
}
[04/23/26, 14:52:27:427] info: Breadcrumb: electron: screen.display-metrics-changed 
[04/23/26, 14:52:27:427] info: Store: DISPLAY_METRICS_CHANGED 
[04/23/26, 14:53:30:238] info: Breadcrumb: electron: screen.display-metrics-changed 
[04/23/26, 14:53:30:238] info: Store: DISPLAY_METRICS_CHANGED 
[04/23/26, 14:53:30:239] info: Breadcrumb: electron: screen.display-metrics-changed 
[04/23/26, 14:53:30:239] info: Store: DISPLAY_METRICS_CHANGED 
[04/23/26, 14:53:30:279] info: Breadcrumb: electron: screen.display-metrics-changed 
[04/23/26, 14:53:30:279] info: Store: DISPLAY_METRICS_CHANGED 
[04/23/26, 14:53:30:280] info: Breadcrumb: electron: screen.display-added 
[04/23/26, 14:53:30:280] info: Store: DISPLAY_ADDED 
[04/23/26, 14:53:30:280] info: Breadcrumb: electron: screen.display-metrics-changed 
[04/23/26, 14:53:30:280] info: Store: DISPLAY_METRICS_CHANGED 
[04/23/26, 14:53:30:282] info: Breadcrumb: electron: screen.display-metrics-changed 
[04/23/26, 14:53:30:282] info: Store: DISPLAY_METRICS_CHANGED 
[04/23/26, 14:53:30:283] info: Breadcrumb: electron: screen.display-metrics-changed 
[04/23/26, 14:53:30:283] info: Store: DISPLAY_METRICS_CHANGED 
[04/23/26, 14:53:30:329] info: Breadcrumb: electron: screen.display-metrics-changed 
[04/23/26, 14:53:30:329] info: Store: DISPLAY_METRICS_CHANGED 
[04/23/26, 14:53:31:351] info: Store: SET_WINDOW_FRAME 
{
  "id": 1,
  "frame": {
    "bounds": {
      "x": 0,
      "y": 0,
      "width": 3816,
      "height": 2110
    }
  },
  "fromEvent": true
}
[04/23/26, 14:53:31:352] info: Main window moved to display 
{
  "id": 71
}
[04/23/26, 14:53:31:352] info: Store: UPDATE_SETTINGS 
{
  "mainWindowSettings": {
    "fullScreen": false,
    "maximized": true,
    "bounds": {
      "width": 1536,
      "height": 1296,
      "x": 1151,
      "y": 431
    }
  }
}
[04/23/26, 14:53:34:854] info: Breadcrumb: electron: window.focus 
{
  "id": 1,
  "url": "[REDACTED]"
}
[04/23/26, 14:53:34:854] info: Breadcrumb: electron: app.browser-window-focus 
[04/23/26, 14:53:34:854] info: Store: SET_WINDOW_FRAME 
{
  "id": 1,
  "frame": {
    "isFocused": true
  },
  "fromEvent": true
}
[04/23/26, 14:53:35:526] info: Breadcrumb: electron: window.blur 
{
  "id": 1,
  "url": "[REDACTED]"
}
[04/23/26, 14:53:35:526] info: Breadcrumb: electron: app.browser-window-blur 
[04/23/26, 14:53:35:526] info: Store: SET_WINDOW_FRAME 
{
  "id": 1,
  "frame": {
    "isFocused": false
  },
  "fromEvent": true
}
[04/23/26, 14:53:42:048] info: Breadcrumb: electron: screen.display-metrics-changed 
[04/23/26, 14:53:42:048] info: Store: DISPLAY_METRICS_CHANGED 
[04/23/26, 14:53:42:049] info: Breadcrumb: electron: screen.display-metrics-changed 
[04/23/26, 14:53:42:049] info: Store: DISPLAY_METRICS_CHANGED 
[04/23/26, 14:53:42:049] info: Breadcrumb: electron: screen.display-removed 
[04/23/26, 14:53:42:049] info: Store: DISPLAY_REMOVED 
[04/23/26, 14:53:42:050] info: Breadcrumb: electron: screen.display-metrics-changed 
[04/23/26, 14:53:42:050] info: Store: DISPLAY_METRICS_CHANGED 
[04/23/26, 14:53:43:049] info: Store: SET_WINDOW_FRAME 
{
  "id": 1,
  "frame": {
    "bounds": {
      "x": 0,
      "y": 0,
      "width": 2856,
      "height": 1750
    }
  },
  "fromEvent": true
}
[04/23/26, 14:53:43:049] info: Main window moved to display 
{
  "id": 70
}
[04/23/26, 14:53:43:050] info: Store: UPDATE_SETTINGS 
{
  "mainWindowSettings": {
    "fullScreen": false,
    "maximized": true,
    "bounds": {
      "width": 1200,
      "height": 1080,
      "x": 840,
      "y": 360
    }
  }
}
[04/23/26, 14:53:50:424] info: Breadcrumb: electron: screen.display-metrics-changed 
[04/23/26, 14:53:50:424] info: Store: DISPLAY_METRICS_CHANGED 
[04/23/26, 14:53:50:425] info: Breadcrumb: electron: screen.display-metrics-changed 
[04/23/26, 14:53:50:425] info: Store: DISPLAY_METRICS_CHANGED 
[04/23/26, 14:53:50:480] info: Breadcrumb: electron: screen.display-metrics-changed 
[04/23/26, 14:53:50:481] info: Store: DISPLAY_METRICS_CHANGED 
[04/23/26, 14:53:50:481] info: Breadcrumb: electron: screen.display-added 
[04/23/26, 14:53:50:481] info: Store: DISPLAY_ADDED 
[04/23/26, 14:53:50:482] info: Breadcrumb: electron: screen.display-metrics-changed 
[04/23/26, 14:53:50:482] info: Store: DISPLAY_METRICS_CHANGED 
[04/23/26, 14:53:50:483] info: Breadcrumb: electron: screen.display-metrics-changed 
[04/23/26, 14:53:50:483] info: Store: DISPLAY_METRICS_CHANGED 
[04/23/26, 14:53:50:484] info: Breadcrumb: electron: screen.display-metrics-changed 
[04/23/26, 14:53:50:484] info: Store: DISPLAY_METRICS_CHANGED 
[04/23/26, 14:53:50:488] info: Breadcrumb: electron: screen.display-metrics-changed 
[04/23/26, 14:53:50:488] info: Store: DISPLAY_METRICS_CHANGED 
[04/23/26, 14:53:51:501] info: Store: SET_WINDOW_FRAME 
{
  "id": 1,
  "frame": {
    "bounds": {
      "x": 0,
      "y": 0,
      "width": 3816,
      "height": 2110
    }
  },
  "fromEvent": true
}
[04/23/26, 14:53:51:501] info: Store: UPDATE_SETTINGS 
{
  "mainWindowSettings": {
    "fullScreen": false,
    "maximized": true,
    "bounds": {
      "width": 1200,
      "height": 1080,
      "x": 840,
      "y": 360
    }
  }
}
[04/23/26, 14:54:05:566] info: Breadcrumb: electron: screen.display-metrics-changed 
[04/23/26, 14:54:05:566] info: Store: DISPLAY_METRICS_CHANGED 
[04/23/26, 14:54:05:567] info: Breadcrumb: electron: screen.display-removed 
[04/23/26, 14:54:05:567] info: Store: DISPLAY_REMOVED 
[04/23/26, 14:54:05:567] info: Breadcrumb: electron: screen.display-metrics-changed 
[04/23/26, 14:54:05:567] info: Store: DISPLAY_METRICS_CHANGED 
[04/23/26, 14:54:05:568] info: Breadcrumb: electron: screen.display-metrics-changed 
[04/23/26, 14:54:05:568] info: Store: DISPLAY_METRICS_CHANGED 
[04/23/26, 14:54:05:625] info: Breadcrumb: electron: screen.display-metrics-changed 
[04/23/26, 14:54:05:626] info: Store: DISPLAY_METRICS_CHANGED 
[04/23/26, 14:54:05:626] info: Breadcrumb: electron: screen.display-metrics-changed 
[04/23/26, 14:54:05:627] info: Store: DISPLAY_METRICS_CHANGED 
[04/23/26, 14:54:12:281] info: Breadcrumb: electron: window.focus 
{
  "id": 1,
  "url": "[REDACTED]"
}
[04/23/26, 14:54:12:281] info: Breadcrumb: electron: app.browser-window-focus 
[04/23/26, 14:54:12:281] info: Store: SET_WINDOW_FRAME 
{
  "id": 1,
  "frame": {
    "isFocused": true
  },
  "fromEvent": true
}
[04/23/26, 14:54:12:591] info: Breadcrumb: electron: window.blur 
{
  "id": 1,
  "url": "[REDACTED]"
}
[04/23/26, 14:54:12:591] info: Breadcrumb: electron: app.browser-window-blur 
[04/23/26, 14:54:12:591] info: Store: SET_WINDOW_FRAME 
{
  "id": 1,
  "frame": {
    "isFocused": false
  },
  "fromEvent": true
}
[04/23/26, 14:54:16:091] info: Breadcrumb: electron: window.focus 
{
  "id": 1,
  "url": "[REDACTED]"
}
[04/23/26, 14:54:16:091] info: Breadcrumb: electron: app.browser-window-focus 
[04/23/26, 14:54:16:091] info: Store: SET_WINDOW_FRAME 
{
  "id": 1,
  "frame": {
    "isFocused": true
  },
  "fromEvent": true
}
[04/23/26, 14:54:16:563] info: Breadcrumb: electron: window.blur 
{
  "id": 1,
  "url": "[REDACTED]"
}
[04/23/26, 14:54:16:563] info: Breadcrumb: electron: app.browser-window-blur 
[04/23/26, 14:54:16:563] info: Store: SET_WINDOW_FRAME 
{
  "id": 1,
  "frame": {
    "isFocused": false
  },
  "fromEvent": true
}
[04/23/26, 14:54:18:214] info: Breadcrumb: electron: window.focus 
{
  "id": 1,
  "url": "[REDACTED]"
}
[04/23/26, 14:54:18:214] info: Breadcrumb: electron: app.browser-window-focus 
[04/23/26, 14:54:18:214] info: Store: SET_WINDOW_FRAME 
{
  "id": 1,
  "frame": {
    "isFocused": true
  },
  "fromEvent": true
}
[04/23/26, 14:54:18:530] info: Breadcrumb: electron: window.blur 
{
  "id": 1,
  "url": "[REDACTED]"
}
[04/23/26, 14:54:18:530] info: Breadcrumb: electron: app.browser-window-blur 
[04/23/26, 14:54:18:530] info: Store: SET_WINDOW_FRAME 
{
  "id": 1,
  "frame": {
    "isFocused": false
  },
  "fromEvent": true
}
[04/23/26, 14:54:31:445] info: Breadcrumb: electron: window.focus 
{
  "id": 1,
  "url": "[REDACTED]"
}
[04/23/26, 14:54:31:445] info: Breadcrumb: electron: app.browser-window-focus 
[04/23/26, 14:54:31:445] info: Store: SET_WINDOW_FRAME 
{
  "id": 1,
  "frame": {
    "isFocused": true
  },
  "fromEvent": true
}
[04/23/26, 14:54:31:839] info: Breadcrumb: electron: window.blur 
{
  "id": 1,
  "url": "[REDACTED]"
}
[04/23/26, 14:54:31:839] info: Breadcrumb: electron: app.browser-window-blur 
[04/23/26, 14:54:31:839] info: Store: SET_WINDOW_FRAME 
{
  "id": 1,
  "frame": {
    "isFocused": false
  },
  "fromEvent": true
}
[04/23/26, 14:54:40:304] info: Breadcrumb: electron: window.focus 
{
  "id": 1,
  "url": "[REDACTED]"
}
[04/23/26, 14:54:40:304] info: Breadcrumb: electron: app.browser-window-focus 
[04/23/26, 14:54:40:304] info: Store: SET_WINDOW_FRAME 
{
  "id": 1,
  "frame": {
    "isFocused": true
  },
  "fromEvent": true
}
[04/23/26, 14:54:42:723] info: Permission check granted: 
{
  "isMainFrame": true,
  "permission": "media",
  "requestingOrigin": "https://app.slack.com/",
  "requestingUrl": "https://app.slack.com/client/TP17WPBDX/CP7LSE3KP",
  "securityOrigin": null,
  "mediaType": "video",
  "slackChildWindowRequest": {
    "result": false,
    "reason": "Not child window URL"
  }
}
[04/23/26, 14:54:42:723] info: Permission check granted: 
{
  "isMainFrame": true,
  "permission": "media",
  "requestingOrigin": "https://app.slack.com/",
  "requestingUrl": "https://app.slack.com/client/TP17WPBDX/CP7LSE3KP",
  "securityOrigin": null,
  "mediaType": "audio",
  "slackChildWindowRequest": {
    "result": false,
    "reason": "Not child window URL"
  }
}
[04/23/26, 14:54:42:723] info: Permission check granted: 
{
  "isMainFrame": true,
  "permission": "web-app-installation",
  "requestingOrigin": "https://app.slack.com/",
  "requestingUrl": "https://app.slack.com/client/TP17WPBDX/CP7LSE3KP",
  "securityOrigin": null,
  "slackChildWindowRequest": {
    "result": false,
    "reason": "Not child window URL"
  }
}
[04/23/26, 14:54:42:723] info: Permission check granted: 
{
  "isMainFrame": true,
  "permission": "geolocation",
  "requestingOrigin": "https://app.slack.com/",
  "requestingUrl": "https://app.slack.com/client/TP17WPBDX/CP7LSE3KP",
  "securityOrigin": null,
  "slackChildWindowRequest": {
    "result": false,
    "reason": "Not child window URL"
  }
}
[04/23/26, 14:54:42:859] info: Store: EXTEND_MENU TP17WPBDX: menucategory-file,menucategory-view,menucategory-edit,menucategory-help,menucategory-history
[04/23/26, 14:54:51:018] info: Breadcrumb: electron: renderer.context-menu 
{
  "id": 1,
  "url": "[REDACTED]"
}
[04/23/26, 14:54:51:018] info: Store: OPEN_CONTEXT_MENU 
{
  "id": 1,
  "params": {
    "x": 1205,
    "y": 1852,
    "mediaType": "none",
    "hasImageContents": false,
    "isEditable": false,
    "spellcheckEnabled": false,
    "formControlType": "none",
    "menuSourceType": "mouse"
  }
}
[04/23/26, 14:54:51:018] info: contextMenuEpic: opening popup menu 
{
  "id": 1
}
[04/23/26, 14:54:51:668] info: contextMenuEpic: popup menu closed 
{
  "id": 1
}
[04/23/26, 14:54:52:355] info: Breadcrumb: electron: window.blur 
{
  "id": 1,
  "url": "[REDACTED]"
}
[04/23/26, 14:54:52:356] info: Breadcrumb: electron: app.browser-window-blur 
[04/23/26, 14:54:52:357] info: Store: SET_WINDOW_FRAME 
{
  "id": 1,
  "frame": {
    "isFocused": false
  },
  "fromEvent": true
}
[04/23/26, 14:55:41:516] info: Breadcrumb: electron: window.focus 
{
  "id": 1,
  "url": "[REDACTED]"
}
[04/23/26, 14:55:41:517] info: Breadcrumb: electron: app.browser-window-focus 
[04/23/26, 14:55:41:517] info: Store: SET_WINDOW_FRAME 
{
  "id": 1,
  "frame": {
    "isFocused": true
  },
  "fromEvent": true
}
[04/23/26, 14:55:42:737] info: Breadcrumb: electron: window.blur 
{
  "id": 1,
  "url": "[REDACTED]"
}
[04/23/26, 14:55:42:737] info: Breadcrumb: electron: app.browser-window-blur 
[04/23/26, 14:55:42:737] info: Store: SET_WINDOW_FRAME 
{
  "id": 1,
  "frame": {
    "isFocused": false
  },
  "fromEvent": true
}
[04/23/26, 14:57:16:641] info: Breadcrumb: electron: window.focus 
{
  "id": 1,
  "url": "[REDACTED]"
}
[04/23/26, 14:57:16:641] info: Breadcrumb: electron: app.browser-window-focus 
[04/23/26, 14:57:16:641] info: Store: SET_WINDOW_FRAME 
{
  "id": 1,
  "frame": {
    "isFocused": true
  },
  "fromEvent": true
}
[04/23/26, 14:57:18:230] info: Breadcrumb: electron: window.blur 
{
  "id": 1,
  "url": "[REDACTED]"
}
[04/23/26, 14:57:18:230] info: Breadcrumb: electron: app.browser-window-blur 
[04/23/26, 14:57:18:231] info: Store: SET_WINDOW_FRAME 
{
  "id": 1,
  "frame": {
    "isFocused": false
  },
  "fromEvent": true
}
[04/23/26, 14:57:27:080] info: Breadcrumb: electron: window.focus 
{
  "id": 1,
  "url": "[REDACTED]"
}
[04/23/26, 14:57:27:080] info: Breadcrumb: electron: app.browser-window-focus 
[04/23/26, 14:57:27:080] info: Store: SET_WINDOW_FRAME 
{
  "id": 1,
  "frame": {
    "isFocused": true
  },
  "fromEvent": true
}
[04/23/26, 14:57:27:543] info: Breadcrumb: electron: window.blur 
{
  "id": 1,
  "url": "[REDACTED]"
}
[04/23/26, 14:57:27:543] info: Breadcrumb: electron: app.browser-window-blur 
[04/23/26, 14:57:27:543] info: Store: SET_WINDOW_FRAME 
{
  "id": 1,
  "frame": {
    "isFocused": false
  },
  "fromEvent": true
}
[04/23/26, 14:58:41:984] info: Breadcrumb: electron: window.focus 
{
  "id": 1,
  "url": "[REDACTED]"
}
[04/23/26, 14:58:41:985] info: Breadcrumb: electron: app.browser-window-focus 
[04/23/26, 14:58:41:985] info: Store: SET_WINDOW_FRAME 
{
  "id": 1,
  "frame": {
    "isFocused": true
  },
  "fromEvent": true
}
[04/23/26, 14:58:42:223] info: Breadcrumb: electron: window.blur 
{
  "id": 1,
  "url": "[REDACTED]"
}
[04/23/26, 14:58:42:224] info: Breadcrumb: electron: app.browser-window-blur 
[04/23/26, 14:58:42:224] info: Store: SET_WINDOW_FRAME 
{
  "id": 1,
  "frame": {
    "isFocused": false
  },
  "fromEvent": true
}
[04/23/26, 15:07:41:496] info: Breadcrumb: electron: window.focus 
{
  "id": 1,
  "url": "[REDACTED]"
}
[04/23/26, 15:07:41:496] info: Breadcrumb: electron: app.browser-window-focus 
[04/23/26, 15:07:41:496] info: Store: SET_WINDOW_FRAME 
{
  "id": 1,
  "frame": {
    "isFocused": true
  },
  "fromEvent": true
}
[04/23/26, 15:07:42:655] info: Breadcrumb: electron: window.blur 
{
  "id": 1,
  "url": "[REDACTED]"
}
[04/23/26, 15:07:42:655] info: Breadcrumb: electron: app.browser-window-blur 
[04/23/26, 15:07:42:655] info: Store: SET_WINDOW_FRAME 
{
  "id": 1,
  "frame": {
    "isFocused": false
  },
  "fromEvent": true
}
[04/23/26, 15:12:05:213] info: Breadcrumb: electron: screen.display-metrics-changed 
[04/23/26, 15:12:05:213] info: Store: DISPLAY_METRICS_CHANGED 
[04/23/26, 15:16:29:048] info: Breadcrumb: electron: screen.display-metrics-changed 
[04/23/26, 15:16:29:048] info: Store: DISPLAY_METRICS_CHANGED 
[04/23/26, 15:18:10:953] info: Breadcrumb: electron: window.focus 
{
  "id": 1,
  "url": "[REDACTED]"
}
[04/23/26, 15:18:10:953] info: Breadcrumb: electron: app.browser-window-focus 
[04/23/26, 15:18:10:953] info: Store: SET_WINDOW_FRAME 
{
  "id": 1,
  "frame": {
    "isFocused": true
  },
  "fromEvent": true
}
[04/23/26, 15:18:11:568] info: Breadcrumb: electron: window.blur 
{
  "id": 1,
  "url": "[REDACTED]"
}
[04/23/26, 15:18:11:569] info: Breadcrumb: electron: app.browser-window-blur 
[04/23/26, 15:18:11:569] info: Store: SET_WINDOW_FRAME 
{
  "id": 1,
  "frame": {
    "isFocused": false
  },
  "fromEvent": true
}
[04/23/26, 15:18:14:843] info: Breadcrumb: electron: window.focus 
{
  "id": 1,
  "url": "[REDACTED]"
}
[04/23/26, 15:18:14:843] info: Breadcrumb: electron: app.browser-window-focus 
[04/23/26, 15:18:14:843] info: Store: SET_WINDOW_FRAME 
{
  "id": 1,
  "frame": {
    "isFocused": true
  },
  "fromEvent": true
}
[04/23/26, 15:18:15:617] info: Breadcrumb: electron: window.blur 
{
  "id": 1,
  "url": "[REDACTED]"
}
[04/23/26, 15:18:15:618] info: Breadcrumb: electron: app.browser-window-blur 
[04/23/26, 15:18:15:618] info: Store: SET_WINDOW_FRAME 
{
  "id": 1,
  "frame": {
    "isFocused": false
  },
  "fromEvent": true
}
[04/23/26, 15:18:17:333] info: Breadcrumb: electron: window.focus 
{
  "id": 1,
  "url": "[REDACTED]"
}
[04/23/26, 15:18:17:333] info: Breadcrumb: electron: app.browser-window-focus 
[04/23/26, 15:18:17:333] info: Store: SET_WINDOW_FRAME 
{
  "id": 1,
  "frame": {
    "isFocused": true
  },
  "fromEvent": true
}
[04/23/26, 15:18:18:243] info: Breadcrumb: electron: window.blur 
{
  "id": 1,
  "url": "[REDACTED]"
}
[04/23/26, 15:18:18:244] info: Breadcrumb: electron: app.browser-window-blur 
[04/23/26, 15:18:18:244] info: Store: SET_WINDOW_FRAME 
{
  "id": 1,
  "frame": {
    "isFocused": false
  },
  "fromEvent": true
}
[04/23/26, 15:18:33:934] info: Breadcrumb: electron: window.focus 
{
  "id": 1,
  "url": "[REDACTED]"
}
[04/23/26, 15:18:33:934] info: Breadcrumb: electron: app.browser-window-focus 
[04/23/26, 15:18:33:934] info: Store: SET_WINDOW_FRAME 
{
  "id": 1,
  "frame": {
    "isFocused": true
  },
  "fromEvent": true
}
[04/23/26, 15:18:34:842] info: Breadcrumb: electron: window.blur 
{
  "id": 1,
  "url": "[REDACTED]"
}
[04/23/26, 15:18:34:843] info: Breadcrumb: electron: app.browser-window-blur 
[04/23/26, 15:18:34:843] info: Store: SET_WINDOW_FRAME 
{
  "id": 1,
  "frame": {
    "isFocused": false
  },
  "fromEvent": true
}
[04/23/26, 15:19:06:851] info: Breadcrumb: electron: window.focus 
{
  "id": 1,
  "url": "[REDACTED]"
}
[04/23/26, 15:19:06:851] info: Breadcrumb: electron: app.browser-window-focus 
[04/23/26, 15:19:06:851] info: Store: SET_WINDOW_FRAME 
{
  "id": 1,
  "frame": {
    "isFocused": true
  },
  "fromEvent": true
}
[04/23/26, 15:19:07:388] info: Breadcrumb: electron: window.blur 
{
  "id": 1,
  "url": "[REDACTED]"
}
[04/23/26, 15:19:07:388] info: Breadcrumb: electron: app.browser-window-blur 
[04/23/26, 15:19:07:388] info: Store: SET_WINDOW_FRAME 
{
  "id": 1,
  "frame": {
    "isFocused": false
  },
  "fromEvent": true
}
[04/23/26, 15:31:21:365] info: Breadcrumb: electron: window.focus 
{
  "id": 1,
  "url": "[REDACTED]"
}
[04/23/26, 15:31:21:365] info: Breadcrumb: electron: app.browser-window-focus 
[04/23/26, 15:31:21:365] info: Store: SET_WINDOW_FRAME 
{
  "id": 1,
  "frame": {
    "isFocused": true
  },
  "fromEvent": true
}
[04/23/26, 15:31:21:737] info: Breadcrumb: electron: window.blur 
{
  "id": 1,
  "url": "[REDACTED]"
}
[04/23/26, 15:31:21:737] info: Breadcrumb: electron: app.browser-window-blur 
[04/23/26, 15:31:21:737] info: Store: SET_WINDOW_FRAME 
{
  "id": 1,
  "frame": {
    "isFocused": false
  },
  "fromEvent": true
}
[04/23/26, 15:31:22:794] info: Breadcrumb: electron: window.focus 
{
  "id": 1,
  "url": "[REDACTED]"
}
[04/23/26, 15:31:22:794] info: Breadcrumb: electron: app.browser-window-focus 
[04/23/26, 15:31:22:795] info: Store: SET_WINDOW_FRAME 
{
  "id": 1,
  "frame": {
    "isFocused": true
  },
  "fromEvent": true
}
[04/23/26, 15:31:23:252] info: Breadcrumb: electron: window.blur 
{
  "id": 1,
  "url": "[REDACTED]"
}
[04/23/26, 15:31:23:252] info: Breadcrumb: electron: app.browser-window-blur 
[04/23/26, 15:31:23:252] info: Store: SET_WINDOW_FRAME 
{
  "id": 1,
  "frame": {
    "isFocused": false
  },
  "fromEvent": true
}
[04/23/26, 15:31:25:146] info: Breadcrumb: electron: window.focus 
{
  "id": 1,
  "url": "[REDACTED]"
}
[04/23/26, 15:31:25:146] info: Breadcrumb: electron: app.browser-window-focus 
[04/23/26, 15:31:25:146] info: Store: SET_WINDOW_FRAME 
{
  "id": 1,
  "frame": {
    "isFocused": true
  },
  "fromEvent": true
}
[04/23/26, 15:31:27:252] info: Breadcrumb: electron: window.blur 
{
  "id": 1,
  "url": "[REDACTED]"
}
[04/23/26, 15:31:27:252] info: Breadcrumb: electron: app.browser-window-blur 
[04/23/26, 15:31:27:252] info: Store: SET_WINDOW_FRAME 
{
  "id": 1,
  "frame": {
    "isFocused": false
  },
  "fromEvent": true
}
[04/23/26, 15:31:29:532] info: Breadcrumb: electron: app.second-instance 
[04/23/26, 15:31:29:532] info: secondInstanceEpic: Otherwise signaled, foregrounding 
[04/23/26, 15:31:29:532] info: Store: FOREGROUND_APP 
[04/23/26, 15:31:29:532] info: Store: FOCUS_WINDOW 
[04/23/26, 15:31:29:534] info: Breadcrumb: electron: window.focus 
{
  "id": 1,
  "url": "[REDACTED]"
}
[04/23/26, 15:31:29:534] info: Breadcrumb: electron: app.browser-window-focus 
[04/23/26, 15:31:29:534] info: Store: SET_WINDOW_FRAME 
{
  "id": 1,
  "frame": {
    "isFocused": true
  },
  "fromEvent": true
}
[04/23/26, 15:31:33:476] info: Breadcrumb: electron: window.blur 
{
  "id": 1,
  "url": "[REDACTED]"
}
[04/23/26, 15:31:33:476] info: Breadcrumb: electron: app.browser-window-blur 
[04/23/26, 15:31:33:476] info: Store: SET_WINDOW_FRAME 
{
  "id": 1,
  "frame": {
    "isFocused": false
  },
  "fromEvent": true
}
[04/23/26, 15:31:34:598] info: Breadcrumb: electron: window.focus 
{
  "id": 1,
  "url": "[REDACTED]"
}
[04/23/26, 15:31:34:598] info: Breadcrumb: electron: app.browser-window-focus 
[04/23/26, 15:31:34:598] info: Store: SET_WINDOW_FRAME 
{
  "id": 1,
  "frame": {
    "isFocused": true
  },
  "fromEvent": true
}
[04/23/26, 15:31:34:756] info: Breadcrumb: electron: window.blur 
{
  "id": 1,
  "url": "[REDACTED]"
}
[04/23/26, 15:31:34:756] info: Breadcrumb: electron: app.browser-window-blur 
[04/23/26, 15:31:34:756] info: Store: SET_WINDOW_FRAME 
{
  "id": 1,
  "frame": {
    "isFocused": false
  },
  "fromEvent": true
}
[04/23/26, 15:31:35:757] info: Store: SET_WINDOW_FRAME 
{
  "id": 1,
  "frame": {
    "bounds": {
      "x": 0,
      "y": 0,
      "width": 1901,
      "height": 2110
    }
  },
  "fromEvent": true
}
[04/23/26, 15:31:35:757] info: Main window moved to display 
{
  "id": 72
}
[04/23/26, 15:31:35:757] info: Store: UPDATE_SETTINGS 
{
  "mainWindowSettings": {
    "fullScreen": false,
    "maximized": true,
    "bounds": {
      "width": 1536,
      "height": 1296,
      "x": 4032,
      "y": 432
    }
  }
}
[04/23/26, 15:31:37:855] info: Store: SET_WINDOW_FRAME 
{
  "id": 1,
  "frame": {
    "bounds": {
      "x": 0,
      "y": 0,
      "width": 3816,
      "height": 2110
    }
  },
  "fromEvent": true
}
[04/23/26, 15:31:37:856] info: Store: UPDATE_SETTINGS 
{
  "mainWindowSettings": {
    "fullScreen": false,
    "maximized": true,
    "bounds": {
      "width": 1536,
      "height": 1296,
      "x": 4032,
      "y": 432
    }
  }
}
[04/23/26, 15:35:06:742] info: Breadcrumb: electron: window.focus 
{
  "id": 1,
  "url": "[REDACTED]"
}
[04/23/26, 15:35:06:743] info: Breadcrumb: electron: app.browser-window-focus 
[04/23/26, 15:35:06:743] info: Store: SET_WINDOW_FRAME 
{
  "id": 1,
  "frame": {
    "isFocused": true
  },
  "fromEvent": true
}
[04/23/26, 15:35:07:155] info: Breadcrumb: electron: window.blur 
{
  "id": 1,
  "url": "[REDACTED]"
}
[04/23/26, 15:35:07:155] info: Breadcrumb: electron: app.browser-window-blur 
[04/23/26, 15:35:07:155] info: Store: SET_WINDOW_FRAME 
{
  "id": 1,
  "frame": {
    "isFocused": false
  },
  "fromEvent": true
}
[04/23/26, 15:35:38:534] info: Breadcrumb: electron: window.focus 
{
  "id": 1,
  "url": "[REDACTED]"
}
[04/23/26, 15:35:38:534] info: Breadcrumb: electron: app.browser-window-focus 
[04/23/26, 15:35:38:534] info: Store: SET_WINDOW_FRAME 
{
  "id": 1,
  "frame": {
    "isFocused": true
  },
  "fromEvent": true
}
[04/23/26, 15:35:38:840] info: Breadcrumb: electron: window.blur 
{
  "id": 1,
  "url": "[REDACTED]"
}
[04/23/26, 15:35:38:840] info: Breadcrumb: electron: app.browser-window-blur 
[04/23/26, 15:35:38:840] info: Store: SET_WINDOW_FRAME 
{
  "id": 1,
  "frame": {
    "isFocused": false
  },
  "fromEvent": true
}
[04/23/26, 15:36:32:504] info: Feature Check: requesting features from https://app.slack.com/api/ 
[04/23/26, 15:36:32:663] info: Breadcrumb: electron.net: undefined 
{
  "url": "[REDACTED]",
  "method": "GET",
  "status_code": 200
}
[04/23/26, 15:36:32:664] info: Feature Check: received experiments 
{
  "ok": true,
  "experiments": [
    {
      "experiment": "",
      "disable_chrome_features": [
        "PostQuantumKyber"
      ],
      "type": "normal"
    },
    {
      "experiment": "ripcord_document_policy_include_js_call_stacks",
      "enable_chrome_features": [
        "DocumentPolicyIncludeJSCallStacksInCrashReports"
      ],
      "type": "normal"
    },
    {
      "experiment": "ripcord_desktop_disable_windows_display_crash_feature",
      "disable_chrome_features": [
        "SkipEmptyDisplayHotplugEvent"
      ],
      "type": "normal"
    },
    {
      "experiment": "ripcord_force_color_profile",
      "add_browser_command_line_args": [
        "--force-color-profile=display-p3-d65"
      ],
      "type": "normal",
      "filter": {
        "platform": [
          "darwin"
        ]
      }
    },
    {
      "experiment": "ripcord_disable_blink_customizable_select",
      "disable_blink_features": [
        "CustomizableSelect"
      ],
      "type": "normal"
    },
    {
      "experiment": "ripcord_enumerate_devices_relaxed_cache",
      "disable_chrome_features": [
        "EnumerateDevicesRelaxedCache"
      ],
      "type": "normal"
    },
    {
      "experiment": "",
      "enable_slack_features": [
        "desktop_loading_screen"
      ],
      "type": "normal"
    },
    {
      "experiment": "desktop_set_system_notification_playback",
      "enable_slack_features": [
        "set_system_notification_playback"
      ],
      "type": "normal",
      "filter": {
        "platform": [
          "win32"
        ],
        "dist": [
          "MSIX",
          "WinStore"
        ]
      }
    }
  ]
}
[04/23/26, 15:36:41:337] info: Breadcrumb: electron: window.focus 
{
  "id": 1,
  "url": "[REDACTED]"
}
[04/23/26, 15:36:41:337] info: Breadcrumb: electron: app.browser-window-focus 
[04/23/26, 15:36:41:337] info: Store: SET_WINDOW_FRAME 
{
  "id": 1,
  "frame": {
    "isFocused": true
  },
  "fromEvent": true
}
[04/23/26, 15:36:41:790] info: Breadcrumb: electron: window.blur 
{
  "id": 1,
  "url": "[REDACTED]"
}
[04/23/26, 15:36:41:790] info: Breadcrumb: electron: app.browser-window-blur 
[04/23/26, 15:36:41:790] info: Store: SET_WINDOW_FRAME 
{
  "id": 1,
  "frame": {
    "isFocused": false
  },
  "fromEvent": true
}
[04/23/26, 15:39:07:610] info: Breadcrumb: electron: window.focus 
{
  "id": 1,
  "url": "[REDACTED]"
}
[04/23/26, 15:39:07:610] info: Breadcrumb: electron: app.browser-window-focus 
[04/23/26, 15:39:07:610] info: Store: SET_WINDOW_FRAME 
{
  "id": 1,
  "frame": {
    "isFocused": true
  },
  "fromEvent": true
}
[04/23/26, 15:39:08:766] info: Breadcrumb: electron: window.blur 
{
  "id": 1,
  "url": "[REDACTED]"
}
[04/23/26, 15:39:08:767] info: Breadcrumb: electron: app.browser-window-blur 
[04/23/26, 15:39:08:767] info: Store: SET_WINDOW_FRAME 
{
  "id": 1,
  "frame": {
    "isFocused": false
  },
  "fromEvent": true
}
[04/23/26, 15:39:09:222] info: Breadcrumb: electron: window.focus 
{
  "id": 1,
  "url": "[REDACTED]"
}
[04/23/26, 15:39:09:222] info: Breadcrumb: electron: app.browser-window-focus 
[04/23/26, 15:39:09:222] info: Store: SET_WINDOW_FRAME 
{
  "id": 1,
  "frame": {
    "isFocused": true
  },
  "fromEvent": true
}
[04/23/26, 15:39:10:277] info: Breadcrumb: electron: window.close 
{
  "id": 1,
  "url": "[REDACTED]"
}
[04/23/26, 15:39:10:278] info: Attempted to close the window, hiding due to run from tray 
[04/23/26, 15:39:10:279] info: Breadcrumb: electron: window.hide 
{
  "id": 1,
  "url": "[REDACTED]"
}
[04/23/26, 15:39:10:279] info: Store: SET_WINDOW_FRAME 
{
  "id": 1,
  "frame": {
    "isVisible": false
  },
  "fromEvent": true
}
[04/23/26, 15:39:10:281] info: Store: UPDATE_SETTINGS 
{
  "hasRunFromTray": true
}
[04/23/26, 15:39:10:282] info: Store: SHOW_TRAY_BALLOON 
{
  "title": "Why didn’t Slack quit?",
  "content": "Slack’s set to stay running in the notification area. To change this, visit Preferences > Advanced."
}
[04/23/26, 15:39:10:283] info: Tray Handler: Showing a tray balloon with title: Why didn’t Slack quit? 
[04/23/26, 15:39:10:288] info: Breadcrumb: electron: window.blur 
{
  "id": 1,
  "url": "[REDACTED]"
}
[04/23/26, 15:39:10:288] info: Breadcrumb: electron: app.browser-window-blur 
[04/23/26, 15:39:10:288] info: Store: SET_WINDOW_FRAME 
{
  "id": 1,
  "frame": {
    "isFocused": false
  },
  "fromEvent": true
}
[04/23/26, 15:39:10:627] info: Breadcrumb: electron: window.blur 
{
  "id": 1,
  "url": "[REDACTED]"
}
[04/23/26, 15:39:10:628] info: Breadcrumb: electron: app.browser-window-blur 
[04/23/26, 15:44:12:977] info: Permission check granted: 
{
  "isMainFrame": true,
  "permission": "notifications",
  "requestingOrigin": "https://app.slack.com/",
  "requestingUrl": "https://app.slack.com/client/TP17WPBDX/C02FZFAR14Y",
  "securityOrigin": null,
  "slackChildWindowRequest": {
    "result": false,
    "reason": "Not child window URL"
  }
}
[04/23/26, 15:44:12:977] info: Permission check granted: 
{
  "isMainFrame": true,
  "permission": "notifications",
  "requestingOrigin": "https://app.slack.com/",
  "requestingUrl": "https://app.slack.com/client/TP17WPBDX/C02FZFAR14Y",
  "securityOrigin": null,
  "slackChildWindowRequest": {
    "result": false,
    "reason": "Not child window URL"
  }
}
[04/23/26, 15:44:12:978] info: Permission check granted: 
{
  "isMainFrame": true,
  "permission": "notifications",
  "requestingOrigin": "https://app.slack.com/",
  "requestingUrl": "https://app.slack.com/client/TP17WPBDX/C02FZFAR14Y",
  "securityOrigin": null,
  "slackChildWindowRequest": {
    "result": false,
    "reason": "Not child window URL"
  }
}
[04/23/26, 15:44:12:978] info: Permission check granted: 
{
  "isMainFrame": true,
  "permission": "notifications",
  "requestingOrigin": "https://app.slack.com/",
  "requestingUrl": "https://app.slack.com/client/TP17WPBDX/C02FZFAR14Y",
  "securityOrigin": null,
  "slackChildWindowRequest": {
    "result": false,
    "reason": "Not child window URL"
  }
}
[04/23/26, 16:09:42:086] info: Breadcrumb: electron: app.child-process-gone 
[04/23/26, 16:09:42:086] warn: Breadcrumb: child-process: 'Utility' process exited with 'killed' 
{
  "type": "Utility",
  "reason": "killed",
  "exitCode": 15,
  "serviceName": "network.mojom.NetworkService",
  "name": "Network Service"
}
[04/23/26, 16:09:42:087] warn: Breadcrumb: electron: child-process-gone: Utility[Network Service] killed[15] 
[04/23/26, 16:09:42:187] info: Breadcrumb: electron: app.render-process-gone 
[04/23/26, 16:09:42:188] info: registerLifeCycleEvents: webContents:1 from 'webapp-loaded' to 'render-process-gone' took 9089641 ms 
[04/23/26, 16:09:42:190] info: Store: UPSERT_WEB_CONTENTS 
{
  "id": 1,
  "state": "render-process-gone",
  "reason": "clean-exit"
}
[04/23/26, 16:09:42:206] error: Renderer crashed or unable to launch 
{
  "reason": "clean-exit"
}
[04/23/26, 16:09:42:210] info: Breadcrumb: electron.net: undefined 
{
  "url": "[REDACTED]",
  "method": "POST"
}
[04/23/26, 16:09:42:211] warn: Trace: failed to send trace 
{
  "error": {
    "name": "Error",
    "stack": "Error: net::ERR_FAILED\n    at SimpleURLLoaderWrapper.<anonymous> (node:electron/js2c/browser_init:2:134240)\n    at SimpleURLLoaderWrapper.emit (node:events:508:28)\n    at SimpleURLLoaderWrapper.emit (node:domain:489:12)",
    "message": "net::ERR_FAILED"
  }
}
[04/23/26, 16:09:42:214] info: Breadcrumb: electron: app.gpu-info-update 
[04/24/26, 09:07:56:725] info: 
╔═══════════════════════════════════════════════════════╗
║      Slack 4.49.81, linux 6.19.12-arch1-1 on x64      ║
╚═══════════════════════════════════════════════════════╝ 
[04/24/26, 09:07:56:726] info: Configured logger via 
{
  "loggerInstanceCount": 1
}
[04/24/26, 09:07:56:737] info: Predefined values for process 
{
  "NODE_ENV": "production",
  "platform": "linux",
  "type": "browser",
  "timeZone": "Europe/Brussels",
  "PACKAGE_MANIFEST.productName": "Slack",
  "PACKAGE_MANIFEST.version": "4.49.81",
  "PACKAGE_MANIFEST.commit": "8f0440b",
  "PACKAGE_MANIFEST.branch": "HEAD"
}
[04/24/26, 09:07:56:864] info: makeUuidFactory:: Read existing uuid for instance from persisted location:  
{
  "uuid": "0145c773-7389-4286-a2c7-bce3217f253a"
}
[04/24/26, 09:07:56:864] info: getSentryDSN: Setting sentry URL to slack.com 
[04/24/26, 09:07:56:942] info: Breadcrumb: electron: app.will-finish-launching 
[04/24/26, 09:07:56:944] info: Breadcrumb: electron: app.ready 
[04/24/26, 09:07:56:953] info: Breadcrumb: electron: app.session-created 
[04/24/26, 09:07:56:954] info: Breadcrumb: electron: app.session-created 
[04/24/26, 09:07:56:957] info: Store: persist/PERSIST 
[04/24/26, 09:07:56:969] info: Store: persist/REHYDRATE 
{
  "appTeams": "[DEPRECATED]",
  "bookmarks": "[REDACTED]",
  "diagnostics": "Virtualization: none",
  "downloads": "No downloads",
  "settings": {
    "devToolsEnabled": false,
    "locale": "en-US",
    "notificationMethod": null,
    "releaseChannelOverride": null
  },
  "teams": "[DEPRECATED]",
  "webapp": "[REDACTED]",
  "workspaces": "1 workspaces: TP17WPBDX",
  "workspacesMeta": "Selected workspace: TP17WPBDX",
  "_persist": "Persistence version: 1"
}
[04/24/26, 09:07:56:971] warn: Telemetry queued before configured 
{
  "event": 1001000
}
[04/24/26, 09:07:56:971] warn: Telemetry trace before configured 
{
  "eventName": "desktop_performance_record"
}
[04/24/26, 09:07:56:971] info: Initial Boot Timestamp: 1777014476565
      Boot Phase: REHYDRATE
      Duration: 406ms
      From Boot to REHYDRATE: 406ms
      Invoked on Startup: false
      CPU Speed: 100 
[04/24/26, 09:07:56:971] info: Store: RECORD_PERFORMANCE_TIMING 
{
  "phase": 0,
  "interval": 406
}
[04/24/26, 09:07:56:972] info: Store: UPDATE_SETTINGS 
{
  "locale": "en-US"
}
[04/24/26, 09:07:56:973] info: Store: INITIALIZE 
{
  "resourcePath": "/usr/lib/slack/resources/app.asar",
  "silent": true,
  "tsaToken": "[REDACTED]",
  "bootFragments": []
}
[04/24/26, 09:07:56:974] info: Store: SET_SESSION_MODE 
[04/24/26, 09:07:56:986] info: getLinuxDistro: osInfo 
{
  "os": "Arch Linux",
  "name": "Arch Linux",
  "release": null,
  "codename": null
}
[04/24/26, 09:07:56:987] warn: Couldn't get Linux distro info from /etc/os-release, trying fallback to get Linux distro info 
{
  "error": {
    "name": "Error",
    "stack": "Error: Missing OS or release info\n    at lB (/usr/lib/slack/resources/app.asar/dist/main.bundle.cjs:100:971)\n    at async fB (/usr/lib/slack/resources/app.asar/dist/main.bundle.cjs:100:2680)\n    at async Object.initializeEnvironmentEpic_listener [as effect] (/usr/lib/slack/resources/app.asar/dist/main.bundle.cjs:100:1562)\n    at async L (/usr/lib/slack/resources/app.asar/dist/main.bundle.cjs:15:18851)",
    "message": "Missing OS or release info"
  }
}
[04/24/26, 09:07:56:988] info: getLinuxDistro: getos 
{
  "res": {
    "os": "linux",
    "dist": "Arch Linux"
  }
}
[04/24/26, 09:07:56:988] info: initializeEnvironmentEpic: set user agent fallback 
{
  "userAgent": "Mozilla/5.0 (X11; Linux x86_64; Arch Linux unversioned; Hyprland) AppleWebKit/537.36 (KHTML, like Gecko) Slack/4.49.81 Chrome/146.0.7680.166 Electron/41.1.0 Safari/537.36 Sonic Slack_SSB/4.49.81"
}
[04/24/26, 09:07:56:988] info: Store: READY 
{
  "resourcePath": "/usr/lib/slack/resources/app.asar",
  "silent": true,
  "tsaToken": "[REDACTED]",
  "bootFragments": [],
  "appVersion": "4.49.81",
  "arch": "x64",
  "isGpuCompositionAvailable": true,
  "platform": "linux",
  "platformVersion": {
    "major": 6,
    "minor": 19,
    "build": 12
  },
  "developerMenuOverride": false,
  "uuid": "0145c773-7389-4286-a2c7-bce3217f253a",
  "applicationProcessSessionId": "MDE0NWM3NzMtNzM4OS00Mjg2LWEyYzctYmNlMzIxN2YyNTNhXzE3NzcwMTQ0NzY4NjQ=",
  "distribution": "DDL",
  "clientEnvironment": 1000,
  "invokedOnStartup": false,
  "linux": {
    "os": "Arch Linux",
    "name": "Arch Linux ",
    "release": "",
    "codename": "",
    "desktopEnvironment": "Hyprland"
  }
}
[04/24/26, 09:07:56:989] info: Store: SET_ACCESSIBILITY_SUPPORT_ENABLED 
[04/24/26, 09:07:56:990] info: initializeApplicationEpic: trying to set ntlm credential domain for session 
{
  "sessionId": "PROD_DEFAULT_SESSION"
}
[04/24/26, 09:07:56:990] info: initializeApplicationEpic: Setting spellcheck dictionary URL 
{
  "dictionaryUrl": "https://spellcheck.slack-edge.com/dictionaries_v2/"
}
[04/24/26, 09:07:56:990] info: initializeApplicationEpic: Welcome to Slack 4.49.81 x64 
[04/24/26, 09:07:56:990] info: Store: CREATE_WINDOW 
{
  "type": "main"
}
[04/24/26, 09:07:56:993] info: makeUuidFactory:: Read existing uuid for tray from persisted location:  
{
  "uuid": "82f2433c-f7bc-4d45-b353-99ce3bd216a6"
}
[04/24/26, 09:07:57:000] info: Breadcrumb: electron: powerMonitor.newListener 
[04/24/26, 09:07:57:000] info: Breadcrumb: electron: powerMonitor.newListener 
[04/24/26, 09:07:57:000] info: Breadcrumb: electron: powerMonitor.newListener 
[04/24/26, 09:07:57:001] info: logExternalConfigEpic: initial external config 
{
  "defaults": {}
}
[04/24/26, 09:07:57:001] info: getIsUpdateSupported: Updates are not supported 
{
  "version": "4.49.81",
  "reasons": [
    "using Linux"
  ],
  "distribution": "DDL",
  "executable": "/usr/lib/slack"
}
[04/24/26, 09:07:57:011] info: Breadcrumb: electron: app.web-contents-created 
[04/24/26, 09:07:57:011] info: Breadcrumb: electron: app.browser-window-created 
[04/24/26, 09:07:57:017] info: Store: WINDOW_CREATED 
{
  "type": "main",
  "webappType": "app",
  "id": 1,
  "frame": {
    "isHtmlFullScreen": false,
    "isCurrentlyAudible": false,
    "isFullScreen": false,
    "isMinimized": false,
    "isMaximized": false,
    "isVisible": false,
    "isFocused": false,
    "bounds": {
      "x": 4032,
      "y": 432,
      "width": 1536,
      "height": 1296
    },
    "hasVibrancy": false,
    "isAlwaysOnTop": false
  }
}
[04/24/26, 09:07:57:019] info: Initial Boot Timestamp: 1777014476565
      Boot Phase: MAIN_WINDOW_CREATED
      Duration: 48ms
      From Boot to MAIN_WINDOW_CREATED: 454ms
      Invoked on Startup: false
      CPU Speed: 100 
[04/24/26, 09:07:57:019] info: Store: RECORD_PERFORMANCE_TIMING 
{
  "phase": 1,
  "interval": 48
}
[04/24/26, 09:07:57:020] info: Breadcrumb: electron: powerMonitor.newListener 
[04/24/26, 09:07:57:020] info: Breadcrumb: electron: powerMonitor.newListener 
[04/24/26, 09:07:57:022] info: Watching for keyboard layout changes 
[04/24/26, 09:07:57:024] info: initialSettingsPayload: trying to invalidate settings 
{
  "payload": {}
}
[04/24/26, 09:07:57:024] info: Store: SET_UPDATE_SUPPORTED 
[04/24/26, 09:07:57:027] info: Feature Check: requesting features from https://app.slack.com/api/ 
[04/24/26, 09:07:57:028] info: Breadcrumb: electron: powerMonitor.newListener 
[04/24/26, 09:07:57:028] info: Breadcrumb: electron: powerMonitor.newListener 
[04/24/26, 09:07:57:028] info: Breadcrumb: electron: powerMonitor.newListener 
[04/24/26, 09:07:57:096] info: Startup Display id=67 at (2880, 0) [3840 x 2160] 
[04/24/26, 09:07:57:097] info: registerLifeCycleEvents: Registering webContents:1 
[04/24/26, 09:07:57:098] info: registerLifeCycleEvents: webContents:1 is type 'app' 
[04/24/26, 09:07:57:098] info: Store: UPSERT_WEB_CONTENTS 
{
  "id": 1,
  "state": "unloaded",
  "type": "app"
}
[04/24/26, 09:07:57:101] info: getSonicBaseURL: 
{
  "url": "https://app.slack.com"
}
[04/24/26, 09:07:57:102] info: Permission check denied: 
{
  "isMainFrame": true,
  "permission": "media",
  "requestingOrigin": null,
  "requestingUrl": null,
  "securityOrigin": null,
  "mediaType": "video",
  "slackChildWindowRequest": {
    "result": false,
    "reason": "Not child window URL"
  }
}
[04/24/26, 09:07:57:102] info: Permission check denied: 
{
  "isMainFrame": true,
  "permission": "media",
  "requestingOrigin": null,
  "requestingUrl": null,
  "securityOrigin": null,
  "mediaType": "audio",
  "slackChildWindowRequest": {
    "result": false,
    "reason": "Not child window URL"
  }
}
[04/24/26, 09:07:57:102] info: Permission check denied: 
{
  "isMainFrame": true,
  "permission": "web-app-installation",
  "requestingOrigin": null,
  "requestingUrl": null,
  "securityOrigin": null,
  "slackChildWindowRequest": {
    "result": false,
    "reason": "Not child window URL"
  }
}
[04/24/26, 09:07:57:102] info: Permission check denied: 
{
  "isMainFrame": true,
  "permission": "geolocation",
  "requestingOrigin": null,
  "requestingUrl": null,
  "securityOrigin": null,
  "slackChildWindowRequest": {
    "result": false,
    "reason": "Not child window URL"
  }
}
[04/24/26, 09:07:57:106] info: Breadcrumb: electron: screen.display-metrics-changed 
[04/24/26, 09:07:57:107] info: Store: DISPLAY_METRICS_CHANGED 
[04/24/26, 09:07:57:150] info: Breadcrumb: electron: app.gpu-info-update 
[04/24/26, 09:07:57:150] info: collectSystemInfo: Received app.gpu-info-update event 
[04/24/26, 09:07:57:151] info: Breadcrumb: electron: screen.display-metrics-changed 
[04/24/26, 09:07:57:151] info: Store: DISPLAY_METRICS_CHANGED 
[04/24/26, 09:07:57:154] info: Breadcrumb: electron: screen.display-metrics-changed 
[04/24/26, 09:07:57:154] info: Store: DISPLAY_METRICS_CHANGED 
[04/24/26, 09:07:57:157] info: System configuration information 
{
  "info": {
    "total_memory_in_gb": 31,
    "available_memory_gb": 16,
    "chrome_version": "146.0.7680.166",
    "locale": "en-US",
    "uptime_hours": 1.36,
    "js_heap_size_used_mb": 14,
    "js_heap_size_limit_mb": 20,
    "gpuFeatures": {
      "2d_canvas": "enabled",
      "direct_rendering_display_compositor": "disabled_off_ok",
      "gpu_compositing": "enabled",
      "multiple_raster_threads": "enabled_on",
      "opengl": "enabled_on",
      "rasterization": "enabled",
      "raw_draw": "disabled_off_ok",
      "skia_graphite": "disabled_off",
      "trees_in_viz": "disabled_off",
      "video_decode": "enabled",
      "video_encode": "disabled_software",
      "vulkan": "disabled_off",
      "webgl": "enabled",
      "webgpu": "enabled",
      "webgpu_on_vk_via_gl_interop": "disabled_off",
      "webnn": "disabled_off"
    },
    "cpu_model": "AMD Ryzen 9 8945HS w/ Radeon 780M Graphics",
    "cpu_logical_core": 16,
    "cpu_clock_speed": 4641,
    "gpuDevice": [
      {
        "active": true,
        "deviceId": 6400,
        "gpuPreference": 0,
        "vendorId": 4098
      },
      {
        "active": false,
        "deviceId": 10464,
        "gpuPreference": 0,
        "vendorId": 4318
      }
    ],
    "machine_model_name": "unknown",
    "machine_model_version": "unknown",
    "crash_db_size_kb": 1
  }
}
[04/24/26, 09:07:57:157] info: Store: SET_HW_ACCEL_AVAILABILITY enabled
[04/24/26, 09:07:57:325] info: Breadcrumb: electron: renderer.dom-ready 
{
  "id": 1,
  "url": "[REDACTED]"
}
[04/24/26, 09:07:57:325] info: registerLifeCycleEvents: webContents:1 from 'unloaded' to 'loaded' took 228 ms 
[04/24/26, 09:07:57:325] info: Store: UPSERT_WEB_CONTENTS 
{
  "id": 1,
  "state": "loaded"
}
[04/24/26, 09:07:57:326] info: Initial Boot Timestamp: 1777014476565
      Boot Phase: WEB_CONTENTS_DOM_READY
      Duration: 306ms
      From Boot to WEB_CONTENTS_DOM_READY: 760ms
      Invoked on Startup: false
      CPU Speed: 100 
[04/24/26, 09:07:57:326] info: Store: RECORD_PERFORMANCE_TIMING 
{
  "phase": 2,
  "interval": 306
}
[04/24/26, 09:07:57:328] info: initializeMainWindowEpic: Showing main window 
{
  "maximized": true,
  "shouldHide": false,
  "fullScreen": false
}
[04/24/26, 09:07:57:328] info: Breadcrumb: electron: window.maximize 
{
  "id": 1,
  "url": "[REDACTED]"
}
[04/24/26, 09:07:57:329] info: Store: SET_WINDOW_FRAME 
{
  "id": 1,
  "frame": {
    "isMaximized": true
  },
  "fromEvent": true
}
[04/24/26, 09:07:57:329] info: Store: SET_WINDOW_FRAME 
{
  "id": 1,
  "frame": {
    "bounds": {
      "x": 4032,
      "y": 432,
      "width": 1536,
      "height": 1296
    }
  },
  "fromEvent": true
}
[04/24/26, 09:07:57:330] info: Breadcrumb: electron: window.show 
{
  "id": 1,
  "url": "[REDACTED]"
}
[04/24/26, 09:07:57:330] info: Store: SET_WINDOW_FRAME 
{
  "id": 1,
  "frame": {
    "isVisible": true
  },
  "fromEvent": true
}
[04/24/26, 09:07:57:331] info: Breadcrumb: electron: window.show 
{
  "id": 1,
  "url": "[REDACTED]"
}
[04/24/26, 09:07:57:331] info: Store: MAIN_WINDOW_SHOWN 
[04/24/26, 09:07:57:332] info: Store: CLEAR_NOTIFICATIONS 
[04/24/26, 09:07:57:335] info: Store: SET_WINDOW_FRAME 
{
  "id": 1,
  "frame": {
    "isMaximized": false
  },
  "fromEvent": true
}
[04/24/26, 09:07:57:336] info: Store: SET_WINDOW_FRAME 
{
  "id": 1,
  "frame": {
    "bounds": {
      "x": 0,
      "y": 0,
      "width": 3840,
      "height": 2160
    }
  },
  "fromEvent": true
}
[04/24/26, 09:07:57:337] info: Breadcrumb: electron.net: undefined 
{
  "url": "[REDACTED]",
  "method": "POST",
  "status_code": 200
}
[04/24/26, 09:07:57:338] info: Breadcrumb: electron.net: undefined 
{
  "url": "[REDACTED]",
  "method": "POST",
  "status_code": 200
}
[04/24/26, 09:07:57:371] info: Breadcrumb: electron: window.maximize 
{
  "id": 1,
  "url": "[REDACTED]"
}
[04/24/26, 09:07:57:371] info: Store: SET_WINDOW_FRAME 
{
  "id": 1,
  "frame": {
    "isMaximized": true
  },
  "fromEvent": true
}
[04/24/26, 09:07:57:372] info: Store: SET_WINDOW_FRAME 
{
  "id": 1,
  "frame": {
    "bounds": {
      "x": 0,
      "y": 0,
      "width": 3840,
      "height": 2160
    }
  },
  "fromEvent": true
}
[04/24/26, 09:07:57:374] info: Breadcrumb: electron: window.focus 
{
  "id": 1,
  "url": "[REDACTED]"
}
[04/24/26, 09:07:57:374] info: Breadcrumb: electron: app.browser-window-focus 
[04/24/26, 09:07:57:374] info: Store: SET_WINDOW_FRAME 
{
  "id": 1,
  "frame": {
    "isFocused": true
  },
  "fromEvent": true
}
[04/24/26, 09:07:57:385] info: Breadcrumb: electron.net: undefined 
{
  "url": "[REDACTED]",
  "method": "GET",
  "status_code": 200
}
[04/24/26, 09:07:57:387] info: Feature Check: received experiments 
{
  "ok": true,
  "experiments": [
    {
      "experiment": "",
      "disable_chrome_features": [
        "PostQuantumKyber"
      ],
      "type": "normal"
    },
    {
      "experiment": "ripcord_document_policy_include_js_call_stacks",
      "enable_chrome_features": [
        "DocumentPolicyIncludeJSCallStacksInCrashReports"
      ],
      "type": "normal"
    },
    {
      "experiment": "ripcord_desktop_disable_windows_display_crash_feature",
      "disable_chrome_features": [
        "SkipEmptyDisplayHotplugEvent"
      ],
      "type": "normal"
    },
    {
      "experiment": "ripcord_force_color_profile",
      "add_browser_command_line_args": [
        "--force-color-profile=display-p3-d65"
      ],
      "type": "normal",
      "filter": {
        "platform": [
          "darwin"
        ]
      }
    },
    {
      "experiment": "ripcord_disable_blink_customizable_select",
      "disable_blink_features": [
        "CustomizableSelect"
      ],
      "type": "normal"
    },
    {
      "experiment": "ripcord_enumerate_devices_relaxed_cache",
      "disable_chrome_features": [
        "EnumerateDevicesRelaxedCache"
      ],
      "type": "normal"
    },
    {
      "experiment": "",
      "enable_slack_features": [
        "desktop_loading_screen"
      ],
      "type": "normal"
    },
    {
      "experiment": "desktop_set_system_notification_playback",
      "enable_slack_features": [
        "set_system_notification_playback"
      ],
      "type": "normal",
      "filter": {
        "platform": [
          "win32"
        ],
        "dist": [
          "MSIX",
          "WinStore"
        ]
      }
    }
  ]
}
[04/24/26, 09:07:57:389] info: Store: UPDATE_DESKTOP_FEATURES 
[
  "desktop_loading_screen"
]
[04/24/26, 09:07:57:390] info: Store: UPDATE_SETTINGS 
{
  "signInMethod": "browser"
}
[04/24/26, 09:07:57:391] info: Store: UPDATE_SETTINGS 
{
  "devToolsEnabled": false
}
[04/24/26, 09:07:57:392] info: applyDesktopFeaturesAppEpic: enabled following features 
[
  "desktop_loading_screen"
]
[04/24/26, 09:07:57:434] info: Breadcrumb: electron: window.ready-to-show 
{
  "id": 1,
  "url": "[REDACTED]"
}
[04/24/26, 09:07:57:445] info: Breadcrumb: electron.net: undefined 
{
  "url": "[REDACTED]",
  "method": "POST",
  "status_code": 200
}
[04/24/26, 09:07:57:449] info: Breadcrumb: electron.net: undefined 
{
  "url": "[REDACTED]",
  "method": "POST",
  "status_code": 200
}
[04/24/26, 09:07:57:450] info: Breadcrumb: electron.net: undefined 
{
  "url": "[REDACTED]",
  "method": "POST",
  "status_code": 200
}
[04/24/26, 09:07:57:877] info: Store: UPDATE_SETTINGS 
{
  "userTheme": "dark"
}
[04/24/26, 09:07:57:879] info: Store: UPDATE_SETTINGS 
{
  "systemThemeSyncEnabled": true
}
[04/24/26, 09:07:58:337] info: Store: SET_WINDOW_FRAME 
{
  "id": 1,
  "frame": {
    "bounds": {
      "x": 0,
      "y": 0,
      "width": 3816,
      "height": 2110
    }
  },
  "fromEvent": true
}
[04/24/26, 09:07:58:374] info: Store: SET_WINDOW_FRAME 
{
  "id": 1,
  "frame": {
    "bounds": {
      "x": 0,
      "y": 0,
      "width": 3816,
      "height": 2110
    }
  },
  "fromEvent": true
}
[04/24/26, 09:07:58:375] info: Store: UPDATE_SETTINGS 
{
  "mainWindowSettings": {
    "fullScreen": false,
    "maximized": true,
    "bounds": {
      "width": 1536,
      "height": 1296,
      "x": 4032,
      "y": 432
    }
  }
}
[04/24/26, 09:07:58:427] info: waitAuthCookieChange: waiting for auth change for session 
{
  "sessionId": "PROD_DEFAULT_SESSION"
}
[04/24/26, 09:07:58:449] info: Store: SELECTION_CHANGED TP17WPBDX
[04/24/26, 09:07:58:522] info: Permission check granted: 
{
  "isMainFrame": true,
  "permission": "background-sync",
  "requestingOrigin": "https://app.slack.com/",
  "requestingUrl": "https://app.slack.com/client/TP17WPBDX",
  "securityOrigin": null,
  "slackChildWindowRequest": {
    "result": false,
    "reason": "Not child window URL"
  }
}
[04/24/26, 09:07:58:596] info: Permission check denied: 
{
  "isMainFrame": false,
  "permission": "media",
  "requestingOrigin": "https://app.slack.com/",
  "requestingUrl": null,
  "securityOrigin": null,
  "mediaType": "video",
  "slackChildWindowRequest": false
}
[04/24/26, 09:07:58:596] info: Permission check denied: 
{
  "isMainFrame": false,
  "permission": "media",
  "requestingOrigin": "https://app.slack.com/",
  "requestingUrl": null,
  "securityOrigin": null,
  "mediaType": "audio",
  "slackChildWindowRequest": false
}
[04/24/26, 09:07:58:596] info: Permission check denied: 
{
  "isMainFrame": false,
  "permission": "web-app-installation",
  "requestingOrigin": "https://app.slack.com/",
  "requestingUrl": null,
  "securityOrigin": null,
  "slackChildWindowRequest": false
}
[04/24/26, 09:07:58:596] info: Permission check denied: 
{
  "isMainFrame": false,
  "permission": "geolocation",
  "requestingOrigin": "https://app.slack.com/",
  "requestingUrl": null,
  "securityOrigin": null,
  "slackChildWindowRequest": false
}
[04/24/26, 09:07:58:675] info: Store: SET_NETWORK_STATUS online
[04/24/26, 09:07:59:618] info: Store: REDUX_UPDATE_FROM_WEBAPP (TP17WPBDX) Changed keys [theme,notificationPrefs,connectivityPrefs,featureFlags,unreads,locale,version,frontendBuildType,userId]
[04/24/26, 09:07:59:635] info: Permission check granted: 
{
  "isMainFrame": true,
  "permission": "media",
  "requestingOrigin": "https://app.slack.com/",
  "requestingUrl": "https://app.slack.com/client/TP17WPBDX",
  "securityOrigin": null,
  "mediaType": "video",
  "slackChildWindowRequest": {
    "result": false,
    "reason": "Not child window URL"
  }
}
[04/24/26, 09:07:59:635] info: Permission check granted: 
{
  "isMainFrame": true,
  "permission": "media",
  "requestingOrigin": "https://app.slack.com/",
  "requestingUrl": "https://app.slack.com/client/TP17WPBDX",
  "securityOrigin": null,
  "mediaType": "audio",
  "slackChildWindowRequest": {
    "result": false,
    "reason": "Not child window URL"
  }
}
[04/24/26, 09:07:59:635] info: Permission check granted: 
{
  "isMainFrame": true,
  "permission": "web-app-installation",
  "requestingOrigin": "https://app.slack.com/",
  "requestingUrl": "https://app.slack.com/client/TP17WPBDX",
  "securityOrigin": null,
  "slackChildWindowRequest": {
    "result": false,
    "reason": "Not child window URL"
  }
}
[04/24/26, 09:07:59:635] info: Permission check granted: 
{
  "isMainFrame": true,
  "permission": "geolocation",
  "requestingOrigin": "https://app.slack.com/",
  "requestingUrl": "https://app.slack.com/client/TP17WPBDX",
  "securityOrigin": null,
  "slackChildWindowRequest": {
    "result": false,
    "reason": "Not child window URL"
  }
}
[04/24/26, 09:07:59:759] info: Permission check granted: 
{
  "isMainFrame": true,
  "permission": "media",
  "requestingOrigin": "https://app.slack.com/client/TP17WPBDX/C02FZFAR14Y",
  "requestingUrl": "https://app.slack.com/client/TP17WPBDX/C02FZFAR14Y",
  "securityOrigin": "https://app.slack.com/",
  "mediaType": "audio",
  "slackChildWindowRequest": {
    "result": false,
    "reason": "Not child window URL"
  }
}
[04/24/26, 09:07:59:760] info: Permission check granted: 
{
  "isMainFrame": true,
  "permission": "speaker-selection",
  "requestingOrigin": "https://app.slack.com/",
  "requestingUrl": "https://app.slack.com/client/TP17WPBDX/C02FZFAR14Y",
  "securityOrigin": null,
  "slackChildWindowRequest": {
    "result": false,
    "reason": "Not child window URL"
  }
}
[04/24/26, 09:07:59:760] info: Permission check granted: 
{
  "isMainFrame": true,
  "permission": "media",
  "requestingOrigin": "https://app.slack.com/client/TP17WPBDX/C02FZFAR14Y",
  "requestingUrl": "https://app.slack.com/client/TP17WPBDX/C02FZFAR14Y",
  "securityOrigin": "https://app.slack.com/",
  "mediaType": "video",
  "slackChildWindowRequest": {
    "result": false,
    "reason": "Not child window URL"
  }
}
[04/24/26, 09:07:59:765] info: Store: EXTEND_MENU global: menucategory-file,menucategory-view,menucategory-jump-to
[04/24/26, 09:07:59:770] info: Store: EXTEND_MENU TP17WPBDX: menucategory-file,menucategory-view,menucategory-edit,menucategory-help,menucategory-history
[04/24/26, 09:07:59:773] info: Store: UPDATE_SETTINGS 
{
  "zoomLevel": 0
}
[04/24/26, 09:07:59:809] info: Breadcrumb: electron: screen.display-metrics-changed 
[04/24/26, 09:07:59:809] info: Store: DISPLAY_METRICS_CHANGED 
[04/24/26, 09:08:00:012] info: Store: STORE_USER_WORKSPACES 
{
  "userTeamId": "TP17WPBDX",
  "workspaceIds": [
    "TP17WPBDX"
  ]
}
[04/24/26, 09:08:00:021] info: Store: SELECTION_CHANGED TP17WPBDX
[04/24/26, 09:08:00:034] info: Permission check granted: 
{
  "isMainFrame": true,
  "permission": "media",
  "requestingOrigin": "https://app.slack.com/",
  "requestingUrl": "https://app.slack.com/client/TP17WPBDX/C02FZFAR14Y",
  "securityOrigin": null,
  "mediaType": "video",
  "slackChildWindowRequest": {
    "result": false,
    "reason": "Not child window URL"
  }
}
[04/24/26, 09:08:00:034] info: Permission check granted: 
{
  "isMainFrame": true,
  "permission": "media",
  "requestingOrigin": "https://app.slack.com/",
  "requestingUrl": "https://app.slack.com/client/TP17WPBDX/C02FZFAR14Y",
  "securityOrigin": null,
  "mediaType": "audio",
  "slackChildWindowRequest": {
    "result": false,
    "reason": "Not child window URL"
  }
}
[04/24/26, 09:08:00:035] info: Permission check granted: 
{
  "isMainFrame": true,
  "permission": "web-app-installation",
  "requestingOrigin": "https://app.slack.com/",
  "requestingUrl": "https://app.slack.com/client/TP17WPBDX/C02FZFAR14Y",
  "securityOrigin": null,
  "slackChildWindowRequest": {
    "result": false,
    "reason": "Not child window URL"
  }
}
[04/24/26, 09:08:00:035] info: Permission check granted: 
{
  "isMainFrame": true,
  "permission": "geolocation",
  "requestingOrigin": "https://app.slack.com/",
  "requestingUrl": "https://app.slack.com/client/TP17WPBDX/C02FZFAR14Y",
  "securityOrigin": null,
  "slackChildWindowRequest": {
    "result": false,
    "reason": "Not child window URL"
  }
}
[04/24/26, 09:08:00:115] info: Permission check granted: 
{
  "isMainFrame": true,
  "permission": "media",
  "requestingOrigin": "https://app.slack.com/client/TP17WPBDX/C02FZFAR14Y",
  "requestingUrl": "https://app.slack.com/client/TP17WPBDX/C02FZFAR14Y",
  "securityOrigin": "https://app.slack.com/",
  "mediaType": "audio",
  "slackChildWindowRequest": {
    "result": false,
    "reason": "Not child window URL"
  }
}
[04/24/26, 09:08:00:115] info: Permission check granted: 
{
  "isMainFrame": true,
  "permission": "speaker-selection",
  "requestingOrigin": "https://app.slack.com/",
  "requestingUrl": "https://app.slack.com/client/TP17WPBDX/C02FZFAR14Y",
  "securityOrigin": null,
  "slackChildWindowRequest": {
    "result": false,
    "reason": "Not child window URL"
  }
}
[04/24/26, 09:08:00:115] info: Permission check granted: 
{
  "isMainFrame": true,
  "permission": "media",
  "requestingOrigin": "https://app.slack.com/client/TP17WPBDX/C02FZFAR14Y",
  "requestingUrl": "https://app.slack.com/client/TP17WPBDX/C02FZFAR14Y",
  "securityOrigin": "https://app.slack.com/",
  "mediaType": "video",
  "slackChildWindowRequest": {
    "result": false,
    "reason": "Not child window URL"
  }
}
[04/24/26, 09:08:00:155] info: Store: SYNC Synced 1 workspaces with IDs [TP17WPBDX]
[04/24/26, 09:08:00:159] info: registerLifeCycleEvents: webContents:1 from 'loaded' to 'webapp-loaded' took 2834 ms 
[04/24/26, 09:08:00:160] info: Store: UPSERT_WEB_CONTENTS 
{
  "id": 1,
  "state": "webapp-loaded"
}
[04/24/26, 09:08:00:161] info: Initial Boot Timestamp: 1777014476565
      Boot Phase: WEBAPP_LOADED
      Duration: 2835ms
      From Boot to WEBAPP_LOADED: 3595ms
      Invoked on Startup: false
      CPU Speed: 100 
[04/24/26, 09:08:00:161] info: Store: RECORD_PERFORMANCE_TIMING 
{
  "phase": 3,
  "interval": 2835
}
[04/24/26, 09:08:00:275] info: Breadcrumb: electron.net: undefined 
{
  "url": "[REDACTED]",
  "method": "POST",
  "status_code": 200
}
[04/24/26, 09:08:01:210] info: Store: REDUX_UPDATE_FROM_WEBAPP (TP17WPBDX) Changed keys [unreads]
[04/24/26, 09:08:01:422] info: registerLifeCycleEvents: webContents:1 is type 'app' 
[04/24/26, 09:08:01:422] info: Store: UPSERT_WEB_CONTENTS 
{
  "id": 1,
  "type": "app",
  "history": "[REDACTED]"
}
[04/24/26, 09:08:01:535] info: Store: EXTEND_MENU TP17WPBDX: menucategory-file,menucategory-view,menucategory-edit,menucategory-help,menucategory-history
[04/24/26, 09:08:03:168] info: Permission check granted: 
{
  "isMainFrame": true,
  "permission": "media",
  "requestingOrigin": "https://app.slack.com/",
  "requestingUrl": "https://app.slack.com/client/TP17WPBDX/C02FZFAR14Y",
  "securityOrigin": null,
  "mediaType": "video",
  "slackChildWindowRequest": {
    "result": false,
    "reason": "Not child window URL"
  }
}
[04/24/26, 09:08:03:168] info: Permission check granted: 
{
  "isMainFrame": true,
  "permission": "media",
  "requestingOrigin": "https://app.slack.com/",
  "requestingUrl": "https://app.slack.com/client/TP17WPBDX/C02FZFAR14Y",
  "securityOrigin": null,
  "mediaType": "audio",
  "slackChildWindowRequest": {
    "result": false,
    "reason": "Not child window URL"
  }
}
[04/24/26, 09:08:03:168] info: Permission check granted: 
{
  "isMainFrame": true,
  "permission": "web-app-installation",
  "requestingOrigin": "https://app.slack.com/",
  "requestingUrl": "https://app.slack.com/client/TP17WPBDX/C02FZFAR14Y",
  "securityOrigin": null,
  "slackChildWindowRequest": {
    "result": false,
    "reason": "Not child window URL"
  }
}
[04/24/26, 09:08:03:168] info: Permission check granted: 
{
  "isMainFrame": true,
  "permission": "geolocation",
  "requestingOrigin": "https://app.slack.com/",
  "requestingUrl": "https://app.slack.com/client/TP17WPBDX/C02FZFAR14Y",
  "securityOrigin": null,
  "slackChildWindowRequest": {
    "result": false,
    "reason": "Not child window URL"
  }
}
[04/24/26, 09:08:03:365] info: Store: EXTEND_MENU TP17WPBDX: menucategory-file,menucategory-view,menucategory-edit,menucategory-help,menucategory-history
[04/24/26, 09:08:03:897] info: Permission check granted: 
{
  "isMainFrame": true,
  "permission": "media",
  "requestingOrigin": "https://app.slack.com/",
  "requestingUrl": "https://app.slack.com/client/TP17WPBDX/C03EQ7U0N56",
  "securityOrigin": null,
  "mediaType": "video",
  "slackChildWindowRequest": {
    "result": false,
    "reason": "Not child window URL"
  }
}
[04/24/26, 09:08:03:897] info: Permission check granted: 
{
  "isMainFrame": true,
  "permission": "media",
  "requestingOrigin": "https://app.slack.com/",
  "requestingUrl": "https://app.slack.com/client/TP17WPBDX/C03EQ7U0N56",
  "securityOrigin": null,
  "mediaType": "audio",
  "slackChildWindowRequest": {
    "result": false,
    "reason": "Not child window URL"
  }
}
[04/24/26, 09:08:03:897] info: Permission check granted: 
{
  "isMainFrame": true,
  "permission": "web-app-installation",
  "requestingOrigin": "https://app.slack.com/",
  "requestingUrl": "https://app.slack.com/client/TP17WPBDX/C03EQ7U0N56",
  "securityOrigin": null,
  "slackChildWindowRequest": {
    "result": false,
    "reason": "Not child window URL"
  }
}
[04/24/26, 09:08:03:897] info: Permission check granted: 
{
  "isMainFrame": true,
  "permission": "geolocation",
  "requestingOrigin": "https://app.slack.com/",
  "requestingUrl": "https://app.slack.com/client/TP17WPBDX/C03EQ7U0N56",
  "securityOrigin": null,
  "slackChildWindowRequest": {
    "result": false,
    "reason": "Not child window URL"
  }
}
[04/24/26, 09:08:04:234] info: Store: EXTEND_MENU TP17WPBDX: menucategory-file,menucategory-view,menucategory-edit,menucategory-help,menucategory-history
[04/24/26, 09:08:04:784] info: Permission check granted: 
{
  "isMainFrame": true,
  "permission": "media",
  "requestingOrigin": "https://app.slack.com/client/TP17WPBDX/C026GLE3RDM",
  "requestingUrl": "https://app.slack.com/client/TP17WPBDX/C026GLE3RDM",
  "securityOrigin": "https://app.slack.com/",
  "mediaType": "audio",
  "slackChildWindowRequest": {
    "result": false,
    "reason": "Not child window URL"
  }
}
[04/24/26, 09:08:04:785] info: Permission check granted: 
{
  "isMainFrame": true,
  "permission": "speaker-selection",
  "requestingOrigin": "https://app.slack.com/",
  "requestingUrl": "https://app.slack.com/client/TP17WPBDX/C026GLE3RDM",
  "securityOrigin": null,
  "slackChildWindowRequest": {
    "result": false,
    "reason": "Not child window URL"
  }
}
[04/24/26, 09:08:04:785] info: Permission check granted: 
{
  "isMainFrame": true,
  "permission": "media",
  "requestingOrigin": "https://app.slack.com/client/TP17WPBDX/C026GLE3RDM",
  "requestingUrl": "https://app.slack.com/client/TP17WPBDX/C026GLE3RDM",
  "securityOrigin": "https://app.slack.com/",
  "mediaType": "video",
  "slackChildWindowRequest": {
    "result": false,
    "reason": "Not child window URL"
  }
}
[04/24/26, 09:08:05:157] info: Store: persist/FLUSH 
[04/24/26, 09:08:15:963] info: Permission check granted: 
{
  "isMainFrame": true,
  "permission": "media",
  "requestingOrigin": "https://app.slack.com/",
  "requestingUrl": "https://app.slack.com/client/TP17WPBDX/C026GLE3RDM",
  "securityOrigin": null,
  "mediaType": "video",
  "slackChildWindowRequest": {
    "result": false,
    "reason": "Not child window URL"
  }
}
[04/24/26, 09:08:15:964] info: Permission check granted: 
{
  "isMainFrame": true,
  "permission": "media",
  "requestingOrigin": "https://app.slack.com/",
  "requestingUrl": "https://app.slack.com/client/TP17WPBDX/C026GLE3RDM",
  "securityOrigin": null,
  "mediaType": "audio",
  "slackChildWindowRequest": {
    "result": false,
    "reason": "Not child window URL"
  }
}
[04/24/26, 09:08:15:964] info: Permission check granted: 
{
  "isMainFrame": true,
  "permission": "web-app-installation",
  "requestingOrigin": "https://app.slack.com/",
  "requestingUrl": "https://app.slack.com/client/TP17WPBDX/C026GLE3RDM",
  "securityOrigin": null,
  "slackChildWindowRequest": {
    "result": false,
    "reason": "Not child window URL"
  }
}
[04/24/26, 09:08:15:964] info: Permission check granted: 
{
  "isMainFrame": true,
  "permission": "geolocation",
  "requestingOrigin": "https://app.slack.com/",
  "requestingUrl": "https://app.slack.com/client/TP17WPBDX/C026GLE3RDM",
  "securityOrigin": null,
  "slackChildWindowRequest": {
    "result": false,
    "reason": "Not child window URL"
  }
}
[04/24/26, 09:08:16:132] info: Store: EXTEND_MENU TP17WPBDX: menucategory-file,menucategory-view,menucategory-edit,menucategory-help,menucategory-history
[04/24/26, 09:08:29:058] info: Breadcrumb: electron: window.blur 
{
  "id": 1,
  "url": "[REDACTED]"
}
[04/24/26, 09:08:29:059] info: Breadcrumb: electron: app.browser-window-blur 
[04/24/26, 09:08:29:059] info: Store: SET_WINDOW_FRAME 
{
  "id": 1,
  "frame": {
    "isFocused": false
  },
  "fromEvent": true
}
[04/24/26, 09:09:07:157] info: Breadcrumb: electron.net: undefined 
{
  "url": "[REDACTED]",
  "method": "POST",
  "status_code": 200
}
[04/24/26, 09:09:07:767] info: Breadcrumb: electron.net: undefined 
{
  "url": "[REDACTED]",
  "method": "POST",
  "status_code": 200
}
[04/24/26, 09:09:07:892] info: Breadcrumb: electron.net: undefined 
{
  "url": "[REDACTED]",
  "method": "POST",
  "status_code": 200
}
[04/24/26, 09:13:00:334] info: Permission check granted: 
{
  "isMainFrame": true,
  "permission": "notifications",
  "requestingOrigin": "https://app.slack.com/",
  "requestingUrl": "https://app.slack.com/client/TP17WPBDX/D088TAA7CS0",
  "securityOrigin": null,
  "slackChildWindowRequest": {
    "result": false,
    "reason": "Not child window URL"
  }
}
[04/24/26, 09:13:00:334] info: Permission check granted: 
{
  "isMainFrame": true,
  "permission": "notifications",
  "requestingOrigin": "https://app.slack.com/",
  "requestingUrl": "https://app.slack.com/client/TP17WPBDX/D088TAA7CS0",
  "securityOrigin": null,
  "slackChildWindowRequest": {
    "result": false,
    "reason": "Not child window URL"
  }
}
[04/24/26, 09:13:00:335] info: Permission check granted: 
{
  "isMainFrame": true,
  "permission": "notifications",
  "requestingOrigin": "https://app.slack.com/",
  "requestingUrl": "https://app.slack.com/client/TP17WPBDX/D088TAA7CS0",
  "securityOrigin": null,
  "slackChildWindowRequest": {
    "result": false,
    "reason": "Not child window URL"
  }
}
[04/24/26, 09:13:00:335] info: Permission check granted: 
{
  "isMainFrame": true,
  "permission": "notifications",
  "requestingOrigin": "https://app.slack.com/",
  "requestingUrl": "https://app.slack.com/client/TP17WPBDX/D088TAA7CS0",
  "securityOrigin": null,
  "slackChildWindowRequest": {
    "result": false,
    "reason": "Not child window URL"
  }
}
[04/24/26, 09:36:12:816] info: Store: NEW_NOTIFICATION 
{
  "title": "[REDACTED]",
  "subtitle": "[REDACTED]",
  "content": "[REDACTED]",
  "authorName": "[REDACTED]",
  "avatarImage": "[REDACTED]",
  "teamId": "TP17WPBDX",
  "userId": "U02N0NN01R6",
  "msg": "1777016172.646299",
  "channel": "C08MPRUH6RH",
  "channelName": "[REDACTED]",
  "launchUri": "[REDACTED]",
  "silent": true,
  "hasReply": true,
  "groupWindowsNotifications": true,
  "trace_id": "{\"traceId\":\"a70668dba1eb02a4\",\"parentSpanId\":\"a70668dba1eb02a4\"}",
  "id": "TP17WPBDX_1777016172.646299",
  "sound": "none",
  "win32": {
    "workspaceName": "Perfusion Tech - Technical team"
  },
  "mac": {
    "closeButtonOverride": false
  }
}
[04/24/26, 09:36:12:817] info: Creating new Electron notification. 
[04/24/26, 09:36:12:955] info: Store: SET_WINDOW_FRAME 
{
  "id": 1,
  "frame": {
    "isCurrentlyAudible": true
  },
  "fromEvent": true
}
[04/24/26, 09:36:12:957] info: Store: REDUX_UPDATE_FROM_WEBAPP (TP17WPBDX) Changed keys [unreads]
[04/24/26, 09:36:14:690] info: Store: SET_WINDOW_FRAME 
{
  "id": 1,
  "frame": {
    "isCurrentlyAudible": false
  },
  "fromEvent": true
}
[04/24/26, 09:36:20:688] info: Breadcrumb: electron: window.focus 
{
  "id": 1,
  "url": "[REDACTED]"
}
[04/24/26, 09:36:20:689] info: Breadcrumb: electron: app.browser-window-focus 
[04/24/26, 09:36:20:689] info: Store: SET_WINDOW_FRAME 
{
  "id": 1,
  "frame": {
    "isFocused": true
  },
  "fromEvent": true
}
[04/24/26, 09:36:22:285] info: Permission check granted: 
{
  "isMainFrame": true,
  "permission": "media",
  "requestingOrigin": "https://app.slack.com/",
  "requestingUrl": "https://app.slack.com/client/TP17WPBDX/D088TAA7CS0",
  "securityOrigin": null,
  "mediaType": "video",
  "slackChildWindowRequest": {
    "result": false,
    "reason": "Not child window URL"
  }
}
[04/24/26, 09:36:22:285] info: Permission check granted: 
{
  "isMainFrame": true,
  "permission": "media",
  "requestingOrigin": "https://app.slack.com/",
  "requestingUrl": "https://app.slack.com/client/TP17WPBDX/D088TAA7CS0",
  "securityOrigin": null,
  "mediaType": "audio",
  "slackChildWindowRequest": {
    "result": false,
    "reason": "Not child window URL"
  }
}
[04/24/26, 09:36:22:285] info: Permission check granted: 
{
  "isMainFrame": true,
  "permission": "web-app-installation",
  "requestingOrigin": "https://app.slack.com/",
  "requestingUrl": "https://app.slack.com/client/TP17WPBDX/D088TAA7CS0",
  "securityOrigin": null,
  "slackChildWindowRequest": {
    "result": false,
    "reason": "Not child window URL"
  }
}
[04/24/26, 09:36:22:285] info: Permission check granted: 
{
  "isMainFrame": true,
  "permission": "geolocation",
  "requestingOrigin": "https://app.slack.com/",
  "requestingUrl": "https://app.slack.com/client/TP17WPBDX/D088TAA7CS0",
  "securityOrigin": null,
  "slackChildWindowRequest": {
    "result": false,
    "reason": "Not child window URL"
  }
}
[04/24/26, 09:36:22:789] info: Store: EXTEND_MENU TP17WPBDX: menucategory-file,menucategory-view,menucategory-edit,menucategory-help,menucategory-history
[04/24/26, 09:36:24:196] info: Store: REDUX_UPDATE_FROM_WEBAPP (TP17WPBDX) Changed keys [unreads]
[04/24/26, 09:36:36:703] info: Breadcrumb: electron: window.blur 
{
  "id": 1,
  "url": "[REDACTED]"
}
[04/24/26, 09:36:36:704] info: Breadcrumb: electron: app.browser-window-blur 
[04/24/26, 09:36:36:704] info: Store: SET_WINDOW_FRAME 
{
  "id": 1,
  "frame": {
    "isFocused": false
  },
  "fromEvent": true
}
[04/24/26, 09:37:07:316] info: Breadcrumb: electron.net: undefined 
{
  "url": "[REDACTED]",
  "method": "POST",
  "status_code": 200
}
[04/24/26, 09:37:54:702] info: Store: NEW_NOTIFICATION 
{
  "title": "[REDACTED]",
  "subtitle": "[REDACTED]",
  "content": "[REDACTED]",
  "authorName": "[REDACTED]",
  "avatarImage": "[REDACTED]",
  "teamId": "TP17WPBDX",
  "userId": "U02N0NN01R6",
  "msg": "1777016274.571799",
  "channel": "C08MPRUH6RH",
  "channelName": "[REDACTED]",
  "launchUri": "[REDACTED]",
  "silent": true,
  "hasReply": true,
  "groupWindowsNotifications": true,
  "trace_id": "{\"traceId\":\"71c867280d9b4ded\",\"parentSpanId\":\"71c867280d9b4ded\"}",
  "id": "TP17WPBDX_1777016274.571799",
  "sound": "none",
  "win32": {
    "workspaceName": "Perfusion Tech - Technical team"
  },
  "mac": {
    "closeButtonOverride": false
  }
}
[04/24/26, 09:37:54:703] info: Creating new Electron notification. 
[04/24/26, 09:37:54:808] info: Store: SET_WINDOW_FRAME 
{
  "id": 1,
  "frame": {
    "isCurrentlyAudible": true
  },
  "fromEvent": true
}
[04/24/26, 09:37:56:548] info: Store: SET_WINDOW_FRAME 
{
  "id": 1,
  "frame": {
    "isCurrentlyAudible": false
  },
  "fromEvent": true
}
[04/24/26, 09:37:56:550] info: Store: REDUX_UPDATE_FROM_WEBAPP (TP17WPBDX) Changed keys [unreads]
[04/24/26, 09:38:17:337] info: Breadcrumb: electron.net: undefined 
{
  "url": "[REDACTED]",
  "method": "POST",
  "status_code": 200
}
[04/24/26, 09:39:28:106] info: Store: NEW_NOTIFICATION 
{
  "title": "[REDACTED]",
  "subtitle": "[REDACTED]",
  "content": "[REDACTED]",
  "authorName": "[REDACTED]",
  "avatarImage": "[REDACTED]",
  "teamId": "TP17WPBDX",
  "userId": "U02N0NN01R6",
  "msg": "1777016368.029329",
  "channel": "C07J36TUEDA",
  "channelName": "[REDACTED]",
  "launchUri": "[REDACTED]",
  "silent": true,
  "hasReply": true,
  "groupWindowsNotifications": true,
  "trace_id": "{\"traceId\":\"8913723d547bc4b5\",\"parentSpanId\":\"8913723d547bc4b5\"}",
  "id": "TP17WPBDX_1777016368.029329",
  "sound": "none",
  "win32": {
    "workspaceName": "Perfusion Tech - Technical team"
  },
  "mac": {
    "closeButtonOverride": false
  }
}
[04/24/26, 09:39:28:107] info: Creating new Electron notification. 
[04/24/26, 09:39:28:202] info: Store: SET_WINDOW_FRAME 
{
  "id": 1,
  "frame": {
    "isCurrentlyAudible": true
  },
  "fromEvent": true
}
[04/24/26, 09:39:29:937] info: Store: SET_WINDOW_FRAME 
{
  "id": 1,
  "frame": {
    "isCurrentlyAudible": false
  },
  "fromEvent": true
}
[04/24/26, 09:39:43:881] info: Breadcrumb: electron: window.focus 
{
  "id": 1,
  "url": "[REDACTED]"
}
[04/24/26, 09:39:43:881] info: Breadcrumb: electron: app.browser-window-focus 
[04/24/26, 09:39:43:882] info: Store: SET_WINDOW_FRAME 
{
  "id": 1,
  "frame": {
    "isFocused": true
  },
  "fromEvent": true
}
[04/24/26, 09:39:45:228] info: Breadcrumb: electron: window.blur 
{
  "id": 1,
  "url": "[REDACTED]"
}
[04/24/26, 09:39:45:228] info: Breadcrumb: electron: app.browser-window-blur 
[04/24/26, 09:39:45:228] info: Store: SET_WINDOW_FRAME 
{
  "id": 1,
  "frame": {
    "isFocused": false
  },
  "fromEvent": true
}
[04/24/26, 09:39:46:262] info: Breadcrumb: electron: window.focus 
{
  "id": 1,
  "url": "[REDACTED]"
}
[04/24/26, 09:39:46:262] info: Breadcrumb: electron: app.browser-window-focus 
[04/24/26, 09:39:46:262] info: Store: SET_WINDOW_FRAME 
{
  "id": 1,
  "frame": {
    "isFocused": true
  },
  "fromEvent": true
}
[04/24/26, 09:39:48:277] info: Store: REDUX_UPDATE_FROM_WEBAPP (TP17WPBDX) Changed keys [unreads]
[04/24/26, 09:39:48:863] info: Permission check granted: 
{
  "isMainFrame": true,
  "permission": "media",
  "requestingOrigin": "https://app.slack.com/",
  "requestingUrl": "https://app.slack.com/client/TP17WPBDX/C08MPRUH6RH",
  "securityOrigin": null,
  "mediaType": "video",
  "slackChildWindowRequest": {
    "result": false,
    "reason": "Not child window URL"
  }
}
[04/24/26, 09:39:48:863] info: Permission check granted: 
{
  "isMainFrame": true,
  "permission": "media",
  "requestingOrigin": "https://app.slack.com/",
  "requestingUrl": "https://app.slack.com/client/TP17WPBDX/C08MPRUH6RH",
  "securityOrigin": null,
  "mediaType": "audio",
  "slackChildWindowRequest": {
    "result": false,
    "reason": "Not child window URL"
  }
}
[04/24/26, 09:39:48:863] info: Permission check granted: 
{
  "isMainFrame": true,
  "permission": "web-app-installation",
  "requestingOrigin": "https://app.slack.com/",
  "requestingUrl": "https://app.slack.com/client/TP17WPBDX/C08MPRUH6RH",
  "securityOrigin": null,
  "slackChildWindowRequest": {
    "result": false,
    "reason": "Not child window URL"
  }
}
[04/24/26, 09:39:48:863] info: Permission check granted: 
{
  "isMainFrame": true,
  "permission": "geolocation",
  "requestingOrigin": "https://app.slack.com/",
  "requestingUrl": "https://app.slack.com/client/TP17WPBDX/C08MPRUH6RH",
  "securityOrigin": null,
  "slackChildWindowRequest": {
    "result": false,
    "reason": "Not child window URL"
  }
}
[04/24/26, 09:39:49:153] info: Store: EXTEND_MENU TP17WPBDX: menucategory-file,menucategory-view,menucategory-edit,menucategory-help,menucategory-history
[04/24/26, 09:39:54:977] info: Permission check granted: 
{
  "isMainFrame": true,
  "permission": "media",
  "requestingOrigin": "https://app.slack.com/",
  "requestingUrl": "https://app.slack.com/client/TP17WPBDX/C07J36TUEDA",
  "securityOrigin": null,
  "mediaType": "video",
  "slackChildWindowRequest": {
    "result": false,
    "reason": "Not child window URL"
  }
}
[04/24/26, 09:39:54:978] info: Permission check granted: 
{
  "isMainFrame": true,
  "permission": "media",
  "requestingOrigin": "https://app.slack.com/",
  "requestingUrl": "https://app.slack.com/client/TP17WPBDX/C07J36TUEDA",
  "securityOrigin": null,
  "mediaType": "audio",
  "slackChildWindowRequest": {
    "result": false,
    "reason": "Not child window URL"
  }
}
[04/24/26, 09:39:54:978] info: Permission check granted: 
{
  "isMainFrame": true,
  "permission": "web-app-installation",
  "requestingOrigin": "https://app.slack.com/",
  "requestingUrl": "https://app.slack.com/client/TP17WPBDX/C07J36TUEDA",
  "securityOrigin": null,
  "slackChildWindowRequest": {
    "result": false,
    "reason": "Not child window URL"
  }
}
[04/24/26, 09:39:54:978] info: Permission check granted: 
{
  "isMainFrame": true,
  "permission": "geolocation",
  "requestingOrigin": "https://app.slack.com/",
  "requestingUrl": "https://app.slack.com/client/TP17WPBDX/C07J36TUEDA",
  "securityOrigin": null,
  "slackChildWindowRequest": {
    "result": false,
    "reason": "Not child window URL"
  }
}
[04/24/26, 09:39:55:261] info: Store: EXTEND_MENU TP17WPBDX: menucategory-file,menucategory-view,menucategory-edit,menucategory-help,menucategory-history
[04/24/26, 09:40:37:334] info: Breadcrumb: electron.net: undefined 
{
  "url": "[REDACTED]",
  "method": "POST",
  "status_code": 200
}
[04/24/26, 09:40:40:714] info: Breadcrumb: electron: window.blur 
{
  "id": 1,
  "url": "[REDACTED]"
}
[04/24/26, 09:40:40:715] info: Breadcrumb: electron: app.browser-window-blur 
[04/24/26, 09:40:40:715] info: Store: SET_WINDOW_FRAME 
{
  "id": 1,
  "frame": {
    "isFocused": false
  },
  "fromEvent": true
}
[04/24/26, 09:40:49:424] info: Breadcrumb: electron: window.focus 
{
  "id": 1,
  "url": "[REDACTED]"
}
[04/24/26, 09:40:49:424] info: Breadcrumb: electron: app.browser-window-focus 
[04/24/26, 09:40:49:425] info: Store: SET_WINDOW_FRAME 
{
  "id": 1,
  "frame": {
    "isFocused": true
  },
  "fromEvent": true
}
[04/24/26, 09:41:06:784] info: Breadcrumb: electron: window.blur 
{
  "id": 1,
  "url": "[REDACTED]"
}
[04/24/26, 09:41:06:784] info: Breadcrumb: electron: app.browser-window-blur 
[04/24/26, 09:41:06:784] info: Store: SET_WINDOW_FRAME 
{
  "id": 1,
  "frame": {
    "isFocused": false
  },
  "fromEvent": true
}
[04/24/26, 09:41:09:608] info: Breadcrumb: electron: window.focus 
{
  "id": 1,
  "url": "[REDACTED]"
}
[04/24/26, 09:41:09:608] info: Breadcrumb: electron: app.browser-window-focus 
[04/24/26, 09:41:09:608] info: Store: SET_WINDOW_FRAME 
{
  "id": 1,
  "frame": {
    "isFocused": true
  },
  "fromEvent": true
}
[04/24/26, 09:41:10:275] info: Breadcrumb: electron: window.blur 
{
  "id": 1,
  "url": "[REDACTED]"
}
[04/24/26, 09:41:10:276] info: Breadcrumb: electron: app.browser-window-blur 
[04/24/26, 09:41:10:276] info: Store: SET_WINDOW_FRAME 
{
  "id": 1,
  "frame": {
    "isFocused": false
  },
  "fromEvent": true
}
[04/24/26, 09:57:23:561] info: Breadcrumb: electron: window.focus 
{
  "id": 1,
  "url": "[REDACTED]"
}
[04/24/26, 09:57:23:561] info: Breadcrumb: electron: app.browser-window-focus 
[04/24/26, 09:57:23:561] info: Store: SET_WINDOW_FRAME 
{
  "id": 1,
  "frame": {
    "isFocused": true
  },
  "fromEvent": true
}
[04/24/26, 09:57:24:273] info: Breadcrumb: electron: window.blur 
{
  "id": 1,
  "url": "[REDACTED]"
}
[04/24/26, 09:57:24:274] info: Breadcrumb: electron: app.browser-window-blur 
[04/24/26, 09:57:24:274] info: Store: SET_WINDOW_FRAME 
{
  "id": 1,
  "frame": {
    "isFocused": false
  },
  "fromEvent": true
}
[04/24/26, 10:07:57:037] info: Feature Check: requesting features from https://app.slack.com/api/ 
[04/24/26, 10:07:57:199] info: Breadcrumb: electron.net: undefined 
{
  "url": "[REDACTED]",
  "method": "GET",
  "status_code": 200
}
[04/24/26, 10:07:57:200] info: Feature Check: received experiments 
{
  "ok": true,
  "experiments": [
    {
      "experiment": "",
      "disable_chrome_features": [
        "PostQuantumKyber"
      ],
      "type": "normal"
    },
    {
      "experiment": "ripcord_document_policy_include_js_call_stacks",
      "enable_chrome_features": [
        "DocumentPolicyIncludeJSCallStacksInCrashReports"
      ],
      "type": "normal"
    },
    {
      "experiment": "ripcord_desktop_disable_windows_display_crash_feature",
      "disable_chrome_features": [
        "SkipEmptyDisplayHotplugEvent"
      ],
      "type": "normal"
    },
    {
      "experiment": "ripcord_force_color_profile",
      "add_browser_command_line_args": [
        "--force-color-profile=display-p3-d65"
      ],
      "type": "normal",
      "filter": {
        "platform": [
          "darwin"
        ]
      }
    },
    {
      "experiment": "ripcord_disable_blink_customizable_select",
      "disable_blink_features": [
        "CustomizableSelect"
      ],
      "type": "normal"
    },
    {
      "experiment": "ripcord_enumerate_devices_relaxed_cache",
      "disable_chrome_features": [
        "EnumerateDevicesRelaxedCache"
      ],
      "type": "normal"
    },
    {
      "experiment": "",
      "enable_slack_features": [
        "desktop_loading_screen"
      ],
      "type": "normal"
    },
    {
      "experiment": "desktop_set_system_notification_playback",
      "enable_slack_features": [
        "set_system_notification_playback"
      ],
      "type": "normal",
      "filter": {
        "platform": [
          "win32"
        ],
        "dist": [
          "MSIX",
          "WinStore"
        ]
      }
    }
  ]
}
[04/24/26, 10:14:00:337] info: Permission check granted: 
{
  "isMainFrame": true,
  "permission": "notifications",
  "requestingOrigin": "https://app.slack.com/",
  "requestingUrl": "https://app.slack.com/client/TP17WPBDX/CTBK9DZSR",
  "securityOrigin": null,
  "slackChildWindowRequest": {
    "result": false,
    "reason": "Not child window URL"
  }
}
[04/24/26, 10:14:00:337] info: Permission check granted: 
{
  "isMainFrame": true,
  "permission": "notifications",
  "requestingOrigin": "https://app.slack.com/",
  "requestingUrl": "https://app.slack.com/client/TP17WPBDX/CTBK9DZSR",
  "securityOrigin": null,
  "slackChildWindowRequest": {
    "result": false,
    "reason": "Not child window URL"
  }
}
[04/24/26, 10:14:00:338] info: Permission check granted: 
{
  "isMainFrame": true,
  "permission": "notifications",
  "requestingOrigin": "https://app.slack.com/",
  "requestingUrl": "https://app.slack.com/client/TP17WPBDX/CTBK9DZSR",
  "securityOrigin": null,
  "slackChildWindowRequest": {
    "result": false,
    "reason": "Not child window URL"
  }
}
[04/24/26, 10:14:00:338] info: Permission check granted: 
{
  "isMainFrame": true,
  "permission": "notifications",
  "requestingOrigin": "https://app.slack.com/",
  "requestingUrl": "https://app.slack.com/client/TP17WPBDX/CTBK9DZSR",
  "securityOrigin": null,
  "slackChildWindowRequest": {
    "result": false,
    "reason": "Not child window URL"
  }
}
[04/24/26, 10:46:13:554] info: Breadcrumb: electron: window.focus 
{
  "id": 1,
  "url": "[REDACTED]"
}
[04/24/26, 10:46:13:554] info: Breadcrumb: electron: app.browser-window-focus 
[04/24/26, 10:46:13:555] info: Store: SET_WINDOW_FRAME 
{
  "id": 1,
  "frame": {
    "isFocused": true
  },
  "fromEvent": true
}
[04/24/26, 10:46:14:268] info: Breadcrumb: electron: window.blur 
{
  "id": 1,
  "url": "[REDACTED]"
}
[04/24/26, 10:46:14:268] info: Breadcrumb: electron: app.browser-window-blur 
[04/24/26, 10:46:14:268] info: Store: SET_WINDOW_FRAME 
{
  "id": 1,
  "frame": {
    "isFocused": false
  },
  "fromEvent": true
}
[04/24/26, 10:47:36:187] info: Breadcrumb: electron: window.focus 
{
  "id": 1,
  "url": "[REDACTED]"
}
[04/24/26, 10:47:36:187] info: Breadcrumb: electron: app.browser-window-focus 
[04/24/26, 10:47:36:187] info: Store: SET_WINDOW_FRAME 
{
  "id": 1,
  "frame": {
    "isFocused": true
  },
  "fromEvent": true
}
[04/24/26, 10:47:37:507] info: Breadcrumb: electron: window.blur 
{
  "id": 1,
  "url": "[REDACTED]"
}
[04/24/26, 10:47:37:508] info: Breadcrumb: electron: app.browser-window-blur 
[04/24/26, 10:47:37:508] info: Store: SET_WINDOW_FRAME 
{
  "id": 1,
  "frame": {
    "isFocused": false
  },
  "fromEvent": true
}
[04/24/26, 10:47:38:130] info: Breadcrumb: electron: window.focus 
{
  "id": 1,
  "url": "[REDACTED]"
}
[04/24/26, 10:47:38:130] info: Breadcrumb: electron: app.browser-window-focus 
[04/24/26, 10:47:38:131] info: Store: SET_WINDOW_FRAME 
{
  "id": 1,
  "frame": {
    "isFocused": true
  },
  "fromEvent": true
}
[04/24/26, 10:47:38:555] info: Breadcrumb: electron: window.blur 
{
  "id": 1,
  "url": "[REDACTED]"
}
[04/24/26, 10:47:38:556] info: Breadcrumb: electron: app.browser-window-blur 
[04/24/26, 10:47:38:556] info: Store: SET_WINDOW_FRAME 
{
  "id": 1,
  "frame": {
    "isFocused": false
  },
  "fromEvent": true
}
[04/24/26, 10:47:40:199] info: Breadcrumb: electron: window.focus 
{
  "id": 1,
  "url": "[REDACTED]"
}
[04/24/26, 10:47:40:199] info: Breadcrumb: electron: app.browser-window-focus 
[04/24/26, 10:47:40:199] info: Store: SET_WINDOW_FRAME 
{
  "id": 1,
  "frame": {
    "isFocused": true
  },
  "fromEvent": true
}
[04/24/26, 10:47:41:794] info: Breadcrumb: electron: window.blur 
{
  "id": 1,
  "url": "[REDACTED]"
}
[04/24/26, 10:47:41:794] info: Breadcrumb: electron: app.browser-window-blur 
[04/24/26, 10:47:41:794] info: Store: SET_WINDOW_FRAME 
{
  "id": 1,
  "frame": {
    "isFocused": false
  },
  "fromEvent": true
}
[04/24/26, 10:49:11:421] info: Store: NEW_NOTIFICATION 
{
  "title": "[REDACTED]",
  "subtitle": "[REDACTED]",
  "content": "[REDACTED]",
  "authorName": "[REDACTED]",
  "avatarImage": "[REDACTED]",
  "teamId": "TP17WPBDX",
  "userId": "U02N0NN01R6",
  "msg": "1777020551.354899",
  "channel": "CP7LSE3KP",
  "channelName": "[REDACTED]",
  "launchUri": "[REDACTED]",
  "silent": true,
  "hasReply": true,
  "groupWindowsNotifications": true,
  "trace_id": "{\"traceId\":\"97234baedbdc5373\",\"parentSpanId\":\"97234baedbdc5373\"}",
  "id": "TP17WPBDX_1777020551.354899",
  "sound": "none",
  "win32": {
    "workspaceName": "Perfusion Tech - Technical team"
  },
  "mac": {
    "closeButtonOverride": false
  }
}
[04/24/26, 10:49:11:422] info: Creating new Electron notification. 
[04/24/26, 10:49:11:509] info: Store: SET_WINDOW_FRAME 
{
  "id": 1,
  "frame": {
    "isCurrentlyAudible": true
  },
  "fromEvent": true
}
[04/24/26, 10:49:13:244] info: Store: SET_WINDOW_FRAME 
{
  "id": 1,
  "frame": {
    "isCurrentlyAudible": false
  },
  "fromEvent": true
}
[04/24/26, 10:49:27:679] info: Breadcrumb: electron.net: undefined 
{
  "url": "[REDACTED]",
  "method": "POST",
  "status_code": 200
}
[04/24/26, 10:56:35:873] info: Breadcrumb: electron: window.focus 
{
  "id": 1,
  "url": "[REDACTED]"
}
[04/24/26, 10:56:35:873] info: Breadcrumb: electron: app.browser-window-focus 
[04/24/26, 10:56:35:873] info: Store: SET_WINDOW_FRAME 
{
  "id": 1,
  "frame": {
    "isFocused": true
  },
  "fromEvent": true
}
[04/24/26, 10:56:38:414] info: Permission check granted: 
{
  "isMainFrame": true,
  "permission": "media",
  "requestingOrigin": "https://app.slack.com/",
  "requestingUrl": "https://app.slack.com/client/TP17WPBDX/CTBK9DZSR",
  "securityOrigin": null,
  "mediaType": "video",
  "slackChildWindowRequest": {
    "result": false,
    "reason": "Not child window URL"
  }
}
[04/24/26, 10:56:38:414] info: Permission check granted: 
{
  "isMainFrame": true,
  "permission": "media",
  "requestingOrigin": "https://app.slack.com/",
  "requestingUrl": "https://app.slack.com/client/TP17WPBDX/CTBK9DZSR",
  "securityOrigin": null,
  "mediaType": "audio",
  "slackChildWindowRequest": {
    "result": false,
    "reason": "Not child window URL"
  }
}
[04/24/26, 10:56:38:414] info: Permission check granted: 
{
  "isMainFrame": true,
  "permission": "web-app-installation",
  "requestingOrigin": "https://app.slack.com/",
  "requestingUrl": "https://app.slack.com/client/TP17WPBDX/CTBK9DZSR",
  "securityOrigin": null,
  "slackChildWindowRequest": {
    "result": false,
    "reason": "Not child window URL"
  }
}
[04/24/26, 10:56:38:414] info: Permission check granted: 
{
  "isMainFrame": true,
  "permission": "geolocation",
  "requestingOrigin": "https://app.slack.com/",
  "requestingUrl": "https://app.slack.com/client/TP17WPBDX/CTBK9DZSR",
  "securityOrigin": null,
  "slackChildWindowRequest": {
    "result": false,
    "reason": "Not child window URL"
  }
}
[04/24/26, 10:56:38:791] info: Store: EXTEND_MENU TP17WPBDX: menucategory-file,menucategory-view,menucategory-edit,menucategory-help,menucategory-history
[04/24/26, 10:57:52:396] info: Breadcrumb: electron: window.blur 
{
  "id": 1,
  "url": "[REDACTED]"
}
[04/24/26, 10:57:52:397] info: Breadcrumb: electron: app.browser-window-blur 
[04/24/26, 10:57:52:397] info: Store: SET_WINDOW_FRAME 
{
  "id": 1,
  "frame": {
    "isFocused": false
  },
  "fromEvent": true
}
[04/24/26, 10:57:53:012] info: Breadcrumb: electron: window.focus 
{
  "id": 1,
  "url": "[REDACTED]"
}
[04/24/26, 10:57:53:012] info: Breadcrumb: electron: app.browser-window-focus 
[04/24/26, 10:57:53:012] info: Store: SET_WINDOW_FRAME 
{
  "id": 1,
  "frame": {
    "isFocused": true
  },
  "fromEvent": true
}
[04/24/26, 10:57:53:631] info: Breadcrumb: electron: window.blur 
{
  "id": 1,
  "url": "[REDACTED]"
}
[04/24/26, 10:57:53:631] info: Breadcrumb: electron: app.browser-window-blur 
[04/24/26, 10:57:53:631] info: Store: SET_WINDOW_FRAME 
{
  "id": 1,
  "frame": {
    "isFocused": false
  },
  "fromEvent": true
}
[04/24/26, 11:02:27:918] info: Store: NEW_NOTIFICATION 
{
  "title": "[REDACTED]",
  "subtitle": "[REDACTED]",
  "content": "[REDACTED]",
  "authorName": "[REDACTED]",
  "avatarImage": "[REDACTED]",
  "teamId": "TP17WPBDX",
  "userId": "U02N0NN01R6",
  "msg": "1777021347.831789",
  "channel": "C02FZFAR14Y",
  "channelName": "[REDACTED]",
  "launchUri": "[REDACTED]",
  "silent": true,
  "hasReply": true,
  "groupWindowsNotifications": true,
  "trace_id": "{\"traceId\":\"ce061f985a04048d\",\"parentSpanId\":\"ce061f985a04048d\"}",
  "id": "TP17WPBDX_1777021347.831789",
  "sound": "none",
  "win32": {
    "workspaceName": "Perfusion Tech - Technical team"
  },
  "mac": {
    "closeButtonOverride": false
  }
}
[04/24/26, 11:02:27:919] info: Creating new Electron notification. 
[04/24/26, 11:02:28:022] info: Store: SET_WINDOW_FRAME 
{
  "id": 1,
  "frame": {
    "isCurrentlyAudible": true
  },
  "fromEvent": true
}
[04/24/26, 11:02:29:757] info: Store: SET_WINDOW_FRAME 
{
  "id": 1,
  "frame": {
    "isCurrentlyAudible": false
  },
  "fromEvent": true
}
[04/24/26, 11:03:27:759] info: Breadcrumb: electron.net: undefined 
{
  "url": "[REDACTED]",
  "method": "POST",
  "status_code": 200
}
[04/24/26, 11:07:34:463] info: Breadcrumb: electron: window.focus 
{
  "id": 1,
  "url": "[REDACTED]"
}
[04/24/26, 11:07:34:463] info: Breadcrumb: electron: app.browser-window-focus 
[04/24/26, 11:07:34:463] info: Store: SET_WINDOW_FRAME 
{
  "id": 1,
  "frame": {
    "isFocused": true
  },
  "fromEvent": true
}
[04/24/26, 11:07:57:043] info: Feature Check: requesting features from https://app.slack.com/api/ 
[04/24/26, 11:07:57:187] info: Breadcrumb: electron.net: undefined 
{
  "url": "[REDACTED]",
  "method": "GET",
  "status_code": 200
}
[04/24/26, 11:07:57:187] info: Feature Check: received experiments 
{
  "ok": true,
  "experiments": [
    {
      "experiment": "",
      "disable_chrome_features": [
        "PostQuantumKyber"
      ],
      "type": "normal"
    },
    {
      "experiment": "ripcord_document_policy_include_js_call_stacks",
      "enable_chrome_features": [
        "DocumentPolicyIncludeJSCallStacksInCrashReports"
      ],
      "type": "normal"
    },
    {
      "experiment": "ripcord_desktop_disable_windows_display_crash_feature",
      "disable_chrome_features": [
        "SkipEmptyDisplayHotplugEvent"
      ],
      "type": "normal"
    },
    {
      "experiment": "ripcord_force_color_profile",
      "add_browser_command_line_args": [
        "--force-color-profile=display-p3-d65"
      ],
      "type": "normal",
      "filter": {
        "platform": [
          "darwin"
        ]
      }
    },
    {
      "experiment": "ripcord_disable_blink_customizable_select",
      "disable_blink_features": [
        "CustomizableSelect"
      ],
      "type": "normal"
    },
    {
      "experiment": "ripcord_enumerate_devices_relaxed_cache",
      "disable_chrome_features": [
        "EnumerateDevicesRelaxedCache"
      ],
      "type": "normal"
    },
    {
      "experiment": "",
      "enable_slack_features": [
        "desktop_loading_screen"
      ],
      "type": "normal"
    },
    {
      "experiment": "desktop_set_system_notification_playback",
      "enable_slack_features": [
        "set_system_notification_playback"
      ],
      "type": "normal",
      "filter": {
        "platform": [
          "win32"
        ],
        "dist": [
          "MSIX",
          "WinStore"
        ]
      }
    }
  ]
}
[04/24/26, 11:09:46:576] info: Breadcrumb: electron: window.blur 
{
  "id": 1,
  "url": "[REDACTED]"
}
[04/24/26, 11:09:46:576] info: Breadcrumb: electron: app.browser-window-blur 
[04/24/26, 11:09:46:576] info: Store: SET_WINDOW_FRAME 
{
  "id": 1,
  "frame": {
    "isFocused": false
  },
  "fromEvent": true
}
[04/24/26, 11:09:49:096] info: Breadcrumb: electron: window.focus 
{
  "id": 1,
  "url": "[REDACTED]"
}
[04/24/26, 11:09:49:096] info: Breadcrumb: electron: app.browser-window-focus 
[04/24/26, 11:09:49:096] info: Store: SET_WINDOW_FRAME 
{
  "id": 1,
  "frame": {
    "isFocused": true
  },
  "fromEvent": true
}
[04/24/26, 11:09:51:655] info: Breadcrumb: electron: window.blur 
{
  "id": 1,
  "url": "[REDACTED]"
}
[04/24/26, 11:09:51:655] info: Breadcrumb: electron: app.browser-window-blur 
[04/24/26, 11:09:51:655] info: Store: SET_WINDOW_FRAME 
{
  "id": 1,
  "frame": {
    "isFocused": false
  },
  "fromEvent": true
}
[04/24/26, 11:09:52:299] info: Breadcrumb: electron: window.focus 
{
  "id": 1,
  "url": "[REDACTED]"
}
[04/24/26, 11:09:52:299] info: Breadcrumb: electron: app.browser-window-focus 
[04/24/26, 11:09:52:299] info: Store: SET_WINDOW_FRAME 
{
  "id": 1,
  "frame": {
    "isFocused": true
  },
  "fromEvent": true
}
[04/24/26, 11:09:52:707] info: Breadcrumb: electron: window.blur 
{
  "id": 1,
  "url": "[REDACTED]"
}
[04/24/26, 11:09:52:707] info: Breadcrumb: electron: app.browser-window-blur 
[04/24/26, 11:09:52:707] info: Store: SET_WINDOW_FRAME 
{
  "id": 1,
  "frame": {
    "isFocused": false
  },
  "fromEvent": true
}
[04/24/26, 11:10:33:183] info: Store: NEW_NOTIFICATION 
{
  "title": "[REDACTED]",
  "subtitle": "[REDACTED]",
  "content": "[REDACTED]",
  "authorName": "[REDACTED]",
  "avatarImage": "[REDACTED]",
  "teamId": "TP17WPBDX",
  "userId": "U02N0NN01R6",
  "msg": "1777021833.049919",
  "channel": "D088TAA7CS0",
  "channelName": "[REDACTED]",
  "launchUri": "[REDACTED]",
  "silent": true,
  "hasReply": true,
  "groupWindowsNotifications": true,
  "trace_id": "{\"traceId\":\"4e46c6353b258c63\",\"parentSpanId\":\"4e46c6353b258c63\"}",
  "id": "TP17WPBDX_1777021833.049919",
  "sound": "none",
  "win32": {
    "workspaceName": "Perfusion Tech - Technical team"
  },
  "mac": {
    "closeButtonOverride": false
  }
}
[04/24/26, 11:10:33:184] info: Creating new Electron notification. 
[04/24/26, 11:10:33:282] info: Store: SET_WINDOW_FRAME 
{
  "id": 1,
  "frame": {
    "isCurrentlyAudible": true
  },
  "fromEvent": true
}
[04/24/26, 11:10:35:020] info: Store: SET_WINDOW_FRAME 
{
  "id": 1,
  "frame": {
    "isCurrentlyAudible": false
  },
  "fromEvent": true
}
[04/24/26, 11:10:35:022] info: Store: REDUX_UPDATE_FROM_WEBAPP (TP17WPBDX) Changed keys [unreads]
[04/24/26, 11:10:38:859] info: Breadcrumb: electron: window.focus 
{
  "id": 1,
  "url": "[REDACTED]"
}
[04/24/26, 11:10:38:859] info: Breadcrumb: electron: app.browser-window-focus 
[04/24/26, 11:10:38:859] info: Store: SET_WINDOW_FRAME 
{
  "id": 1,
  "frame": {
    "isFocused": true
  },
  "fromEvent": true
}
[04/24/26, 11:10:40:208] info: Store: REDUX_UPDATE_FROM_WEBAPP (TP17WPBDX) Changed keys [unreads]
[04/24/26, 11:11:22:586] info: Breadcrumb: electron: window.blur 
{
  "id": 1,
  "url": "[REDACTED]"
}
[04/24/26, 11:11:22:586] info: Breadcrumb: electron: app.browser-window-blur 
[04/24/26, 11:11:22:586] info: Store: SET_WINDOW_FRAME 
{
  "id": 1,
  "frame": {
    "isFocused": false
  },
  "fromEvent": true
}
[04/24/26, 11:11:23:181] info: Breadcrumb: electron: window.focus 
{
  "id": 1,
  "url": "[REDACTED]"
}
[04/24/26, 11:11:23:181] info: Breadcrumb: electron: app.browser-window-focus 
[04/24/26, 11:11:23:181] info: Store: SET_WINDOW_FRAME 
{
  "id": 1,
  "frame": {
    "isFocused": true
  },
  "fromEvent": true
}
[04/24/26, 11:11:23:919] info: Breadcrumb: electron: window.blur 
{
  "id": 1,
  "url": "[REDACTED]"
}
[04/24/26, 11:11:23:919] info: Breadcrumb: electron: app.browser-window-blur 
[04/24/26, 11:11:23:919] info: Store: SET_WINDOW_FRAME 
{
  "id": 1,
  "frame": {
    "isFocused": false
  },
  "fromEvent": true
}
[04/24/26, 11:11:37:770] info: Breadcrumb: electron.net: undefined 
{
  "url": "[REDACTED]",
  "method": "POST",
  "status_code": 200
}
[04/24/26, 11:11:46:126] info: Store: NEW_NOTIFICATION 
{
  "title": "[REDACTED]",
  "subtitle": "[REDACTED]",
  "content": "[REDACTED]",
  "authorName": "[REDACTED]",
  "avatarImage": "[REDACTED]",
  "teamId": "TP17WPBDX",
  "userId": "U02N0NN01R6",
  "msg": "1777021906.056909",
  "channel": "D088TAA7CS0",
  "channelName": "[REDACTED]",
  "launchUri": "[REDACTED]",
  "silent": true,
  "hasReply": true,
  "groupWindowsNotifications": true,
  "trace_id": "{\"traceId\":\"2b2fefb6954010e3\",\"parentSpanId\":\"2b2fefb6954010e3\"}",
  "id": "TP17WPBDX_1777021906.056909",
  "sound": "none",
  "win32": {
    "workspaceName": "Perfusion Tech - Technical team"
  },
  "mac": {
    "closeButtonOverride": false
  }
}
[04/24/26, 11:11:46:126] info: Creating new Electron notification. 
[04/24/26, 11:11:46:226] info: Store: SET_WINDOW_FRAME 
{
  "id": 1,
  "frame": {
    "isCurrentlyAudible": true
  },
  "fromEvent": true
}
[04/24/26, 11:11:47:961] info: Store: SET_WINDOW_FRAME 
{
  "id": 1,
  "frame": {
    "isCurrentlyAudible": false
  },
  "fromEvent": true
}
[04/24/26, 11:11:47:963] info: Store: REDUX_UPDATE_FROM_WEBAPP (TP17WPBDX) Changed keys [unreads]
[04/24/26, 11:12:06:383] info: Breadcrumb: electron: window.focus 
{
  "id": 1,
  "url": "[REDACTED]"
}
[04/24/26, 11:12:06:383] info: Breadcrumb: electron: app.browser-window-focus 
[04/24/26, 11:12:06:383] info: Store: SET_WINDOW_FRAME 
{
  "id": 1,
  "frame": {
    "isFocused": true
  },
  "fromEvent": true
}
[04/24/26, 11:12:09:734] info: Store: REDUX_UPDATE_FROM_WEBAPP (TP17WPBDX) Changed keys [unreads]
[04/24/26, 11:12:28:912] info: Store: REDUX_UPDATE_FROM_WEBAPP (TP17WPBDX) Changed keys [unreads]
[04/24/26, 11:12:28:914] info: Store: REDUX_UPDATE_FROM_WEBAPP (TP17WPBDX) Changed keys [unreads]
[04/24/26, 11:12:47:777] info: Breadcrumb: electron.net: undefined 
{
  "url": "[REDACTED]",
  "method": "POST",
  "status_code": 200
}
[04/24/26, 11:13:38:491] info: Breadcrumb: electron: window.blur 
{
  "id": 1,
  "url": "[REDACTED]"
}
[04/24/26, 11:13:38:491] info: Breadcrumb: electron: app.browser-window-blur 
[04/24/26, 11:13:38:491] info: Store: SET_WINDOW_FRAME 
{
  "id": 1,
  "frame": {
    "isFocused": false
  },
  "fromEvent": true
}
[04/24/26, 11:15:07:113] info: Store: NEW_NOTIFICATION 
{
  "title": "[REDACTED]",
  "subtitle": "[REDACTED]",
  "content": "[REDACTED]",
  "authorName": "[REDACTED]",
  "avatarImage": "[REDACTED]",
  "teamId": "TP17WPBDX",
  "userId": "U02N0NN01R6",
  "msg": "1777022106.962999",
  "channel": "C04CX2L898S",
  "channelName": "[REDACTED]",
  "launchUri": "[REDACTED]",
  "silent": true,
  "hasReply": true,
  "groupWindowsNotifications": true,
  "trace_id": "{\"traceId\":\"0f4baca443ae6c9c\",\"parentSpanId\":\"0f4baca443ae6c9c\"}",
  "id": "TP17WPBDX_1777022106.962999",
  "sound": "none",
  "win32": {
    "workspaceName": "Perfusion Tech - Technical team"
  },
  "mac": {
    "closeButtonOverride": false
  }
}
[04/24/26, 11:15:07:114] info: Creating new Electron notification. 
[04/24/26, 11:15:07:217] info: Store: SET_WINDOW_FRAME 
{
  "id": 1,
  "frame": {
    "isCurrentlyAudible": true
  },
  "fromEvent": true
}
[04/24/26, 11:15:07:411] info: Store: REDUX_UPDATE_FROM_WEBAPP (TP17WPBDX) Changed keys [unreads]
[04/24/26, 11:15:07:786] info: Breadcrumb: electron.net: undefined 
{
  "url": "[REDACTED]",
  "method": "POST",
  "status_code": 200
}
[04/24/26, 11:15:08:954] info: Store: SET_WINDOW_FRAME 
{
  "id": 1,
  "frame": {
    "isCurrentlyAudible": false
  },
  "fromEvent": true
}
[04/24/26, 11:16:17:792] info: Breadcrumb: electron.net: undefined 
{
  "url": "[REDACTED]",
  "method": "POST",
  "status_code": 200
}
[04/24/26, 11:22:14:556] info: Breadcrumb: electron: window.focus 
{
  "id": 1,
  "url": "[REDACTED]"
}
[04/24/26, 11:22:14:556] info: Breadcrumb: electron: app.browser-window-focus 
[04/24/26, 11:22:14:557] info: Store: SET_WINDOW_FRAME 
{
  "id": 1,
  "frame": {
    "isFocused": true
  },
  "fromEvent": true
}
[04/24/26, 11:22:15:883] info: Breadcrumb: electron: window.blur 
{
  "id": 1,
  "url": "[REDACTED]"
}
[04/24/26, 11:22:15:883] info: Breadcrumb: electron: app.browser-window-blur 
[04/24/26, 11:22:15:884] info: Store: SET_WINDOW_FRAME 
{
  "id": 1,
  "frame": {
    "isFocused": false
  },
  "fromEvent": true
}
[04/24/26, 11:27:27:444] info: Store: NEW_NOTIFICATION 
{
  "title": "[REDACTED]",
  "subtitle": "[REDACTED]",
  "content": "[REDACTED]",
  "authorName": "[REDACTED]",
  "avatarImage": "[REDACTED]",
  "teamId": "TP17WPBDX",
  "userId": "U02N0NN01R6",
  "msg": "1777022847.354919",
  "channel": "C02FZFAR14Y",
  "channelName": "[REDACTED]",
  "launchUri": "[REDACTED]",
  "silent": true,
  "hasReply": true,
  "groupWindowsNotifications": true,
  "trace_id": "{\"traceId\":\"b35315c77295fd91\",\"parentSpanId\":\"b35315c77295fd91\"}",
  "id": "TP17WPBDX_1777022847.354919",
  "sound": "none",
  "win32": {
    "workspaceName": "Perfusion Tech - Technical team"
  },
  "mac": {
    "closeButtonOverride": false
  }
}
[04/24/26, 11:27:27:444] info: Creating new Electron notification. 
[04/24/26, 11:27:27:524] info: Store: SET_WINDOW_FRAME 
{
  "id": 1,
  "frame": {
    "isCurrentlyAudible": true
  },
  "fromEvent": true
}
[04/24/26, 11:27:29:259] info: Store: SET_WINDOW_FRAME 
{
  "id": 1,
  "frame": {
    "isCurrentlyAudible": false
  },
  "fromEvent": true
}
[04/24/26, 11:27:57:935] info: Breadcrumb: electron.net: undefined 
{
  "url": "[REDACTED]",
  "method": "POST",
  "status_code": 200
}
[04/24/26, 11:30:36:028] info: Breadcrumb: electron: window.focus 
{
  "id": 1,
  "url": "[REDACTED]"
}
[04/24/26, 11:30:36:028] info: Breadcrumb: electron: app.browser-window-focus 
[04/24/26, 11:30:36:029] info: Store: SET_WINDOW_FRAME 
{
  "id": 1,
  "frame": {
    "isFocused": true
  },
  "fromEvent": true
}
[04/24/26, 11:30:38:800] info: Permission check granted: 
{
  "isMainFrame": true,
  "permission": "media",
  "requestingOrigin": "https://app.slack.com/",
  "requestingUrl": "https://app.slack.com/client/TP17WPBDX/D088TAA7CS0",
  "securityOrigin": null,
  "mediaType": "video",
  "slackChildWindowRequest": {
    "result": false,
    "reason": "Not child window URL"
  }
}
[04/24/26, 11:30:38:801] info: Permission check granted: 
{
  "isMainFrame": true,
  "permission": "media",
  "requestingOrigin": "https://app.slack.com/",
  "requestingUrl": "https://app.slack.com/client/TP17WPBDX/D088TAA7CS0",
  "securityOrigin": null,
  "mediaType": "audio",
  "slackChildWindowRequest": {
    "result": false,
    "reason": "Not child window URL"
  }
}
[04/24/26, 11:30:38:801] info: Permission check granted: 
{
  "isMainFrame": true,
  "permission": "web-app-installation",
  "requestingOrigin": "https://app.slack.com/",
  "requestingUrl": "https://app.slack.com/client/TP17WPBDX/D088TAA7CS0",
  "securityOrigin": null,
  "slackChildWindowRequest": {
    "result": false,
    "reason": "Not child window URL"
  }
}
[04/24/26, 11:30:38:801] info: Permission check granted: 
{
  "isMainFrame": true,
  "permission": "geolocation",
  "requestingOrigin": "https://app.slack.com/",
  "requestingUrl": "https://app.slack.com/client/TP17WPBDX/D088TAA7CS0",
  "securityOrigin": null,
  "slackChildWindowRequest": {
    "result": false,
    "reason": "Not child window URL"
  }
}
[04/24/26, 11:30:39:407] info: Store: EXTEND_MENU TP17WPBDX: menucategory-file,menucategory-view,menucategory-edit,menucategory-help,menucategory-history
[04/24/26, 11:30:39:506] info: Store: REDUX_UPDATE_FROM_WEBAPP (TP17WPBDX) Changed keys [unreads]
[04/24/26, 11:33:10:434] info: Breadcrumb: electron: window.blur 
{
  "id": 1,
  "url": "[REDACTED]"
}
[04/24/26, 11:33:10:434] info: Breadcrumb: electron: app.browser-window-blur 
[04/24/26, 11:33:10:434] info: Store: SET_WINDOW_FRAME 
{
  "id": 1,
  "frame": {
    "isFocused": false
  },
  "fromEvent": true
}
[04/24/26, 11:35:41:490] info: Breadcrumb: electron: window.focus 
{
  "id": 1,
  "url": "[REDACTED]"
}
[04/24/26, 11:35:41:490] info: Breadcrumb: electron: app.browser-window-focus 
[04/24/26, 11:35:41:490] info: Store: SET_WINDOW_FRAME 
{
  "id": 1,
  "frame": {
    "isFocused": true
  },
  "fromEvent": true
}
[04/24/26, 11:35:41:639] info: Breadcrumb: electron: window.blur 
{
  "id": 1,
  "url": "[REDACTED]"
}
[04/24/26, 11:35:41:639] info: Breadcrumb: electron: app.browser-window-blur 
[04/24/26, 11:35:41:639] info: Store: SET_WINDOW_FRAME 
{
  "id": 1,
  "frame": {
    "isFocused": false
  },
  "fromEvent": true
}
[04/24/26, 12:07:57:046] info: Feature Check: requesting features from https://app.slack.com/api/ 
[04/24/26, 12:07:57:223] info: Breadcrumb: electron.net: undefined 
{
  "url": "[REDACTED]",
  "method": "GET",
  "status_code": 200
}
[04/24/26, 12:07:57:224] info: Feature Check: received experiments 
{
  "ok": true,
  "experiments": [
    {
      "experiment": "",
      "disable_chrome_features": [
        "PostQuantumKyber"
      ],
      "type": "normal"
    },
    {
      "experiment": "ripcord_document_policy_include_js_call_stacks",
      "enable_chrome_features": [
        "DocumentPolicyIncludeJSCallStacksInCrashReports"
      ],
      "type": "normal"
    },
    {
      "experiment": "ripcord_desktop_disable_windows_display_crash_feature",
      "disable_chrome_features": [
        "SkipEmptyDisplayHotplugEvent"
      ],
      "type": "normal"
    },
    {
      "experiment": "ripcord_force_color_profile",
      "add_browser_command_line_args": [
        "--force-color-profile=display-p3-d65"
      ],
      "type": "normal",
      "filter": {
        "platform": [
          "darwin"
        ]
      }
    },
    {
      "experiment": "ripcord_disable_blink_customizable_select",
      "disable_blink_features": [
        "CustomizableSelect"
      ],
      "type": "normal"
    },
    {
      "experiment": "ripcord_enumerate_devices_relaxed_cache",
      "disable_chrome_features": [
        "EnumerateDevicesRelaxedCache"
      ],
      "type": "normal"
    },
    {
      "experiment": "",
      "enable_slack_features": [
        "desktop_loading_screen"
      ],
      "type": "normal"
    },
    {
      "experiment": "desktop_set_system_notification_playback",
      "enable_slack_features": [
        "set_system_notification_playback"
      ],
      "type": "normal",
      "filter": {
        "platform": [
          "win32"
        ],
        "dist": [
          "MSIX",
          "WinStore"
        ]
      }
    }
  ]
}
[04/24/26, 12:14:00:337] info: Permission check granted: 
{
  "isMainFrame": true,
  "permission": "notifications",
  "requestingOrigin": "https://app.slack.com/",
  "requestingUrl": "https://app.slack.com/client/TP17WPBDX/C04CX2L898S",
  "securityOrigin": null,
  "slackChildWindowRequest": {
    "result": false,
    "reason": "Not child window URL"
  }
}
[04/24/26, 12:14:00:337] info: Permission check granted: 
{
  "isMainFrame": true,
  "permission": "notifications",
  "requestingOrigin": "https://app.slack.com/",
  "requestingUrl": "https://app.slack.com/client/TP17WPBDX/C04CX2L898S",
  "securityOrigin": null,
  "slackChildWindowRequest": {
    "result": false,
    "reason": "Not child window URL"
  }
}
[04/24/26, 12:14:00:338] info: Permission check granted: 
{
  "isMainFrame": true,
  "permission": "notifications",
  "requestingOrigin": "https://app.slack.com/",
  "requestingUrl": "https://app.slack.com/client/TP17WPBDX/C04CX2L898S",
  "securityOrigin": null,
  "slackChildWindowRequest": {
    "result": false,
    "reason": "Not child window URL"
  }
}
[04/24/26, 12:14:00:338] info: Permission check granted: 
{
  "isMainFrame": true,
  "permission": "notifications",
  "requestingOrigin": "https://app.slack.com/",
  "requestingUrl": "https://app.slack.com/client/TP17WPBDX/C04CX2L898S",
  "securityOrigin": null,
  "slackChildWindowRequest": {
    "result": false,
    "reason": "Not child window URL"
  }
}
[04/24/26, 12:17:02:233] info: Breadcrumb: electron: window.focus 
{
  "id": 1,
  "url": "[REDACTED]"
}
[04/24/26, 12:17:02:233] info: Breadcrumb: electron: app.browser-window-focus 
[04/24/26, 12:17:02:233] info: Store: SET_WINDOW_FRAME 
{
  "id": 1,
  "frame": {
    "isFocused": true
  },
  "fromEvent": true
}
[04/24/26, 12:17:04:978] info: Breadcrumb: electron: screen.display-removed 
[04/24/26, 12:17:04:978] info: Store: DISPLAY_REMOVED 
[04/24/26, 12:17:18:681] info: Breadcrumb: electron: screen.display-added 
[04/24/26, 12:17:18:681] info: Store: DISPLAY_ADDED 
[04/24/26, 12:17:18:682] info: Breadcrumb: electron: screen.display-metrics-changed 
[04/24/26, 12:17:18:682] info: Store: DISPLAY_METRICS_CHANGED 
[04/24/26, 12:17:18:683] info: Breadcrumb: electron: screen.display-metrics-changed 
[04/24/26, 12:17:18:683] info: Store: DISPLAY_METRICS_CHANGED 
[04/24/26, 12:17:18:684] info: Breadcrumb: electron: screen.display-metrics-changed 
[04/24/26, 12:17:18:685] info: Store: DISPLAY_METRICS_CHANGED 
[04/24/26, 12:17:19:703] info: Store: UPDATE_SETTINGS 
{
  "mainWindowSettings": {
    "fullScreen": false,
    "maximized": true,
    "bounds": {
      "width": 1536,
      "height": 1296,
      "x": 4032,
      "y": 432
    }
  }
}
[04/24/26, 12:17:19:706] info: Store: SET_WINDOW_FRAME 
{
  "id": 1,
  "frame": {
    "bounds": {
      "x": 0,
      "y": 0,
      "width": 3816,
      "height": 2110
    }
  },
  "fromEvent": true
}
[04/24/26, 12:17:19:706] info: Main window moved to display 
{
  "id": 68
}
[04/24/26, 12:17:27:023] info: Breadcrumb: electron: window.blur 
{
  "id": 1,
  "url": "[REDACTED]"
}
[04/24/26, 12:17:27:024] info: Breadcrumb: electron: app.browser-window-blur 
[04/24/26, 12:17:27:024] info: Store: SET_WINDOW_FRAME 
{
  "id": 1,
  "frame": {
    "isFocused": false
  },
  "fromEvent": true
}
[04/24/26, 12:20:26:127] info: Breadcrumb: electron: window.focus 
{
  "id": 1,
  "url": "[REDACTED]"
}
[04/24/26, 12:20:26:128] info: Breadcrumb: electron: app.browser-window-focus 
[04/24/26, 12:20:26:128] info: Store: SET_WINDOW_FRAME 
{
  "id": 1,
  "frame": {
    "isFocused": true
  },
  "fromEvent": true
}
[04/24/26, 12:20:26:439] info: Breadcrumb: electron: window.blur 
{
  "id": 1,
  "url": "[REDACTED]"
}
[04/24/26, 12:20:26:439] info: Breadcrumb: electron: app.browser-window-blur 
[04/24/26, 12:20:26:440] info: Store: SET_WINDOW_FRAME 
{
  "id": 1,
  "frame": {
    "isFocused": false
  },
  "fromEvent": true
}
[04/24/26, 12:26:08:637] info: Breadcrumb: electron: window.focus 
{
  "id": 1,
  "url": "[REDACTED]"
}
[04/24/26, 12:26:08:637] info: Breadcrumb: electron: app.browser-window-focus 
[04/24/26, 12:26:08:637] info: Store: SET_WINDOW_FRAME 
{
  "id": 1,
  "frame": {
    "isFocused": true
  },
  "fromEvent": true
}
[04/24/26, 12:26:11:023] info: Breadcrumb: electron: window.blur 
{
  "id": 1,
  "url": "[REDACTED]"
}
[04/24/26, 12:26:11:023] info: Breadcrumb: electron: app.browser-window-blur 
[04/24/26, 12:26:11:023] info: Store: SET_WINDOW_FRAME 
{
  "id": 1,
  "frame": {
    "isFocused": false
  },
  "fromEvent": true
}
[04/24/26, 12:29:48:991] info: Breadcrumb: electron: window.focus 
{
  "id": 1,
  "url": "[REDACTED]"
}
[04/24/26, 12:29:48:991] info: Breadcrumb: electron: app.browser-window-focus 
[04/24/26, 12:29:48:991] info: Store: SET_WINDOW_FRAME 
{
  "id": 1,
  "frame": {
    "isFocused": true
  },
  "fromEvent": true
}
[04/24/26, 12:29:50:553] info: Breadcrumb: electron: window.blur 
{
  "id": 1,
  "url": "[REDACTED]"
}
[04/24/26, 12:29:50:554] info: Breadcrumb: electron: app.browser-window-blur 
[04/24/26, 12:29:50:554] info: Store: SET_WINDOW_FRAME 
{
  "id": 1,
  "frame": {
    "isFocused": false
  },
  "fromEvent": true
}
[04/24/26, 13:00:04:648] info: Breadcrumb: electron: window.focus 
{
  "id": 1,
  "url": "[REDACTED]"
}
[04/24/26, 13:00:04:648] info: Breadcrumb: electron: app.browser-window-focus 
[04/24/26, 13:00:04:648] info: Store: SET_WINDOW_FRAME 
{
  "id": 1,
  "frame": {
    "isFocused": true
  },
  "fromEvent": true
}
[04/24/26, 13:00:07:053] info: Breadcrumb: electron: window.blur 
{
  "id": 1,
  "url": "[REDACTED]"
}
[04/24/26, 13:00:07:053] info: Breadcrumb: electron: app.browser-window-blur 
[04/24/26, 13:00:07:053] info: Store: SET_WINDOW_FRAME 
{
  "id": 1,
  "frame": {
    "isFocused": false
  },
  "fromEvent": true
}
[04/24/26, 13:00:07:799] info: Breadcrumb: electron: window.focus 
{
  "id": 1,
  "url": "[REDACTED]"
}
[04/24/26, 13:00:07:799] info: Breadcrumb: electron: app.browser-window-focus 
[04/24/26, 13:00:07:799] info: Store: SET_WINDOW_FRAME 
{
  "id": 1,
  "frame": {
    "isFocused": true
  },
  "fromEvent": true
}
[04/24/26, 13:00:08:222] info: Breadcrumb: electron: window.blur 
{
  "id": 1,
  "url": "[REDACTED]"
}
[04/24/26, 13:00:08:222] info: Breadcrumb: electron: app.browser-window-blur 
[04/24/26, 13:00:08:222] info: Store: SET_WINDOW_FRAME 
{
  "id": 1,
  "frame": {
    "isFocused": false
  },
  "fromEvent": true
}
[04/24/26, 13:07:57:047] info: Feature Check: requesting features from https://app.slack.com/api/ 
[04/24/26, 13:07:57:207] info: Breadcrumb: electron.net: undefined 
{
  "url": "[REDACTED]",
  "method": "GET",
  "status_code": 200
}
[04/24/26, 13:07:57:208] info: Feature Check: received experiments 
{
  "ok": true,
  "experiments": [
    {
      "experiment": "",
      "disable_chrome_features": [
        "PostQuantumKyber"
      ],
      "type": "normal"
    },
    {
      "experiment": "ripcord_document_policy_include_js_call_stacks",
      "enable_chrome_features": [
        "DocumentPolicyIncludeJSCallStacksInCrashReports"
      ],
      "type": "normal"
    },
    {
      "experiment": "ripcord_desktop_disable_windows_display_crash_feature",
      "disable_chrome_features": [
        "SkipEmptyDisplayHotplugEvent"
      ],
      "type": "normal"
    },
    {
      "experiment": "ripcord_force_color_profile",
      "add_browser_command_line_args": [
        "--force-color-profile=display-p3-d65"
      ],
      "type": "normal",
      "filter": {
        "platform": [
          "darwin"
        ]
      }
    },
    {
      "experiment": "ripcord_disable_blink_customizable_select",
      "disable_blink_features": [
        "CustomizableSelect"
      ],
      "type": "normal"
    },
    {
      "experiment": "ripcord_enumerate_devices_relaxed_cache",
      "disable_chrome_features": [
        "EnumerateDevicesRelaxedCache"
      ],
      "type": "normal"
    },
    {
      "experiment": "",
      "enable_slack_features": [
        "desktop_loading_screen"
      ],
      "type": "normal"
    },
    {
      "experiment": "desktop_set_system_notification_playback",
      "enable_slack_features": [
        "set_system_notification_playback"
      ],
      "type": "normal",
      "filter": {
        "platform": [
          "win32"
        ],
        "dist": [
          "MSIX",
          "WinStore"
        ]
      }
    }
  ]
}
[04/24/26, 13:10:37:669] info: Store: NEW_NOTIFICATION 
{
  "title": "[REDACTED]",
  "subtitle": "[REDACTED]",
  "content": "[REDACTED]",
  "authorName": "[REDACTED]",
  "avatarImage": "[REDACTED]",
  "teamId": "TP17WPBDX",
  "userId": "U02N0NN01R6",
  "msg": "1777029037.585739",
  "channel": "D02MB228KD0",
  "channelName": "[REDACTED]",
  "launchUri": "[REDACTED]",
  "silent": true,
  "hasReply": true,
  "groupWindowsNotifications": true,
  "trace_id": "{\"traceId\":\"4915fe88b0f4632b\",\"parentSpanId\":\"4915fe88b0f4632b\"}",
  "id": "TP17WPBDX_1777029037.585739",
  "sound": "none",
  "win32": {
    "workspaceName": "Perfusion Tech - Technical team"
  },
  "mac": {
    "closeButtonOverride": false
  }
}
[04/24/26, 13:10:37:670] info: Creating new Electron notification. 
[04/24/26, 13:10:37:771] info: Store: SET_WINDOW_FRAME 
{
  "id": 1,
  "frame": {
    "isCurrentlyAudible": true
  },
  "fromEvent": true
}
[04/24/26, 13:10:38:109] info: Breadcrumb: electron.net: undefined 
{
  "url": "[REDACTED]",
  "method": "POST",
  "status_code": 200
}
[04/24/26, 13:10:39:510] info: Store: SET_WINDOW_FRAME 
{
  "id": 1,
  "frame": {
    "isCurrentlyAudible": false
  },
  "fromEvent": true
}
[04/24/26, 13:10:39:512] info: Store: REDUX_UPDATE_FROM_WEBAPP (TP17WPBDX) Changed keys [unreads]
[04/24/26, 13:10:43:434] info: Breadcrumb: electron: window.focus 
{
  "id": 1,
  "url": "[REDACTED]"
}
[04/24/26, 13:10:43:435] info: Breadcrumb: electron: app.browser-window-focus 
[04/24/26, 13:10:43:435] info: Store: SET_WINDOW_FRAME 
{
  "id": 1,
  "frame": {
    "isFocused": true
  },
  "fromEvent": true
}
[04/24/26, 13:10:45:720] info: Permission check granted: 
{
  "isMainFrame": true,
  "permission": "media",
  "requestingOrigin": "https://app.slack.com/",
  "requestingUrl": "https://app.slack.com/client/TP17WPBDX/C04CX2L898S",
  "securityOrigin": null,
  "mediaType": "video",
  "slackChildWindowRequest": {
    "result": false,
    "reason": "Not child window URL"
  }
}
[04/24/26, 13:10:45:720] info: Permission check granted: 
{
  "isMainFrame": true,
  "permission": "media",
  "requestingOrigin": "https://app.slack.com/",
  "requestingUrl": "https://app.slack.com/client/TP17WPBDX/C04CX2L898S",
  "securityOrigin": null,
  "mediaType": "audio",
  "slackChildWindowRequest": {
    "result": false,
    "reason": "Not child window URL"
  }
}
[04/24/26, 13:10:45:720] info: Permission check granted: 
{
  "isMainFrame": true,
  "permission": "web-app-installation",
  "requestingOrigin": "https://app.slack.com/",
  "requestingUrl": "https://app.slack.com/client/TP17WPBDX/C04CX2L898S",
  "securityOrigin": null,
  "slackChildWindowRequest": {
    "result": false,
    "reason": "Not child window URL"
  }
}
[04/24/26, 13:10:45:720] info: Permission check granted: 
{
  "isMainFrame": true,
  "permission": "geolocation",
  "requestingOrigin": "https://app.slack.com/",
  "requestingUrl": "https://app.slack.com/client/TP17WPBDX/C04CX2L898S",
  "securityOrigin": null,
  "slackChildWindowRequest": {
    "result": false,
    "reason": "Not child window URL"
  }
}
[04/24/26, 13:10:45:726] info: Store: EXTERNAL_MENU_ITEM_CLICKED 
{
  "id": "menuitem-new-message",
  "ctrlKey": true,
  "metaKey": false,
  "altKey": false,
  "shiftKey": false,
  "triggeredByAccelerator": true
}
[04/24/26, 13:10:46:042] info: Store: EXTEND_MENU TP17WPBDX: menucategory-file,menucategory-view,menucategory-edit,menucategory-help,menucategory-history
[04/24/26, 13:10:48:392] info: Store: NEW_NOTIFICATION 
{
  "title": "[REDACTED]",
  "subtitle": "[REDACTED]",
  "content": "[REDACTED]",
  "authorName": "[REDACTED]",
  "avatarImage": "[REDACTED]",
  "teamId": "TP17WPBDX",
  "userId": "U02N0NN01R6",
  "msg": "1777029048.278539",
  "channel": "D02MB228KD0",
  "channelName": "[REDACTED]",
  "launchUri": "[REDACTED]",
  "silent": true,
  "hasReply": true,
  "groupWindowsNotifications": true,
  "trace_id": "{\"traceId\":\"57ccac161dd1dcb2\",\"parentSpanId\":\"57ccac161dd1dcb2\"}",
  "id": "TP17WPBDX_1777029048.278539",
  "sound": "none",
  "win32": {
    "workspaceName": "Perfusion Tech - Technical team"
  },
  "mac": {
    "closeButtonOverride": false
  }
}
[04/24/26, 13:10:48:393] info: Creating new Electron notification. 
[04/24/26, 13:10:48:549] info: Store: SET_WINDOW_FRAME 
{
  "id": 1,
  "frame": {
    "isCurrentlyAudible": true
  },
  "fromEvent": true
}
[04/24/26, 13:10:50:287] info: Store: SET_WINDOW_FRAME 
{
  "id": 1,
  "frame": {
    "isCurrentlyAudible": false
  },
  "fromEvent": true
}
[04/24/26, 13:11:08:145] info: Permission check granted: 
{
  "isMainFrame": true,
  "permission": "media",
  "requestingOrigin": "https://app.slack.com/",
  "requestingUrl": "https://app.slack.com/client/TP17WPBDX",
  "securityOrigin": null,
  "mediaType": "video",
  "slackChildWindowRequest": {
    "result": false,
    "reason": "Not child window URL"
  }
}
[04/24/26, 13:11:08:146] info: Permission check granted: 
{
  "isMainFrame": true,
  "permission": "media",
  "requestingOrigin": "https://app.slack.com/",
  "requestingUrl": "https://app.slack.com/client/TP17WPBDX",
  "securityOrigin": null,
  "mediaType": "audio",
  "slackChildWindowRequest": {
    "result": false,
    "reason": "Not child window URL"
  }
}
[04/24/26, 13:11:08:146] info: Permission check granted: 
{
  "isMainFrame": true,
  "permission": "web-app-installation",
  "requestingOrigin": "https://app.slack.com/",
  "requestingUrl": "https://app.slack.com/client/TP17WPBDX",
  "securityOrigin": null,
  "slackChildWindowRequest": {
    "result": false,
    "reason": "Not child window URL"
  }
}
[04/24/26, 13:11:08:146] info: Permission check granted: 
{
  "isMainFrame": true,
  "permission": "geolocation",
  "requestingOrigin": "https://app.slack.com/",
  "requestingUrl": "https://app.slack.com/client/TP17WPBDX",
  "securityOrigin": null,
  "slackChildWindowRequest": {
    "result": false,
    "reason": "Not child window URL"
  }
}
[04/24/26, 13:11:08:781] info: Store: EXTEND_MENU TP17WPBDX: menucategory-file,menucategory-view,menucategory-edit,menucategory-help,menucategory-history
[04/24/26, 13:11:09:097] info: Breadcrumb: electron: window.blur 
{
  "id": 1,
  "url": "[REDACTED]"
}
[04/24/26, 13:11:09:097] info: Breadcrumb: electron: app.browser-window-blur 
[04/24/26, 13:11:09:097] info: Store: SET_WINDOW_FRAME 
{
  "id": 1,
  "frame": {
    "isFocused": false
  },
  "fromEvent": true
}
[04/24/26, 13:11:12:813] info: Store: REDUX_UPDATE_FROM_WEBAPP (TP17WPBDX) Changed keys [unreads]
[04/24/26, 13:11:48:096] info: Breadcrumb: electron.net: undefined 
{
  "url": "[REDACTED]",
  "method": "POST",
  "status_code": 200
}
[04/24/26, 13:11:48:217] info: Breadcrumb: electron.net: undefined 
{
  "url": "[REDACTED]",
  "method": "POST",
  "status_code": 200
}
[04/24/26, 13:12:33:162] info: Store: NEW_NOTIFICATION 
{
  "title": "[REDACTED]",
  "subtitle": "[REDACTED]",
  "content": "[REDACTED]",
  "authorName": "[REDACTED]",
  "avatarImage": "[REDACTED]",
  "teamId": "TP17WPBDX",
  "userId": "U02N0NN01R6",
  "msg": "1777029153.011869",
  "channel": "C02FZFAR14Y",
  "channelName": "[REDACTED]",
  "launchUri": "[REDACTED]",
  "silent": true,
  "hasReply": true,
  "groupWindowsNotifications": true,
  "trace_id": "{\"traceId\":\"c4e6d29721c860a0\",\"parentSpanId\":\"c4e6d29721c860a0\"}",
  "id": "TP17WPBDX_1777029153.011869",
  "sound": "none",
  "win32": {
    "workspaceName": "Perfusion Tech - Technical team"
  },
  "mac": {
    "closeButtonOverride": false
  }
}
[04/24/26, 13:12:33:163] info: Creating new Electron notification. 
[04/24/26, 13:12:33:242] info: Store: SET_WINDOW_FRAME 
{
  "id": 1,
  "frame": {
    "isCurrentlyAudible": true
  },
  "fromEvent": true
}
[04/24/26, 13:12:34:982] info: Store: SET_WINDOW_FRAME 
{
  "id": 1,
  "frame": {
    "isCurrentlyAudible": false
  },
  "fromEvent": true
}
[04/24/26, 13:12:39:017] info: Breadcrumb: electron: window.focus 
{
  "id": 1,
  "url": "[REDACTED]"
}
[04/24/26, 13:12:39:017] info: Breadcrumb: electron: app.browser-window-focus 
[04/24/26, 13:12:39:017] info: Store: SET_WINDOW_FRAME 
{
  "id": 1,
  "frame": {
    "isFocused": true
  },
  "fromEvent": true
}
[04/24/26, 13:12:40:876] info: Breadcrumb: electron: window.blur 
{
  "id": 1,
  "url": "[REDACTED]"
}
[04/24/26, 13:12:40:877] info: Breadcrumb: electron: app.browser-window-blur 
[04/24/26, 13:12:40:877] info: Store: SET_WINDOW_FRAME 
{
  "id": 1,
  "frame": {
    "isFocused": false
  },
  "fromEvent": true
}
[04/24/26, 13:12:58:107] info: Breadcrumb: electron.net: undefined 
{
  "url": "[REDACTED]",
  "method": "POST",
  "status_code": 200
}
[04/24/26, 13:13:50:809] info: Breadcrumb: electron: window.focus 
{
  "id": 1,
  "url": "[REDACTED]"
}
[04/24/26, 13:13:50:809] info: Breadcrumb: electron: app.browser-window-focus 
[04/24/26, 13:13:50:809] info: Store: SET_WINDOW_FRAME 
{
  "id": 1,
  "frame": {
    "isFocused": true
  },
  "fromEvent": true
}
[04/24/26, 13:13:51:634] info: Breadcrumb: electron: window.blur 
{
  "id": 1,
  "url": "[REDACTED]"
}
[04/24/26, 13:13:51:634] info: Breadcrumb: electron: app.browser-window-blur 
[04/24/26, 13:13:51:634] info: Store: SET_WINDOW_FRAME 
{
  "id": 1,
  "frame": {
    "isFocused": false
  },
  "fromEvent": true
}
[04/24/26, 13:15:05:731] info: Breadcrumb: electron: window.focus 
{
  "id": 1,
  "url": "[REDACTED]"
}
[04/24/26, 13:15:05:731] info: Breadcrumb: electron: app.browser-window-focus 
[04/24/26, 13:15:05:731] info: Store: SET_WINDOW_FRAME 
{
  "id": 1,
  "frame": {
    "isFocused": true
  },
  "fromEvent": true
}
[04/24/26, 13:15:06:477] info: Breadcrumb: electron: window.blur 
{
  "id": 1,
  "url": "[REDACTED]"
}
[04/24/26, 13:15:06:477] info: Breadcrumb: electron: app.browser-window-blur 
[04/24/26, 13:15:06:477] info: Store: SET_WINDOW_FRAME 
{
  "id": 1,
  "frame": {
    "isFocused": false
  },
  "fromEvent": true
}
[04/24/26, 13:19:33:110] info: Breadcrumb: electron: window.focus 
{
  "id": 1,
  "url": "[REDACTED]"
}
[04/24/26, 13:19:33:111] info: Breadcrumb: electron: app.browser-window-focus 
[04/24/26, 13:19:33:111] info: Store: SET_WINDOW_FRAME 
{
  "id": 1,
  "frame": {
    "isFocused": true
  },
  "fromEvent": true
}
[04/24/26, 13:19:33:914] info: Permission check granted: 
{
  "isMainFrame": true,
  "permission": "media",
  "requestingOrigin": "https://app.slack.com/",
  "requestingUrl": "https://app.slack.com/client/TP17WPBDX/D02MB228KD0",
  "securityOrigin": null,
  "mediaType": "video",
  "slackChildWindowRequest": {
    "result": false,
    "reason": "Not child window URL"
  }
}
[04/24/26, 13:19:33:914] info: Permission check granted: 
{
  "isMainFrame": true,
  "permission": "media",
  "requestingOrigin": "https://app.slack.com/",
  "requestingUrl": "https://app.slack.com/client/TP17WPBDX/D02MB228KD0",
  "securityOrigin": null,
  "mediaType": "audio",
  "slackChildWindowRequest": {
    "result": false,
    "reason": "Not child window URL"
  }
}
[04/24/26, 13:19:33:914] info: Permission check granted: 
{
  "isMainFrame": true,
  "permission": "web-app-installation",
  "requestingOrigin": "https://app.slack.com/",
  "requestingUrl": "https://app.slack.com/client/TP17WPBDX/D02MB228KD0",
  "securityOrigin": null,
  "slackChildWindowRequest": {
    "result": false,
    "reason": "Not child window URL"
  }
}
[04/24/26, 13:19:33:914] info: Permission check granted: 
{
  "isMainFrame": true,
  "permission": "geolocation",
  "requestingOrigin": "https://app.slack.com/",
  "requestingUrl": "https://app.slack.com/client/TP17WPBDX/D02MB228KD0",
  "securityOrigin": null,
  "slackChildWindowRequest": {
    "result": false,
    "reason": "Not child window URL"
  }
}
[04/24/26, 13:19:33:919] info: Store: EXTERNAL_MENU_ITEM_CLICKED 
{
  "id": "menuitem-new-message",
  "ctrlKey": true,
  "metaKey": false,
  "altKey": false,
  "shiftKey": false,
  "triggeredByAccelerator": true
}
[04/24/26, 13:19:34:206] info: Store: EXTEND_MENU TP17WPBDX: menucategory-file,menucategory-view,menucategory-edit,menucategory-help,menucategory-history
[04/24/26, 13:19:58:119] info: Breadcrumb: electron.net: undefined 
{
  "url": "[REDACTED]",
  "method": "POST",
  "status_code": 200
}
[04/24/26, 13:21:03:001] info: Permission check granted: 
{
  "isMainFrame": true,
  "permission": "media",
  "requestingOrigin": "https://app.slack.com/",
  "requestingUrl": "https://app.slack.com/client/TP17WPBDX",
  "securityOrigin": null,
  "mediaType": "video",
  "slackChildWindowRequest": {
    "result": false,
    "reason": "Not child window URL"
  }
}
[04/24/26, 13:21:03:001] info: Permission check granted: 
{
  "isMainFrame": true,
  "permission": "media",
  "requestingOrigin": "https://app.slack.com/",
  "requestingUrl": "https://app.slack.com/client/TP17WPBDX",
  "securityOrigin": null,
  "mediaType": "audio",
  "slackChildWindowRequest": {
    "result": false,
    "reason": "Not child window URL"
  }
}
[04/24/26, 13:21:03:001] info: Permission check granted: 
{
  "isMainFrame": true,
  "permission": "web-app-installation",
  "requestingOrigin": "https://app.slack.com/",
  "requestingUrl": "https://app.slack.com/client/TP17WPBDX",
  "securityOrigin": null,
  "slackChildWindowRequest": {
    "result": false,
    "reason": "Not child window URL"
  }
}
[04/24/26, 13:21:03:001] info: Permission check granted: 
{
  "isMainFrame": true,
  "permission": "geolocation",
  "requestingOrigin": "https://app.slack.com/",
  "requestingUrl": "https://app.slack.com/client/TP17WPBDX",
  "securityOrigin": null,
  "slackChildWindowRequest": {
    "result": false,
    "reason": "Not child window URL"
  }
}
[04/24/26, 13:21:03:518] info: Store: EXTEND_MENU TP17WPBDX: menucategory-file,menucategory-view,menucategory-edit,menucategory-help,menucategory-history
[04/24/26, 13:21:03:807] info: Breadcrumb: electron: window.blur 
{
  "id": 1,
  "url": "[REDACTED]"
}
[04/24/26, 13:21:03:807] info: Breadcrumb: electron: app.browser-window-blur 
[04/24/26, 13:21:03:807] info: Store: SET_WINDOW_FRAME 
{
  "id": 1,
  "frame": {
    "isFocused": false
  },
  "fromEvent": true
}
[04/24/26, 13:24:13:825] info: Store: NEW_NOTIFICATION 
{
  "title": "[REDACTED]",
  "subtitle": "[REDACTED]",
  "content": "[REDACTED]",
  "authorName": "[REDACTED]",
  "avatarImage": "[REDACTED]",
  "teamId": "TP17WPBDX",
  "userId": "U02N0NN01R6",
  "msg": "1777029853.657539",
  "channel": "D088TAA7CS0",
  "channelName": "[REDACTED]",
  "launchUri": "[REDACTED]",
  "silent": true,
  "hasReply": true,
  "groupWindowsNotifications": true,
  "trace_id": "{\"traceId\":\"0903f27d68a969fe\",\"parentSpanId\":\"0903f27d68a969fe\"}",
  "id": "TP17WPBDX_1777029853.657539",
  "sound": "none",
  "win32": {
    "workspaceName": "Perfusion Tech - Technical team"
  },
  "mac": {
    "closeButtonOverride": false
  }
}
[04/24/26, 13:24:13:826] info: Creating new Electron notification. 
[04/24/26, 13:24:13:928] info: Store: SET_WINDOW_FRAME 
{
  "id": 1,
  "frame": {
    "isCurrentlyAudible": true
  },
  "fromEvent": true
}
[04/24/26, 13:24:14:185] info: Store: REDUX_UPDATE_FROM_WEBAPP (TP17WPBDX) Changed keys [unreads]
[04/24/26, 13:24:15:663] info: Store: SET_WINDOW_FRAME 
{
  "id": 1,
  "frame": {
    "isCurrentlyAudible": false
  },
  "fromEvent": true
}
[04/24/26, 13:24:19:512] info: Breadcrumb: electron: window.focus 
{
  "id": 1,
  "url": "[REDACTED]"
}
[04/24/26, 13:24:19:513] info: Breadcrumb: electron: app.browser-window-focus 
[04/24/26, 13:24:19:513] info: Store: SET_WINDOW_FRAME 
{
  "id": 1,
  "frame": {
    "isFocused": true
  },
  "fromEvent": true
}
[04/24/26, 13:24:22:172] info: Store: REDUX_UPDATE_FROM_WEBAPP (TP17WPBDX) Changed keys [unreads]
[04/24/26, 13:24:38:100] info: Breadcrumb: electron.net: undefined 
{
  "url": "[REDACTED]",
  "method": "POST",
  "status_code": 200
}
[04/24/26, 13:24:58:268] info: Store: NEW_NOTIFICATION 
{
  "title": "[REDACTED]",
  "subtitle": "[REDACTED]",
  "content": "[REDACTED]",
  "authorName": "[REDACTED]",
  "avatarImage": "[REDACTED]",
  "teamId": "TP17WPBDX",
  "userId": "U02N0NN01R6",
  "msg": "1777029898.100159",
  "channel": "D02MB228KD0",
  "channelName": "[REDACTED]",
  "launchUri": "[REDACTED]",
  "silent": true,
  "hasReply": true,
  "groupWindowsNotifications": true,
  "trace_id": "{\"traceId\":\"82b211d9d0f2ae3e\",\"parentSpanId\":\"82b211d9d0f2ae3e\"}",
  "id": "TP17WPBDX_1777029898.100159",
  "sound": "none",
  "win32": {
    "workspaceName": "Perfusion Tech - Technical team"
  },
  "mac": {
    "closeButtonOverride": false
  }
}
[04/24/26, 13:24:58:268] info: Creating new Electron notification. 
[04/24/26, 13:24:58:366] info: Store: SET_WINDOW_FRAME 
{
  "id": 1,
  "frame": {
    "isCurrentlyAudible": true
  },
  "fromEvent": true
}
[04/24/26, 13:24:58:895] info: Store: REDUX_UPDATE_FROM_WEBAPP (TP17WPBDX) Changed keys [unreads]
[04/24/26, 13:25:00:100] info: Store: SET_WINDOW_FRAME 
{
  "id": 1,
  "frame": {
    "isCurrentlyAudible": false
  },
  "fromEvent": true
}
[04/24/26, 13:25:04:606] info: Permission check granted: 
{
  "isMainFrame": true,
  "permission": "media",
  "requestingOrigin": "https://app.slack.com/",
  "requestingUrl": "https://app.slack.com/client/TP17WPBDX/D088TAA7CS0",
  "securityOrigin": null,
  "mediaType": "video",
  "slackChildWindowRequest": {
    "result": false,
    "reason": "Not child window URL"
  }
}
[04/24/26, 13:25:04:606] info: Permission check granted: 
{
  "isMainFrame": true,
  "permission": "media",
  "requestingOrigin": "https://app.slack.com/",
  "requestingUrl": "https://app.slack.com/client/TP17WPBDX/D088TAA7CS0",
  "securityOrigin": null,
  "mediaType": "audio",
  "slackChildWindowRequest": {
    "result": false,
    "reason": "Not child window URL"
  }
}
[04/24/26, 13:25:04:606] info: Permission check granted: 
{
  "isMainFrame": true,
  "permission": "web-app-installation",
  "requestingOrigin": "https://app.slack.com/",
  "requestingUrl": "https://app.slack.com/client/TP17WPBDX/D088TAA7CS0",
  "securityOrigin": null,
  "slackChildWindowRequest": {
    "result": false,
    "reason": "Not child window URL"
  }
}
[04/24/26, 13:25:04:606] info: Permission check granted: 
{
  "isMainFrame": true,
  "permission": "geolocation",
  "requestingOrigin": "https://app.slack.com/",
  "requestingUrl": "https://app.slack.com/client/TP17WPBDX/D088TAA7CS0",
  "securityOrigin": null,
  "slackChildWindowRequest": {
    "result": false,
    "reason": "Not child window URL"
  }
}
[04/24/26, 13:25:05:139] info: Store: EXTEND_MENU TP17WPBDX: menucategory-file,menucategory-view,menucategory-edit,menucategory-help,menucategory-history
[04/24/26, 13:25:06:587] info: Store: REDUX_UPDATE_FROM_WEBAPP (TP17WPBDX) Changed keys [unreads]
[04/24/26, 13:25:17:144] info: Breadcrumb: electron: window.blur 
{
  "id": 1,
  "url": "[REDACTED]"
}
[04/24/26, 13:25:17:144] info: Breadcrumb: electron: app.browser-window-blur 
[04/24/26, 13:25:17:144] info: Store: SET_WINDOW_FRAME 
{
  "id": 1,
  "frame": {
    "isFocused": false
  },
  "fromEvent": true
}
[04/24/26, 13:25:26:392] info: Store: NEW_NOTIFICATION 
{
  "title": "[REDACTED]",
  "subtitle": "[REDACTED]",
  "content": "[REDACTED]",
  "authorName": "[REDACTED]",
  "avatarImage": "[REDACTED]",
  "teamId": "TP17WPBDX",
  "userId": "U02N0NN01R6",
  "msg": "1777029926.310499",
  "channel": "D02MB228KD0",
  "channelName": "[REDACTED]",
  "launchUri": "[REDACTED]",
  "silent": true,
  "hasReply": true,
  "groupWindowsNotifications": true,
  "trace_id": "{\"traceId\":\"489b1c7eb47e2142\",\"parentSpanId\":\"489b1c7eb47e2142\"}",
  "id": "TP17WPBDX_1777029926.310499",
  "sound": "none",
  "win32": {
    "workspaceName": "Perfusion Tech - Technical team"
  },
  "mac": {
    "closeButtonOverride": false
  }
}
[04/24/26, 13:25:26:392] info: Creating new Electron notification. 
[04/24/26, 13:25:26:491] info: Store: SET_WINDOW_FRAME 
{
  "id": 1,
  "frame": {
    "isCurrentlyAudible": true
  },
  "fromEvent": true
}
[04/24/26, 13:25:28:226] info: Store: SET_WINDOW_FRAME 
{
  "id": 1,
  "frame": {
    "isCurrentlyAudible": false
  },
  "fromEvent": true
}
[04/24/26, 13:25:28:228] info: Store: REDUX_UPDATE_FROM_WEBAPP (TP17WPBDX) Changed keys [unreads]
[04/24/26, 13:25:48:110] info: Breadcrumb: electron.net: undefined 
{
  "url": "[REDACTED]",
  "method": "POST",
  "status_code": 200
}
[04/24/26, 13:25:48:229] info: Breadcrumb: electron.net: undefined 
{
  "url": "[REDACTED]",
  "method": "POST",
  "status_code": 200
}
[04/24/26, 13:30:39:898] info: Breadcrumb: electron: window.focus 
{
  "id": 1,
  "url": "[REDACTED]"
}
[04/24/26, 13:30:39:898] info: Breadcrumb: electron: app.browser-window-focus 
[04/24/26, 13:30:39:898] info: Store: SET_WINDOW_FRAME 
{
  "id": 1,
  "frame": {
    "isFocused": true
  },
  "fromEvent": true
}
[04/24/26, 13:30:41:433] info: Breadcrumb: electron: window.blur 
{
  "id": 1,
  "url": "[REDACTED]"
}
[04/24/26, 13:30:41:433] info: Breadcrumb: electron: app.browser-window-blur 
[04/24/26, 13:30:41:433] info: Store: SET_WINDOW_FRAME 
{
  "id": 1,
  "frame": {
    "isFocused": false
  },
  "fromEvent": true
}
[04/24/26, 13:30:42:132] info: Store: REDUX_UPDATE_FROM_WEBAPP (TP17WPBDX) Changed keys [unreads]
[04/24/26, 13:53:10:234] info: Breadcrumb: electron: window.focus 
{
  "id": 1,
  "url": "[REDACTED]"
}
[04/24/26, 13:53:10:234] info: Breadcrumb: electron: app.browser-window-focus 
[04/24/26, 13:53:10:235] info: Store: SET_WINDOW_FRAME 
{
  "id": 1,
  "frame": {
    "isFocused": true
  },
  "fromEvent": true
}
[04/24/26, 13:53:32:721] info: Breadcrumb: electron: window.blur 
{
  "id": 1,
  "url": "[REDACTED]"
}
[04/24/26, 13:53:32:721] info: Breadcrumb: electron: app.browser-window-blur 
[04/24/26, 13:53:32:721] info: Store: SET_WINDOW_FRAME 
{
  "id": 1,
  "frame": {
    "isFocused": false
  },
  "fromEvent": true
}
[04/24/26, 13:53:38:295] info: Breadcrumb: electron: window.focus 
{
  "id": 1,
  "url": "[REDACTED]"
}
[04/24/26, 13:53:38:295] info: Breadcrumb: electron: app.browser-window-focus 
[04/24/26, 13:53:38:295] info: Store: SET_WINDOW_FRAME 
{
  "id": 1,
  "frame": {
    "isFocused": true
  },
  "fromEvent": true
}
[04/24/26, 13:53:43:640] info: Store: REDUX_UPDATE_FROM_WEBAPP (TP17WPBDX) Changed keys [unreads]
[04/24/26, 13:53:46:343] info: Store: REDUX_UPDATE_FROM_WEBAPP (TP17WPBDX) Changed keys [unreads]
[04/24/26, 13:53:48:287] info: Breadcrumb: electron.net: undefined 
{
  "url": "[REDACTED]",
  "method": "POST",
  "status_code": 200
}
[04/24/26, 13:54:19:550] info: Breadcrumb: electron: window.blur 
{
  "id": 1,
  "url": "[REDACTED]"
}
[04/24/26, 13:54:19:551] info: Breadcrumb: electron: app.browser-window-blur 
[04/24/26, 13:54:19:551] info: Store: SET_WINDOW_FRAME 
{
  "id": 1,
  "frame": {
    "isFocused": false
  },
  "fromEvent": true
}
[04/24/26, 13:54:22:506] info: Store: NEW_NOTIFICATION 
{
  "title": "[REDACTED]",
  "subtitle": "[REDACTED]",
  "content": "[REDACTED]",
  "authorName": "[REDACTED]",
  "avatarImage": "[REDACTED]",
  "teamId": "TP17WPBDX",
  "userId": "U02N0NN01R6",
  "msg": "1777031662.409549",
  "channel": "D02MB228KD0",
  "channelName": "[REDACTED]",
  "launchUri": "[REDACTED]",
  "silent": true,
  "hasReply": true,
  "groupWindowsNotifications": true,
  "trace_id": "{\"traceId\":\"77643dd58809f6dc\",\"parentSpanId\":\"77643dd58809f6dc\"}",
  "id": "TP17WPBDX_1777031662.409549",
  "sound": "none",
  "win32": {
    "workspaceName": "Perfusion Tech - Technical team"
  },
  "mac": {
    "closeButtonOverride": false
  }
}
[04/24/26, 13:54:22:506] info: Creating new Electron notification. 
[04/24/26, 13:54:22:606] info: Store: SET_WINDOW_FRAME 
{
  "id": 1,
  "frame": {
    "isCurrentlyAudible": true
  },
  "fromEvent": true
}
[04/24/26, 13:54:22:791] info: Store: REDUX_UPDATE_FROM_WEBAPP (TP17WPBDX) Changed keys [unreads]
[04/24/26, 13:54:24:344] info: Store: SET_WINDOW_FRAME 
{
  "id": 1,
  "frame": {
    "isCurrentlyAudible": false
  },
  "fromEvent": true
}
[04/24/26, 13:54:24:739] info: Store: NEW_NOTIFICATION 
{
  "title": "[REDACTED]",
  "subtitle": "[REDACTED]",
  "content": "[REDACTED]",
  "authorName": "[REDACTED]",
  "avatarImage": "[REDACTED]",
  "teamId": "TP17WPBDX",
  "userId": "U02N0NN01R6",
  "msg": "1777031664.658009",
  "channel": "D02MB228KD0",
  "channelName": "[REDACTED]",
  "launchUri": "[REDACTED]",
  "silent": true,
  "hasReply": true,
  "groupWindowsNotifications": true,
  "trace_id": "{\"traceId\":\"c0fbc8b836c2724e\",\"parentSpanId\":\"c0fbc8b836c2724e\"}",
  "id": "TP17WPBDX_1777031664.658009",
  "sound": "none",
  "win32": {
    "workspaceName": "Perfusion Tech - Technical team"
  },
  "mac": {
    "closeButtonOverride": false
  }
}
[04/24/26, 13:54:24:740] info: Creating new Electron notification. 
[04/24/26, 13:54:24:817] info: Store: SET_WINDOW_FRAME 
{
  "id": 1,
  "frame": {
    "isCurrentlyAudible": true
  },
  "fromEvent": true
}
[04/24/26, 13:54:26:556] info: Store: SET_WINDOW_FRAME 
{
  "id": 1,
  "frame": {
    "isCurrentlyAudible": false
  },
  "fromEvent": true
}
[04/24/26, 13:54:58:274] info: Breadcrumb: electron.net: undefined 
{
  "url": "[REDACTED]",
  "method": "POST",
  "status_code": 200
}
[04/24/26, 13:54:58:395] info: Breadcrumb: electron.net: undefined 
{
  "url": "[REDACTED]",
  "method": "POST",
  "status_code": 200
}
[04/24/26, 14:01:17:396] info: Breadcrumb: electron: window.focus 
{
  "id": 1,
  "url": "[REDACTED]"
}
[04/24/26, 14:01:17:396] info: Breadcrumb: electron: app.browser-window-focus 
[04/24/26, 14:01:17:396] info: Store: SET_WINDOW_FRAME 
{
  "id": 1,
  "frame": {
    "isFocused": true
  },
  "fromEvent": true
}
[04/24/26, 14:01:18:372] info: Store: REDUX_UPDATE_FROM_WEBAPP (TP17WPBDX) Changed keys [unreads]
[04/24/26, 14:01:19:794] info: Permission check granted: 
{
  "isMainFrame": true,
  "permission": "media",
  "requestingOrigin": "https://app.slack.com/",
  "requestingUrl": "https://app.slack.com/client/TP17WPBDX/D02MB228KD0",
  "securityOrigin": null,
  "mediaType": "video",
  "slackChildWindowRequest": {
    "result": false,
    "reason": "Not child window URL"
  }
}
[04/24/26, 14:01:19:794] info: Permission check granted: 
{
  "isMainFrame": true,
  "permission": "media",
  "requestingOrigin": "https://app.slack.com/",
  "requestingUrl": "https://app.slack.com/client/TP17WPBDX/D02MB228KD0",
  "securityOrigin": null,
  "mediaType": "audio",
  "slackChildWindowRequest": {
    "result": false,
    "reason": "Not child window URL"
  }
}
[04/24/26, 14:01:19:794] info: Permission check granted: 
{
  "isMainFrame": true,
  "permission": "web-app-installation",
  "requestingOrigin": "https://app.slack.com/",
  "requestingUrl": "https://app.slack.com/client/TP17WPBDX/D02MB228KD0",
  "securityOrigin": null,
  "slackChildWindowRequest": {
    "result": false,
    "reason": "Not child window URL"
  }
}
[04/24/26, 14:01:19:795] info: Permission check granted: 
{
  "isMainFrame": true,
  "permission": "geolocation",
  "requestingOrigin": "https://app.slack.com/",
  "requestingUrl": "https://app.slack.com/client/TP17WPBDX/D02MB228KD0",
  "securityOrigin": null,
  "slackChildWindowRequest": {
    "result": false,
    "reason": "Not child window URL"
  }
}
[04/24/26, 14:01:20:231] info: Store: EXTEND_MENU TP17WPBDX: menucategory-file,menucategory-view,menucategory-edit,menucategory-help,menucategory-history
[04/24/26, 14:01:27:083] info: Breadcrumb: electron: window.blur 
{
  "id": 1,
  "url": "[REDACTED]"
}
[04/24/26, 14:01:27:083] info: Breadcrumb: electron: app.browser-window-blur 
[04/24/26, 14:01:27:083] info: Store: SET_WINDOW_FRAME 
{
  "id": 1,
  "frame": {
    "isFocused": false
  },
  "fromEvent": true
}
[04/24/26, 14:03:48:589] info: Store: NEW_NOTIFICATION 
{
  "title": "[REDACTED]",
  "subtitle": "[REDACTED]",
  "content": "[REDACTED]",
  "authorName": "[REDACTED]",
  "avatarImage": "[REDACTED]",
  "teamId": "TP17WPBDX",
  "userId": "U02N0NN01R6",
  "msg": "1777032228.405519",
  "channel": "D02MB228KD0",
  "channelName": "[REDACTED]",
  "launchUri": "[REDACTED]",
  "silent": true,
  "hasReply": true,
  "groupWindowsNotifications": true,
  "trace_id": "{\"traceId\":\"3f1bdd178510a0f3\",\"parentSpanId\":\"3f1bdd178510a0f3\"}",
  "id": "TP17WPBDX_1777032228.405519",
  "sound": "none",
  "win32": {
    "workspaceName": "Perfusion Tech - Technical team"
  },
  "mac": {
    "closeButtonOverride": false
  }
}
[04/24/26, 14:03:48:590] info: Creating new Electron notification. 
[04/24/26, 14:03:48:695] info: Store: SET_WINDOW_FRAME 
{
  "id": 1,
  "frame": {
    "isCurrentlyAudible": true
  },
  "fromEvent": true
}
[04/24/26, 14:03:49:157] info: Store: REDUX_UPDATE_FROM_WEBAPP (TP17WPBDX) Changed keys [unreads]
[04/24/26, 14:03:50:430] info: Store: SET_WINDOW_FRAME 
{
  "id": 1,
  "frame": {
    "isCurrentlyAudible": false
  },
  "fromEvent": true
}
[04/24/26, 14:03:50:729] info: Breadcrumb: electron: window.focus 
{
  "id": 1,
  "url": "[REDACTED]"
}
[04/24/26, 14:03:50:729] info: Breadcrumb: electron: app.browser-window-focus 
[04/24/26, 14:03:50:729] info: Store: SET_WINDOW_FRAME 
{
  "id": 1,
  "frame": {
    "isFocused": true
  },
  "fromEvent": true
}
[04/24/26, 14:03:52:715] info: Permission check granted: 
{
  "isMainFrame": true,
  "permission": "media",
  "requestingOrigin": "https://app.slack.com/",
  "requestingUrl": "https://app.slack.com/client/TP17WPBDX/D088TAA7CS0",
  "securityOrigin": null,
  "mediaType": "video",
  "slackChildWindowRequest": {
    "result": false,
    "reason": "Not child window URL"
  }
}
[04/24/26, 14:03:52:715] info: Permission check granted: 
{
  "isMainFrame": true,
  "permission": "media",
  "requestingOrigin": "https://app.slack.com/",
  "requestingUrl": "https://app.slack.com/client/TP17WPBDX/D088TAA7CS0",
  "securityOrigin": null,
  "mediaType": "audio",
  "slackChildWindowRequest": {
    "result": false,
    "reason": "Not child window URL"
  }
}
[04/24/26, 14:03:52:715] info: Permission check granted: 
{
  "isMainFrame": true,
  "permission": "web-app-installation",
  "requestingOrigin": "https://app.slack.com/",
  "requestingUrl": "https://app.slack.com/client/TP17WPBDX/D088TAA7CS0",
  "securityOrigin": null,
  "slackChildWindowRequest": {
    "result": false,
    "reason": "Not child window URL"
  }
}
[04/24/26, 14:03:52:715] info: Permission check granted: 
{
  "isMainFrame": true,
  "permission": "geolocation",
  "requestingOrigin": "https://app.slack.com/",
  "requestingUrl": "https://app.slack.com/client/TP17WPBDX/D088TAA7CS0",
  "securityOrigin": null,
  "slackChildWindowRequest": {
    "result": false,
    "reason": "Not child window URL"
  }
}
[04/24/26, 14:03:53:234] info: Store: EXTEND_MENU TP17WPBDX: menucategory-file,menucategory-view,menucategory-edit,menucategory-help,menucategory-history
[04/24/26, 14:03:56:876] info: Store: REDUX_UPDATE_FROM_WEBAPP (TP17WPBDX) Changed keys [unreads]
[04/24/26, 14:04:16:661] info: Breadcrumb: electron: window.blur 
{
  "id": 1,
  "url": "[REDACTED]"
}
[04/24/26, 14:04:16:661] info: Breadcrumb: electron: app.browser-window-blur 
[04/24/26, 14:04:16:661] info: Store: SET_WINDOW_FRAME 
{
  "id": 1,
  "frame": {
    "isFocused": false
  },
  "fromEvent": true
}
[04/24/26, 14:04:18:333] info: Breadcrumb: electron.net: undefined 
{
  "url": "[REDACTED]",
  "method": "POST",
  "status_code": 200
}
[04/24/26, 14:04:25:862] info: Store: NEW_NOTIFICATION 
{
  "title": "[REDACTED]",
  "subtitle": "[REDACTED]",
  "content": "[REDACTED]",
  "authorName": "[REDACTED]",
  "avatarImage": "[REDACTED]",
  "teamId": "TP17WPBDX",
  "userId": "U02N0NN01R6",
  "msg": "1777032265.699449",
  "channel": "D02MB228KD0",
  "channelName": "[REDACTED]",
  "launchUri": "[REDACTED]",
  "silent": true,
  "hasReply": true,
  "groupWindowsNotifications": true,
  "trace_id": "{\"traceId\":\"b2635d3e8b5dcf47\",\"parentSpanId\":\"b2635d3e8b5dcf47\"}",
  "id": "TP17WPBDX_1777032265.699449",
  "sound": "none",
  "win32": {
    "workspaceName": "Perfusion Tech - Technical team"
  },
  "mac": {
    "closeButtonOverride": false
  }
}
[04/24/26, 14:04:25:862] info: Creating new Electron notification. 
[04/24/26, 14:04:25:963] info: Store: SET_WINDOW_FRAME 
{
  "id": 1,
  "frame": {
    "isCurrentlyAudible": true
  },
  "fromEvent": true
}
[04/24/26, 14:04:26:123] info: Store: REDUX_UPDATE_FROM_WEBAPP (TP17WPBDX) Changed keys [unreads]
[04/24/26, 14:04:27:697] info: Store: SET_WINDOW_FRAME 
{
  "id": 1,
  "frame": {
    "isCurrentlyAudible": false
  },
  "fromEvent": true
}
[04/24/26, 14:05:28:360] info: Breadcrumb: electron.net: undefined 
{
  "url": "[REDACTED]",
  "method": "POST",
  "status_code": 200
}
[04/24/26, 14:07:57:054] info: Feature Check: requesting features from https://app.slack.com/api/ 
[04/24/26, 14:07:57:220] info: Breadcrumb: electron.net: undefined 
{
  "url": "[REDACTED]",
  "method": "GET",
  "status_code": 200
}
[04/24/26, 14:07:57:221] info: Feature Check: received experiments 
{
  "ok": true,
  "experiments": [
    {
      "experiment": "",
      "disable_chrome_features": [
        "PostQuantumKyber"
      ],
      "type": "normal"
    },
    {
      "experiment": "ripcord_document_policy_include_js_call_stacks",
      "enable_chrome_features": [
        "DocumentPolicyIncludeJSCallStacksInCrashReports"
      ],
      "type": "normal"
    },
    {
      "experiment": "ripcord_desktop_disable_windows_display_crash_feature",
      "disable_chrome_features": [
        "SkipEmptyDisplayHotplugEvent"
      ],
      "type": "normal"
    },
    {
      "experiment": "ripcord_force_color_profile",
      "add_browser_command_line_args": [
        "--force-color-profile=display-p3-d65"
      ],
      "type": "normal",
      "filter": {
        "platform": [
          "darwin"
        ]
      }
    },
    {
      "experiment": "ripcord_disable_blink_customizable_select",
      "disable_blink_features": [
        "CustomizableSelect"
      ],
      "type": "normal"
    },
    {
      "experiment": "ripcord_enumerate_devices_relaxed_cache",
      "disable_chrome_features": [
        "EnumerateDevicesRelaxedCache"
      ],
      "type": "normal"
    },
    {
      "experiment": "",
      "enable_slack_features": [
        "desktop_loading_screen"
      ],
      "type": "normal"
    },
    {
      "experiment": "desktop_set_system_notification_playback",
      "enable_slack_features": [
        "set_system_notification_playback"
      ],
      "type": "normal",
      "filter": {
        "platform": [
          "win32"
        ],
        "dist": [
          "MSIX",
          "WinStore"
        ]
      }
    }
  ]
}
[04/24/26, 14:09:15:465] info: Breadcrumb: electron: window.focus 
{
  "id": 1,
  "url": "[REDACTED]"
}
[04/24/26, 14:09:15:466] info: Breadcrumb: electron: app.browser-window-focus 
[04/24/26, 14:09:15:466] info: Store: SET_WINDOW_FRAME 
{
  "id": 1,
  "frame": {
    "isFocused": true
  },
  "fromEvent": true
}
[04/24/26, 14:09:16:728] info: Breadcrumb: electron: window.blur 
{
  "id": 1,
  "url": "[REDACTED]"
}
[04/24/26, 14:09:16:728] info: Breadcrumb: electron: app.browser-window-blur 
[04/24/26, 14:09:16:728] info: Store: SET_WINDOW_FRAME 
{
  "id": 1,
  "frame": {
    "isFocused": false
  },
  "fromEvent": true
}
[04/24/26, 14:09:17:475] info: Store: REDUX_UPDATE_FROM_WEBAPP (TP17WPBDX) Changed keys [unreads]
[04/24/26, 14:11:33:324] info: Breadcrumb: electron: window.focus 
{
  "id": 1,
  "url": "[REDACTED]"
}
[04/24/26, 14:11:33:324] info: Breadcrumb: electron: app.browser-window-focus 
[04/24/26, 14:11:33:324] info: Store: SET_WINDOW_FRAME 
{
  "id": 1,
  "frame": {
    "isFocused": true
  },
  "fromEvent": true
}
[04/24/26, 14:11:34:419] info: Breadcrumb: electron: window.blur 
{
  "id": 1,
  "url": "[REDACTED]"
}
[04/24/26, 14:11:34:419] info: Breadcrumb: electron: app.browser-window-blur 
[04/24/26, 14:11:34:419] info: Store: SET_WINDOW_FRAME 
{
  "id": 1,
  "frame": {
    "isFocused": false
  },
  "fromEvent": true
}
[04/24/26, 14:11:36:919] info: Breadcrumb: electron: window.focus 
{
  "id": 1,
  "url": "[REDACTED]"
}
[04/24/26, 14:11:36:919] info: Breadcrumb: electron: app.browser-window-focus 
[04/24/26, 14:11:36:919] info: Store: SET_WINDOW_FRAME 
{
  "id": 1,
  "frame": {
    "isFocused": true
  },
  "fromEvent": true
}
[04/24/26, 14:11:38:344] info: Breadcrumb: electron: window.blur 
{
  "id": 1,
  "url": "[REDACTED]"
}
[04/24/26, 14:11:38:344] info: Breadcrumb: electron: app.browser-window-blur 
[04/24/26, 14:11:38:344] info: Store: SET_WINDOW_FRAME 
{
  "id": 1,
  "frame": {
    "isFocused": false
  },
  "fromEvent": true
}
[04/24/26, 14:12:46:802] info: Breadcrumb: electron: window.focus 
{
  "id": 1,
  "url": "[REDACTED]"
}
[04/24/26, 14:12:46:802] info: Breadcrumb: electron: app.browser-window-focus 
[04/24/26, 14:12:46:802] info: Store: SET_WINDOW_FRAME 
{
  "id": 1,
  "frame": {
    "isFocused": true
  },
  "fromEvent": true
}
[04/24/26, 14:12:47:722] info: Breadcrumb: electron: window.blur 
{
  "id": 1,
  "url": "[REDACTED]"
}
[04/24/26, 14:12:47:723] info: Breadcrumb: electron: app.browser-window-blur 
[04/24/26, 14:12:47:723] info: Store: SET_WINDOW_FRAME 
{
  "id": 1,
  "frame": {
    "isFocused": false
  },
  "fromEvent": true
}
[04/24/26, 14:13:23:532] info: Breadcrumb: electron: window.focus 
{
  "id": 1,
  "url": "[REDACTED]"
}
[04/24/26, 14:13:23:532] info: Breadcrumb: electron: app.browser-window-focus 
[04/24/26, 14:13:23:533] info: Store: SET_WINDOW_FRAME 
{
  "id": 1,
  "frame": {
    "isFocused": true
  },
  "fromEvent": true
}
[04/24/26, 14:13:23:701] info: Breadcrumb: electron: window.blur 
{
  "id": 1,
  "url": "[REDACTED]"
}
[04/24/26, 14:13:23:701] info: Breadcrumb: electron: app.browser-window-blur 
[04/24/26, 14:13:23:701] info: Store: SET_WINDOW_FRAME 
{
  "id": 1,
  "frame": {
    "isFocused": false
  },
  "fromEvent": true
}
[04/24/26, 14:13:24:095] info: Breadcrumb: electron: window.focus 
{
  "id": 1,
  "url": "[REDACTED]"
}
[04/24/26, 14:13:24:095] info: Breadcrumb: electron: app.browser-window-focus 
[04/24/26, 14:13:24:095] info: Store: SET_WINDOW_FRAME 
{
  "id": 1,
  "frame": {
    "isFocused": true
  },
  "fromEvent": true
}
[04/24/26, 14:13:24:812] info: Breadcrumb: electron: window.blur 
{
  "id": 1,
  "url": "[REDACTED]"
}
[04/24/26, 14:13:24:812] info: Breadcrumb: electron: app.browser-window-blur 
[04/24/26, 14:13:24:813] info: Store: SET_WINDOW_FRAME 
{
  "id": 1,
  "frame": {
    "isFocused": false
  },
  "fromEvent": true
}
[04/24/26, 14:14:27:342] info: Breadcrumb: electron: window.focus 
{
  "id": 1,
  "url": "[REDACTED]"
}
[04/24/26, 14:14:27:343] info: Breadcrumb: electron: app.browser-window-focus 
[04/24/26, 14:14:27:343] info: Store: SET_WINDOW_FRAME 
{
  "id": 1,
  "frame": {
    "isFocused": true
  },
  "fromEvent": true
}
[04/24/26, 14:14:27:833] info: Breadcrumb: electron: window.blur 
{
  "id": 1,
  "url": "[REDACTED]"
}
[04/24/26, 14:14:27:833] info: Breadcrumb: electron: app.browser-window-blur 
[04/24/26, 14:14:27:833] info: Store: SET_WINDOW_FRAME 
{
  "id": 1,
  "frame": {
    "isFocused": false
  },
  "fromEvent": true
}
[04/24/26, 14:14:49:125] info: Breadcrumb: electron: window.focus 
{
  "id": 1,
  "url": "[REDACTED]"
}
[04/24/26, 14:14:49:126] info: Breadcrumb: electron: app.browser-window-focus 
[04/24/26, 14:14:49:126] info: Store: SET_WINDOW_FRAME 
{
  "id": 1,
  "frame": {
    "isFocused": true
  },
  "fromEvent": true
}
[04/24/26, 14:14:50:027] info: Breadcrumb: electron: window.blur 
{
  "id": 1,
  "url": "[REDACTED]"
}
[04/24/26, 14:14:50:027] info: Breadcrumb: electron: app.browser-window-blur 
[04/24/26, 14:14:50:027] info: Store: SET_WINDOW_FRAME 
{
  "id": 1,
  "frame": {
    "isFocused": false
  },
  "fromEvent": true
}
[04/24/26, 14:14:50:905] info: Breadcrumb: electron: window.focus 
{
  "id": 1,
  "url": "[REDACTED]"
}
[04/24/26, 14:14:50:905] info: Breadcrumb: electron: app.browser-window-focus 
[04/24/26, 14:14:50:905] info: Store: SET_WINDOW_FRAME 
{
  "id": 1,
  "frame": {
    "isFocused": true
  },
  "fromEvent": true
}
[04/24/26, 14:14:51:221] info: Breadcrumb: electron: window.blur 
{
  "id": 1,
  "url": "[REDACTED]"
}
[04/24/26, 14:14:51:221] info: Breadcrumb: electron: app.browser-window-blur 
[04/24/26, 14:14:51:221] info: Store: SET_WINDOW_FRAME 
{
  "id": 1,
  "frame": {
    "isFocused": false
  },
  "fromEvent": true
}
[04/24/26, 14:15:15:382] info: Breadcrumb: electron: window.focus 
{
  "id": 1,
  "url": "[REDACTED]"
}
[04/24/26, 14:15:15:382] info: Breadcrumb: electron: app.browser-window-focus 
[04/24/26, 14:15:15:382] info: Store: SET_WINDOW_FRAME 
{
  "id": 1,
  "frame": {
    "isFocused": true
  },
  "fromEvent": true
}
[04/24/26, 14:15:16:319] info: Breadcrumb: electron: window.blur 
{
  "id": 1,
  "url": "[REDACTED]"
}
[04/24/26, 14:15:16:319] info: Breadcrumb: electron: app.browser-window-blur 
[04/24/26, 14:15:16:319] info: Store: SET_WINDOW_FRAME 
{
  "id": 1,
  "frame": {
    "isFocused": false
  },
  "fromEvent": true
}
[04/24/26, 14:20:48:565] info: Breadcrumb: electron: window.focus 
{
  "id": 1,
  "url": "[REDACTED]"
}
[04/24/26, 14:20:48:566] info: Breadcrumb: electron: app.browser-window-focus 
[04/24/26, 14:20:48:566] info: Store: SET_WINDOW_FRAME 
{
  "id": 1,
  "frame": {
    "isFocused": true
  },
  "fromEvent": true
}
[04/24/26, 14:20:48:901] info: Breadcrumb: electron: window.blur 
{
  "id": 1,
  "url": "[REDACTED]"
}
[04/24/26, 14:20:48:901] info: Breadcrumb: electron: app.browser-window-blur 
[04/24/26, 14:20:48:901] info: Store: SET_WINDOW_FRAME 
{
  "id": 1,
  "frame": {
    "isFocused": false
  },
  "fromEvent": true
}
[04/24/26, 14:20:50:374] info: Breadcrumb: electron: window.focus 
{
  "id": 1,
  "url": "[REDACTED]"
}
[04/24/26, 14:20:50:374] info: Breadcrumb: electron: app.browser-window-focus 
[04/24/26, 14:20:50:374] info: Store: SET_WINDOW_FRAME 
{
  "id": 1,
  "frame": {
    "isFocused": true
  },
  "fromEvent": true
}
[04/24/26, 14:20:50:672] info: Breadcrumb: electron: window.blur 
{
  "id": 1,
  "url": "[REDACTED]"
}
[04/24/26, 14:20:50:672] info: Breadcrumb: electron: app.browser-window-blur 
[04/24/26, 14:20:50:673] info: Store: SET_WINDOW_FRAME 
{
  "id": 1,
  "frame": {
    "isFocused": false
  },
  "fromEvent": true
}
[04/24/26, 14:24:58:090] info: Breadcrumb: electron: window.focus 
{
  "id": 1,
  "url": "[REDACTED]"
}
[04/24/26, 14:24:58:091] info: Breadcrumb: electron: app.browser-window-focus 
[04/24/26, 14:24:58:091] info: Store: SET_WINDOW_FRAME 
{
  "id": 1,
  "frame": {
    "isFocused": true
  },
  "fromEvent": true
}
[04/24/26, 14:24:59:883] info: Permission check granted: 
{
  "isMainFrame": true,
  "permission": "media",
  "requestingOrigin": "https://app.slack.com/",
  "requestingUrl": "https://app.slack.com/client/TP17WPBDX/D02MB228KD0",
  "securityOrigin": null,
  "mediaType": "video",
  "slackChildWindowRequest": {
    "result": false,
    "reason": "Not child window URL"
  }
}
[04/24/26, 14:24:59:883] info: Permission check granted: 
{
  "isMainFrame": true,
  "permission": "media",
  "requestingOrigin": "https://app.slack.com/",
  "requestingUrl": "https://app.slack.com/client/TP17WPBDX/D02MB228KD0",
  "securityOrigin": null,
  "mediaType": "audio",
  "slackChildWindowRequest": {
    "result": false,
    "reason": "Not child window URL"
  }
}
[04/24/26, 14:24:59:883] info: Permission check granted: 
{
  "isMainFrame": true,
  "permission": "web-app-installation",
  "requestingOrigin": "https://app.slack.com/",
  "requestingUrl": "https://app.slack.com/client/TP17WPBDX/D02MB228KD0",
  "securityOrigin": null,
  "slackChildWindowRequest": {
    "result": false,
    "reason": "Not child window URL"
  }
}
[04/24/26, 14:24:59:884] info: Permission check granted: 
{
  "isMainFrame": true,
  "permission": "geolocation",
  "requestingOrigin": "https://app.slack.com/",
  "requestingUrl": "https://app.slack.com/client/TP17WPBDX/D02MB228KD0",
  "securityOrigin": null,
  "slackChildWindowRequest": {
    "result": false,
    "reason": "Not child window URL"
  }
}
[04/24/26, 14:25:00:284] info: Store: EXTEND_MENU TP17WPBDX: menucategory-file,menucategory-view,menucategory-edit,menucategory-help,menucategory-history
[04/24/26, 14:26:00:532] info: Breadcrumb: electron: window.blur 
{
  "id": 1,
  "url": "[REDACTED]"
}
[04/24/26, 14:26:00:532] info: Breadcrumb: electron: app.browser-window-blur 
[04/24/26, 14:26:00:532] info: Store: SET_WINDOW_FRAME 
{
  "id": 1,
  "frame": {
    "isFocused": false
  },
  "fromEvent": true
}
[04/24/26, 14:28:59:097] info: Store: NEW_NOTIFICATION 
{
  "title": "[REDACTED]",
  "subtitle": "[REDACTED]",
  "content": "[REDACTED]",
  "authorName": "[REDACTED]",
  "avatarImage": "[REDACTED]",
  "teamId": "TP17WPBDX",
  "userId": "U02N0NN01R6",
  "msg": "1777033738.955199",
  "channel": "C02FZFAR14Y",
  "channelName": "[REDACTED]",
  "launchUri": "[REDACTED]",
  "silent": true,
  "hasReply": true,
  "groupWindowsNotifications": true,
  "trace_id": "{\"traceId\":\"45ac3decc0f53a9a\",\"parentSpanId\":\"45ac3decc0f53a9a\"}",
  "id": "TP17WPBDX_1777033738.955199",
  "sound": "none",
  "win32": {
    "workspaceName": "Perfusion Tech - Technical team"
  },
  "mac": {
    "closeButtonOverride": false
  }
}
[04/24/26, 14:28:59:097] info: Creating new Electron notification. 
[04/24/26, 14:28:59:179] info: Store: SET_WINDOW_FRAME 
{
  "id": 1,
  "frame": {
    "isCurrentlyAudible": true
  },
  "fromEvent": true
}
[04/24/26, 14:29:00:916] info: Store: SET_WINDOW_FRAME 
{
  "id": 1,
  "frame": {
    "isCurrentlyAudible": false
  },
  "fromEvent": true
}
[04/24/26, 14:29:51:824] info: Breadcrumb: electron: window.focus 
{
  "id": 1,
  "url": "[REDACTED]"
}
[04/24/26, 14:29:51:825] info: Breadcrumb: electron: app.browser-window-focus 
[04/24/26, 14:29:51:826] info: Store: SET_WINDOW_FRAME 
{
  "id": 1,
  "frame": {
    "isFocused": true
  },
  "fromEvent": true
}
[04/24/26, 14:29:55:170] info: Breadcrumb: electron: window.blur 
{
  "id": 1,
  "url": "[REDACTED]"
}
[04/24/26, 14:29:55:170] info: Breadcrumb: electron: app.browser-window-blur 
[04/24/26, 14:29:55:171] info: Store: SET_WINDOW_FRAME 
{
  "id": 1,
  "frame": {
    "isFocused": false
  },
  "fromEvent": true
}
[04/24/26, 14:29:58:485] info: Breadcrumb: electron.net: undefined 
{
  "url": "[REDACTED]",
  "method": "POST",
  "status_code": 200
}
[04/24/26, 14:32:12:716] info: Breadcrumb: electron: window.focus 
{
  "id": 1,
  "url": "[REDACTED]"
}
[04/24/26, 14:32:12:716] info: Breadcrumb: electron: app.browser-window-focus 
[04/24/26, 14:32:12:716] info: Store: SET_WINDOW_FRAME 
{
  "id": 1,
  "frame": {
    "isFocused": true
  },
  "fromEvent": true
}
[04/24/26, 14:32:13:807] info: Breadcrumb: electron: window.blur 
{
  "id": 1,
  "url": "[REDACTED]"
}
[04/24/26, 14:32:13:808] info: Breadcrumb: electron: app.browser-window-blur 
[04/24/26, 14:32:13:808] info: Store: SET_WINDOW_FRAME 
{
  "id": 1,
  "frame": {
    "isFocused": false
  },
  "fromEvent": true
}
[04/24/26, 14:32:14:504] info: Breadcrumb: electron: window.focus 
{
  "id": 1,
  "url": "[REDACTED]"
}
[04/24/26, 14:32:14:505] info: Breadcrumb: electron: app.browser-window-focus 
[04/24/26, 14:32:14:505] info: Store: SET_WINDOW_FRAME 
{
  "id": 1,
  "frame": {
    "isFocused": true
  },
  "fromEvent": true
}
[04/24/26, 14:32:14:810] info: Breadcrumb: electron: window.blur 
{
  "id": 1,
  "url": "[REDACTED]"
}
[04/24/26, 14:32:14:810] info: Breadcrumb: electron: app.browser-window-blur 
[04/24/26, 14:32:14:810] info: Store: SET_WINDOW_FRAME 
{
  "id": 1,
  "frame": {
    "isFocused": false
  },
  "fromEvent": true
}
[04/24/26, 14:32:57:975] info: Breadcrumb: electron: window.focus 
{
  "id": 1,
  "url": "[REDACTED]"
}
[04/24/26, 14:32:57:975] info: Breadcrumb: electron: app.browser-window-focus 
[04/24/26, 14:32:57:975] info: Store: SET_WINDOW_FRAME 
{
  "id": 1,
  "frame": {
    "isFocused": true
  },
  "fromEvent": true
}
[04/24/26, 14:32:58:261] info: Breadcrumb: electron: window.blur 
{
  "id": 1,
  "url": "[REDACTED]"
}
[04/24/26, 14:32:58:261] info: Breadcrumb: electron: app.browser-window-blur 
[04/24/26, 14:32:58:261] info: Store: SET_WINDOW_FRAME 
{
  "id": 1,
  "frame": {
    "isFocused": false
  },
  "fromEvent": true
}
[04/24/26, 14:33:12:538] info: Store: NEW_NOTIFICATION 
{
  "title": "[REDACTED]",
  "subtitle": "[REDACTED]",
  "content": "[REDACTED]",
  "authorName": "[REDACTED]",
  "avatarImage": "[REDACTED]",
  "teamId": "TP17WPBDX",
  "userId": "U02N0NN01R6",
  "msg": "1777033992.385349",
  "channel": "D088TAA7CS0",
  "channelName": "[REDACTED]",
  "launchUri": "[REDACTED]",
  "silent": true,
  "hasReply": true,
  "groupWindowsNotifications": true,
  "trace_id": "{\"traceId\":\"76a4a5caa12e3441\",\"parentSpanId\":\"76a4a5caa12e3441\"}",
  "id": "TP17WPBDX_1777033992.385349",
  "sound": "none",
  "win32": {
    "workspaceName": "Perfusion Tech - Technical team"
  },
  "mac": {
    "closeButtonOverride": false
  }
}
[04/24/26, 14:33:12:538] info: Creating new Electron notification. 
[04/24/26, 14:33:12:640] info: Store: SET_WINDOW_FRAME 
{
  "id": 1,
  "frame": {
    "isCurrentlyAudible": true
  },
  "fromEvent": true
}
[04/24/26, 14:33:14:377] info: Store: SET_WINDOW_FRAME 
{
  "id": 1,
  "frame": {
    "isCurrentlyAudible": false
  },
  "fromEvent": true
}
[04/24/26, 14:33:14:379] info: Store: REDUX_UPDATE_FROM_WEBAPP (TP17WPBDX) Changed keys [unreads]
[04/24/26, 14:33:18:802] info: Breadcrumb: electron: window.focus 
{
  "id": 1,
  "url": "[REDACTED]"
}
[04/24/26, 14:33:18:803] info: Breadcrumb: electron: app.browser-window-focus 
[04/24/26, 14:33:18:803] info: Store: SET_WINDOW_FRAME 
{
  "id": 1,
  "frame": {
    "isFocused": true
  },
  "fromEvent": true
}
[04/24/26, 14:33:23:013] info: Store: REDUX_UPDATE_FROM_WEBAPP (TP17WPBDX) Changed keys [unreads]
[04/24/26, 14:33:25:033] info: Breadcrumb: electron: window.blur 
{
  "id": 1,
  "url": "[REDACTED]"
}
[04/24/26, 14:33:25:033] info: Breadcrumb: electron: app.browser-window-blur 
[04/24/26, 14:33:25:033] info: Store: SET_WINDOW_FRAME 
{
  "id": 1,
  "frame": {
    "isFocused": false
  },
  "fromEvent": true
}
[04/24/26, 14:33:28:479] info: Breadcrumb: electron.net: undefined 
{
  "url": "[REDACTED]",
  "method": "POST",
  "status_code": 200
}
[04/24/26, 14:39:32:923] info: Breadcrumb: electron: window.focus 
{
  "id": 1,
  "url": "[REDACTED]"
}
[04/24/26, 14:39:32:923] info: Breadcrumb: electron: app.browser-window-focus 
[04/24/26, 14:39:32:923] info: Store: SET_WINDOW_FRAME 
{
  "id": 1,
  "frame": {
    "isFocused": true
  },
  "fromEvent": true
}
[04/24/26, 14:39:33:554] info: Permission check granted: 
{
  "isMainFrame": true,
  "permission": "media",
  "requestingOrigin": "https://app.slack.com/",
  "requestingUrl": "https://app.slack.com/client/TP17WPBDX/D088TAA7CS0",
  "securityOrigin": null,
  "mediaType": "video",
  "slackChildWindowRequest": {
    "result": false,
    "reason": "Not child window URL"
  }
}
[04/24/26, 14:39:33:554] info: Permission check granted: 
{
  "isMainFrame": true,
  "permission": "media",
  "requestingOrigin": "https://app.slack.com/",
  "requestingUrl": "https://app.slack.com/client/TP17WPBDX/D088TAA7CS0",
  "securityOrigin": null,
  "mediaType": "audio",
  "slackChildWindowRequest": {
    "result": false,
    "reason": "Not child window URL"
  }
}
[04/24/26, 14:39:33:555] info: Permission check granted: 
{
  "isMainFrame": true,
  "permission": "web-app-installation",
  "requestingOrigin": "https://app.slack.com/",
  "requestingUrl": "https://app.slack.com/client/TP17WPBDX/D088TAA7CS0",
  "securityOrigin": null,
  "slackChildWindowRequest": {
    "result": false,
    "reason": "Not child window URL"
  }
}
[04/24/26, 14:39:33:555] info: Permission check granted: 
{
  "isMainFrame": true,
  "permission": "geolocation",
  "requestingOrigin": "https://app.slack.com/",
  "requestingUrl": "https://app.slack.com/client/TP17WPBDX/D088TAA7CS0",
  "securityOrigin": null,
  "slackChildWindowRequest": {
    "result": false,
    "reason": "Not child window URL"
  }
}
[04/24/26, 14:39:33:559] info: Store: EXTERNAL_MENU_ITEM_CLICKED 
{
  "id": "menuitem-new-message",
  "ctrlKey": true,
  "metaKey": false,
  "altKey": false,
  "shiftKey": false,
  "triggeredByAccelerator": true
}
[04/24/26, 14:39:33:809] info: Store: EXTEND_MENU TP17WPBDX: menucategory-file,menucategory-view,menucategory-edit,menucategory-help,menucategory-history
[04/24/26, 14:39:36:388] info: Permission check granted: 
{
  "isMainFrame": true,
  "permission": "media",
  "requestingOrigin": "https://app.slack.com/",
  "requestingUrl": "https://app.slack.com/client/TP17WPBDX",
  "securityOrigin": null,
  "mediaType": "video",
  "slackChildWindowRequest": {
    "result": false,
    "reason": "Not child window URL"
  }
}
[04/24/26, 14:39:36:388] info: Permission check granted: 
{
  "isMainFrame": true,
  "permission": "media",
  "requestingOrigin": "https://app.slack.com/",
  "requestingUrl": "https://app.slack.com/client/TP17WPBDX",
  "securityOrigin": null,
  "mediaType": "audio",
  "slackChildWindowRequest": {
    "result": false,
    "reason": "Not child window URL"
  }
}
[04/24/26, 14:39:36:389] info: Permission check granted: 
{
  "isMainFrame": true,
  "permission": "web-app-installation",
  "requestingOrigin": "https://app.slack.com/",
  "requestingUrl": "https://app.slack.com/client/TP17WPBDX",
  "securityOrigin": null,
  "slackChildWindowRequest": {
    "result": false,
    "reason": "Not child window URL"
  }
}
[04/24/26, 14:39:36:389] info: Permission check granted: 
{
  "isMainFrame": true,
  "permission": "geolocation",
  "requestingOrigin": "https://app.slack.com/",
  "requestingUrl": "https://app.slack.com/client/TP17WPBDX",
  "securityOrigin": null,
  "slackChildWindowRequest": {
    "result": false,
    "reason": "Not child window URL"
  }
}
[04/24/26, 14:39:36:830] info: Store: EXTEND_MENU TP17WPBDX: menucategory-file,menucategory-view,menucategory-edit,menucategory-help,menucategory-history
[04/24/26, 14:40:12:880] info: Breadcrumb: electron: window.blur 
{
  "id": 1,
  "url": "[REDACTED]"
}
[04/24/26, 14:40:12:880] info: Breadcrumb: electron: app.browser-window-blur 
[04/24/26, 14:40:12:880] info: Store: SET_WINDOW_FRAME 
{
  "id": 1,
  "frame": {
    "isFocused": false
  },
  "fromEvent": true
}
[04/24/26, 14:40:20:183] info: Breadcrumb: electron: window.focus 
{
  "id": 1,
  "url": "[REDACTED]"
}
[04/24/26, 14:40:20:183] info: Breadcrumb: electron: app.browser-window-focus 
[04/24/26, 14:40:20:183] info: Store: SET_WINDOW_FRAME 
{
  "id": 1,
  "frame": {
    "isFocused": true
  },
  "fromEvent": true
}
[04/24/26, 14:40:28:502] info: Breadcrumb: electron.net: undefined 
{
  "url": "[REDACTED]",
  "method": "POST",
  "status_code": 200
}
[04/24/26, 14:40:45:045] info: Breadcrumb: electron: window.blur 
{
  "id": 1,
  "url": "[REDACTED]"
}
[04/24/26, 14:40:45:045] info: Breadcrumb: electron: app.browser-window-blur 
[04/24/26, 14:40:45:045] info: Store: SET_WINDOW_FRAME 
{
  "id": 1,
  "frame": {
    "isFocused": false
  },
  "fromEvent": true
}
[04/24/26, 14:43:06:953] info: Breadcrumb: electron: window.focus 
{
  "id": 1,
  "url": "[REDACTED]"
}
[04/24/26, 14:43:06:953] info: Breadcrumb: electron: app.browser-window-focus 
[04/24/26, 14:43:06:953] info: Store: SET_WINDOW_FRAME 
{
  "id": 1,
  "frame": {
    "isFocused": true
  },
  "fromEvent": true
}
[04/24/26, 14:43:13:414] info: Permission check granted: 
{
  "isMainFrame": true,
  "permission": "media",
  "requestingOrigin": "https://app.slack.com/",
  "requestingUrl": "https://app.slack.com/client/TP17WPBDX/C07J36TUEDA",
  "securityOrigin": null,
  "mediaType": "video",
  "slackChildWindowRequest": {
    "result": false,
    "reason": "Not child window URL"
  }
}
[04/24/26, 14:43:13:414] info: Permission check granted: 
{
  "isMainFrame": true,
  "permission": "media",
  "requestingOrigin": "https://app.slack.com/",
  "requestingUrl": "https://app.slack.com/client/TP17WPBDX/C07J36TUEDA",
  "securityOrigin": null,
  "mediaType": "audio",
  "slackChildWindowRequest": {
    "result": false,
    "reason": "Not child window URL"
  }
}
[04/24/26, 14:43:13:414] info: Permission check granted: 
{
  "isMainFrame": true,
  "permission": "web-app-installation",
  "requestingOrigin": "https://app.slack.com/",
  "requestingUrl": "https://app.slack.com/client/TP17WPBDX/C07J36TUEDA",
  "securityOrigin": null,
  "slackChildWindowRequest": {
    "result": false,
    "reason": "Not child window URL"
  }
}
[04/24/26, 14:43:13:414] info: Permission check granted: 
{
  "isMainFrame": true,
  "permission": "geolocation",
  "requestingOrigin": "https://app.slack.com/",
  "requestingUrl": "https://app.slack.com/client/TP17WPBDX/C07J36TUEDA",
  "securityOrigin": null,
  "slackChildWindowRequest": {
    "result": false,
    "reason": "Not child window URL"
  }
}
[04/24/26, 14:43:13:421] info: Store: EXTERNAL_MENU_ITEM_CLICKED 
{
  "id": "menuitem-new-message",
  "ctrlKey": true,
  "metaKey": false,
  "altKey": false,
  "shiftKey": false,
  "triggeredByAccelerator": true
}
[04/24/26, 14:43:13:720] info: Store: EXTEND_MENU TP17WPBDX: menucategory-file,menucategory-view,menucategory-edit,menucategory-help,menucategory-history
[04/24/26, 14:43:16:304] info: Breadcrumb: electron: window.blur 
{
  "id": 1,
  "url": "[REDACTED]"
}
[04/24/26, 14:43:16:305] info: Breadcrumb: electron: app.browser-window-blur 
[04/24/26, 14:43:16:305] info: Store: SET_WINDOW_FRAME 
{
  "id": 1,
  "frame": {
    "isFocused": false
  },
  "fromEvent": true
}
[04/24/26, 14:43:58:528] info: Breadcrumb: electron.net: undefined 
{
  "url": "[REDACTED]",
  "method": "POST",
  "status_code": 200
}
[04/24/26, 14:50:22:783] info: Breadcrumb: electron: window.focus 
{
  "id": 1,
  "url": "[REDACTED]"
}
[04/24/26, 14:50:22:783] info: Breadcrumb: electron: app.browser-window-focus 
[04/24/26, 14:50:22:783] info: Store: SET_WINDOW_FRAME 
{
  "id": 1,
  "frame": {
    "isFocused": true
  },
  "fromEvent": true
}
[04/24/26, 14:50:23:284] info: Breadcrumb: electron: window.blur 
{
  "id": 1,
  "url": "[REDACTED]"
}
[04/24/26, 14:50:23:284] info: Breadcrumb: electron: app.browser-window-blur 
[04/24/26, 14:50:23:284] info: Store: SET_WINDOW_FRAME 
{
  "id": 1,
  "frame": {
    "isFocused": false
  },
  "fromEvent": true
}
[04/24/26, 14:51:33:889] info: Breadcrumb: electron: window.focus 
{
  "id": 1,
  "url": "[REDACTED]"
}
[04/24/26, 14:51:33:889] info: Breadcrumb: electron: app.browser-window-focus 
[04/24/26, 14:51:33:889] info: Store: SET_WINDOW_FRAME 
{
  "id": 1,
  "frame": {
    "isFocused": true
  },
  "fromEvent": true
}
[04/24/26, 14:51:59:984] info: Permission check granted: 
{
  "isMainFrame": true,
  "permission": "media",
  "requestingOrigin": "https://app.slack.com/",
  "requestingUrl": "https://app.slack.com/client/TP17WPBDX",
  "securityOrigin": null,
  "mediaType": "video",
  "slackChildWindowRequest": {
    "result": false,
    "reason": "Not child window URL"
  }
}
[04/24/26, 14:51:59:984] info: Permission check granted: 
{
  "isMainFrame": true,
  "permission": "media",
  "requestingOrigin": "https://app.slack.com/",
  "requestingUrl": "https://app.slack.com/client/TP17WPBDX",
  "securityOrigin": null,
  "mediaType": "audio",
  "slackChildWindowRequest": {
    "result": false,
    "reason": "Not child window URL"
  }
}
[04/24/26, 14:51:59:984] info: Permission check granted: 
{
  "isMainFrame": true,
  "permission": "web-app-installation",
  "requestingOrigin": "https://app.slack.com/",
  "requestingUrl": "https://app.slack.com/client/TP17WPBDX",
  "securityOrigin": null,
  "slackChildWindowRequest": {
    "result": false,
    "reason": "Not child window URL"
  }
}
[04/24/26, 14:51:59:984] info: Permission check granted: 
{
  "isMainFrame": true,
  "permission": "geolocation",
  "requestingOrigin": "https://app.slack.com/",
  "requestingUrl": "https://app.slack.com/client/TP17WPBDX",
  "securityOrigin": null,
  "slackChildWindowRequest": {
    "result": false,
    "reason": "Not child window URL"
  }
}
[04/24/26, 14:52:00:557] info: Store: EXTEND_MENU TP17WPBDX: menucategory-file,menucategory-view,menucategory-edit,menucategory-help,menucategory-history
[04/24/26, 14:52:04:626] info: Breadcrumb: electron: window.blur 
{
  "id": 1,
  "url": "[REDACTED]"
}
[04/24/26, 14:52:04:626] info: Breadcrumb: electron: app.browser-window-blur 
[04/24/26, 14:52:04:626] info: Store: SET_WINDOW_FRAME 
{
  "id": 1,
  "frame": {
    "isFocused": false
  },
  "fromEvent": true
}
[04/24/26, 14:52:08:095] info: Breadcrumb: electron: window.focus 
{
  "id": 1,
  "url": "[REDACTED]"
}
[04/24/26, 14:52:08:095] info: Breadcrumb: electron: app.browser-window-focus 
[04/24/26, 14:52:08:095] info: Store: SET_WINDOW_FRAME 
{
  "id": 1,
  "frame": {
    "isFocused": true
  },
  "fromEvent": true
}
[04/24/26, 14:52:08:433] info: Breadcrumb: electron: window.blur 
{
  "id": 1,
  "url": "[REDACTED]"
}
[04/24/26, 14:52:08:433] info: Breadcrumb: electron: app.browser-window-blur 
[04/24/26, 14:52:08:433] info: Store: SET_WINDOW_FRAME 
{
  "id": 1,
  "frame": {
    "isFocused": false
  },
  "fromEvent": true
}
[04/24/26, 14:52:10:994] info: Breadcrumb: electron: window.focus 
{
  "id": 1,
  "url": "[REDACTED]"
}
[04/24/26, 14:52:10:994] info: Breadcrumb: electron: app.browser-window-focus 
[04/24/26, 14:52:10:995] info: Store: SET_WINDOW_FRAME 
{
  "id": 1,
  "frame": {
    "isFocused": true
  },
  "fromEvent": true
}
[04/24/26, 14:52:11:252] info: Breadcrumb: electron: window.blur 
{
  "id": 1,
  "url": "[REDACTED]"
}
[04/24/26, 14:52:11:252] info: Breadcrumb: electron: app.browser-window-blur 
[04/24/26, 14:52:11:252] info: Store: SET_WINDOW_FRAME 
{
  "id": 1,
  "frame": {
    "isFocused": false
  },
  "fromEvent": true
}
[04/24/26, 14:52:52:500] info: Store: NEW_NOTIFICATION 
{
  "title": "[REDACTED]",
  "subtitle": "[REDACTED]",
  "content": "[REDACTED]",
  "authorName": "[REDACTED]",
  "avatarImage": "[REDACTED]",
  "teamId": "TP17WPBDX",
  "userId": "U02N0NN01R6",
  "msg": "1777035172.416969",
  "channel": "D02MB228KD0",
  "channelName": "[REDACTED]",
  "launchUri": "[REDACTED]",
  "silent": true,
  "hasReply": true,
  "groupWindowsNotifications": true,
  "trace_id": "{\"traceId\":\"398201f50de815ae\",\"parentSpanId\":\"398201f50de815ae\"}",
  "id": "TP17WPBDX_1777035172.416969",
  "sound": "none",
  "win32": {
    "workspaceName": "Perfusion Tech - Technical team"
  },
  "mac": {
    "closeButtonOverride": false
  }
}
[04/24/26, 14:52:52:500] info: Creating new Electron notification. 
[04/24/26, 14:52:52:602] info: Store: SET_WINDOW_FRAME 
{
  "id": 1,
  "frame": {
    "isCurrentlyAudible": true
  },
  "fromEvent": true
}
[04/24/26, 14:52:53:685] info: Store: REDUX_UPDATE_FROM_WEBAPP (TP17WPBDX) Changed keys [unreads]
[04/24/26, 14:52:54:337] info: Store: SET_WINDOW_FRAME 
{
  "id": 1,
  "frame": {
    "isCurrentlyAudible": false
  },
  "fromEvent": true
}
[04/24/26, 14:52:56:326] info: Store: NEW_NOTIFICATION 
{
  "title": "[REDACTED]",
  "subtitle": "[REDACTED]",
  "content": "[REDACTED]",
  "authorName": "[REDACTED]",
  "avatarImage": "[REDACTED]",
  "teamId": "TP17WPBDX",
  "userId": "U02N0NN01R6",
  "msg": "1777035176.247219",
  "channel": "D02MB228KD0",
  "channelName": "[REDACTED]",
  "launchUri": "[REDACTED]",
  "silent": true,
  "hasReply": true,
  "groupWindowsNotifications": true,
  "trace_id": "{\"traceId\":\"24c32420c78badee\",\"parentSpanId\":\"24c32420c78badee\"}",
  "id": "TP17WPBDX_1777035176.247219",
  "sound": "none",
  "win32": {
    "workspaceName": "Perfusion Tech - Technical team"
  },
  "mac": {
    "closeButtonOverride": false
  }
}
[04/24/26, 14:52:56:327] info: Creating new Electron notification. 
[04/24/26, 14:52:56:407] info: Store: SET_WINDOW_FRAME 
{
  "id": 1,
  "frame": {
    "isCurrentlyAudible": true
  },
  "fromEvent": true
}
[04/24/26, 14:52:58:142] info: Store: SET_WINDOW_FRAME 
{
  "id": 1,
  "frame": {
    "isCurrentlyAudible": false
  },
  "fromEvent": true
}
[04/24/26, 14:53:18:603] info: Breadcrumb: electron.net: undefined 
{
  "url": "[REDACTED]",
  "method": "POST",
  "status_code": 200
}
[04/24/26, 14:53:18:724] info: Breadcrumb: electron.net: undefined 
{
  "url": "[REDACTED]",
  "method": "POST",
  "status_code": 200
}
[04/24/26, 14:57:18:471] info: Breadcrumb: electron: window.focus 
{
  "id": 1,
  "url": "[REDACTED]"
}
[04/24/26, 14:57:18:472] info: Breadcrumb: electron: app.browser-window-focus 
[04/24/26, 14:57:18:472] info: Store: SET_WINDOW_FRAME 
{
  "id": 1,
  "frame": {
    "isFocused": true
  },
  "fromEvent": true
}
[04/24/26, 14:57:18:990] info: Breadcrumb: electron: window.blur 
{
  "id": 1,
  "url": "[REDACTED]"
}
[04/24/26, 14:57:18:990] info: Breadcrumb: electron: app.browser-window-blur 
[04/24/26, 14:57:18:991] info: Store: SET_WINDOW_FRAME 
{
  "id": 1,
  "frame": {
    "isFocused": false
  },
  "fromEvent": true
}
[04/24/26, 14:57:20:907] info: Store: REDUX_UPDATE_FROM_WEBAPP (TP17WPBDX) Changed keys [unreads]
[04/24/26, 14:57:40:647] info: Breadcrumb: electron: window.focus 
{
  "id": 1,
  "url": "[REDACTED]"
}
[04/24/26, 14:57:40:648] info: Breadcrumb: electron: app.browser-window-focus 
[04/24/26, 14:57:40:648] info: Store: SET_WINDOW_FRAME 
{
  "id": 1,
  "frame": {
    "isFocused": true
  },
  "fromEvent": true
}
[04/24/26, 14:57:41:260] info: Breadcrumb: electron: window.blur 
{
  "id": 1,
  "url": "[REDACTED]"
}
[04/24/26, 14:57:41:260] info: Breadcrumb: electron: app.browser-window-blur 
[04/24/26, 14:57:41:260] info: Store: SET_WINDOW_FRAME 
{
  "id": 1,
  "frame": {
    "isFocused": false
  },
  "fromEvent": true
}
[04/24/26, 15:03:18:240] info: Breadcrumb: electron: window.focus 
{
  "id": 1,
  "url": "[REDACTED]"
}
[04/24/26, 15:03:18:241] info: Breadcrumb: electron: app.browser-window-focus 
[04/24/26, 15:03:18:241] info: Store: SET_WINDOW_FRAME 
{
  "id": 1,
  "frame": {
    "isFocused": true
  },
  "fromEvent": true
}
[04/24/26, 15:03:18:835] info: Breadcrumb: electron: window.blur 
{
  "id": 1,
  "url": "[REDACTED]"
}
[04/24/26, 15:03:18:835] info: Breadcrumb: electron: app.browser-window-blur 
[04/24/26, 15:03:18:835] info: Store: SET_WINDOW_FRAME 
{
  "id": 1,
  "frame": {
    "isFocused": false
  },
  "fromEvent": true
}
[04/24/26, 15:03:19:421] info: Breadcrumb: electron: window.focus 
{
  "id": 1,
  "url": "[REDACTED]"
}
[04/24/26, 15:03:19:421] info: Breadcrumb: electron: app.browser-window-focus 
[04/24/26, 15:03:19:421] info: Store: SET_WINDOW_FRAME 
{
  "id": 1,
  "frame": {
    "isFocused": true
  },
  "fromEvent": true
}
[04/24/26, 15:03:19:815] info: Breadcrumb: electron: window.blur 
{
  "id": 1,
  "url": "[REDACTED]"
}
[04/24/26, 15:03:19:816] info: Breadcrumb: electron: app.browser-window-blur 
[04/24/26, 15:03:19:816] info: Store: SET_WINDOW_FRAME 
{
  "id": 1,
  "frame": {
    "isFocused": false
  },
  "fromEvent": true
}
[04/24/26, 15:03:51:416] info: Breadcrumb: electron: window.focus 
{
  "id": 1,
  "url": "[REDACTED]"
}
[04/24/26, 15:03:51:416] info: Breadcrumb: electron: app.browser-window-focus 
[04/24/26, 15:03:51:416] info: Store: SET_WINDOW_FRAME 
{
  "id": 1,
  "frame": {
    "isFocused": true
  },
  "fromEvent": true
}
[04/24/26, 15:03:53:152] info: Breadcrumb: electron: window.blur 
{
  "id": 1,
  "url": "[REDACTED]"
}
[04/24/26, 15:03:53:152] info: Breadcrumb: electron: app.browser-window-blur 
[04/24/26, 15:03:53:152] info: Store: SET_WINDOW_FRAME 
{
  "id": 1,
  "frame": {
    "isFocused": false
  },
  "fromEvent": true
}
[04/24/26, 15:07:57:059] info: Feature Check: requesting features from https://app.slack.com/api/ 
[04/24/26, 15:07:57:220] info: Breadcrumb: electron.net: undefined 
{
  "url": "[REDACTED]",
  "method": "GET",
  "status_code": 200
}
[04/24/26, 15:07:57:221] info: Feature Check: received experiments 
{
  "ok": true,
  "experiments": [
    {
      "experiment": "",
      "disable_chrome_features": [
        "PostQuantumKyber"
      ],
      "type": "normal"
    },
    {
      "experiment": "ripcord_document_policy_include_js_call_stacks",
      "enable_chrome_features": [
        "DocumentPolicyIncludeJSCallStacksInCrashReports"
      ],
      "type": "normal"
    },
    {
      "experiment": "ripcord_desktop_disable_windows_display_crash_feature",
      "disable_chrome_features": [
        "SkipEmptyDisplayHotplugEvent"
      ],
      "type": "normal"
    },
    {
      "experiment": "ripcord_force_color_profile",
      "add_browser_command_line_args": [
        "--force-color-profile=display-p3-d65"
      ],
      "type": "normal",
      "filter": {
        "platform": [
          "darwin"
        ]
      }
    },
    {
      "experiment": "ripcord_disable_blink_customizable_select",
      "disable_blink_features": [
        "CustomizableSelect"
      ],
      "type": "normal"
    },
    {
      "experiment": "ripcord_enumerate_devices_relaxed_cache",
      "disable_chrome_features": [
        "EnumerateDevicesRelaxedCache"
      ],
      "type": "normal"
    },
    {
      "experiment": "",
      "enable_slack_features": [
        "desktop_loading_screen"
      ],
      "type": "normal"
    },
    {
      "experiment": "desktop_set_system_notification_playback",
      "enable_slack_features": [
        "set_system_notification_playback"
      ],
      "type": "normal",
      "filter": {
        "platform": [
          "win32"
        ],
        "dist": [
          "MSIX",
          "WinStore"
        ]
      }
    }
  ]
}
[04/24/26, 15:09:40:508] info: Breadcrumb: electron: window.focus 
{
  "id": 1,
  "url": "[REDACTED]"
}
[04/24/26, 15:09:40:509] info: Breadcrumb: electron: app.browser-window-focus 
[04/24/26, 15:09:40:509] info: Store: SET_WINDOW_FRAME 
{
  "id": 1,
  "frame": {
    "isFocused": true
  },
  "fromEvent": true
}
[04/24/26, 15:09:40:523] info: Breadcrumb: electron: window.blur 
{
  "id": 1,
  "url": "[REDACTED]"
}
[04/24/26, 15:09:40:523] info: Breadcrumb: electron: app.browser-window-blur 
[04/24/26, 15:09:40:524] info: Store: SET_WINDOW_FRAME 
{
  "id": 1,
  "frame": {
    "isFocused": false
  },
  "fromEvent": true
}
[04/24/26, 15:11:24:629] info: Breadcrumb: electron: window.focus 
{
  "id": 1,
  "url": "[REDACTED]"
}
[04/24/26, 15:11:24:629] info: Breadcrumb: electron: app.browser-window-focus 
[04/24/26, 15:11:24:630] info: Store: SET_WINDOW_FRAME 
{
  "id": 1,
  "frame": {
    "isFocused": true
  },
  "fromEvent": true
}
[04/24/26, 15:12:10:471] info: Breadcrumb: electron: window.blur 
{
  "id": 1,
  "url": "[REDACTED]"
}
[04/24/26, 15:12:10:471] info: Breadcrumb: electron: app.browser-window-blur 
[04/24/26, 15:12:10:471] info: Store: SET_WINDOW_FRAME 
{
  "id": 1,
  "frame": {
    "isFocused": false
  },
  "fromEvent": true
}
[04/24/26, 15:12:11:390] info: Breadcrumb: electron: window.focus 
{
  "id": 1,
  "url": "[REDACTED]"
}
[04/24/26, 15:12:11:390] info: Breadcrumb: electron: app.browser-window-focus 
[04/24/26, 15:12:11:391] info: Store: SET_WINDOW_FRAME 
{
  "id": 1,
  "frame": {
    "isFocused": true
  },
  "fromEvent": true
}
[04/24/26, 15:12:27:334] info: Breadcrumb: electron: window.blur 
{
  "id": 1,
  "url": "[REDACTED]"
}
[04/24/26, 15:12:27:334] info: Breadcrumb: electron: app.browser-window-blur 
[04/24/26, 15:12:27:334] info: Store: SET_WINDOW_FRAME 
{
  "id": 1,
  "frame": {
    "isFocused": false
  },
  "fromEvent": true
}
[04/24/26, 15:13:00:642] info: Store: NEW_NOTIFICATION 
{
  "title": "[REDACTED]",
  "subtitle": "[REDACTED]",
  "content": "[REDACTED]",
  "authorName": "[REDACTED]",
  "avatarImage": "[REDACTED]",
  "teamId": "TP17WPBDX",
  "userId": "U02N0NN01R6",
  "msg": "1777036380.548319",
  "channel": "D02MB228KD0",
  "channelName": "[REDACTED]",
  "launchUri": "[REDACTED]",
  "silent": true,
  "hasReply": true,
  "groupWindowsNotifications": true,
  "trace_id": "{\"traceId\":\"c1e131535131c36d\",\"parentSpanId\":\"c1e131535131c36d\"}",
  "id": "TP17WPBDX_1777036380.548319",
  "sound": "none",
  "win32": {
    "workspaceName": "Perfusion Tech - Technical team"
  },
  "mac": {
    "closeButtonOverride": false
  }
}
[04/24/26, 15:13:00:642] info: Creating new Electron notification. 
[04/24/26, 15:13:00:745] info: Store: SET_WINDOW_FRAME 
{
  "id": 1,
  "frame": {
    "isCurrentlyAudible": true
  },
  "fromEvent": true
}
[04/24/26, 15:13:02:479] info: Store: SET_WINDOW_FRAME 
{
  "id": 1,
  "frame": {
    "isCurrentlyAudible": false
  },
  "fromEvent": true
}
[04/24/26, 15:13:02:481] info: Store: REDUX_UPDATE_FROM_WEBAPP (TP17WPBDX) Changed keys [unreads]
[04/24/26, 15:13:07:025] info: Breadcrumb: electron: window.focus 
{
  "id": 1,
  "url": "[REDACTED]"
}
[04/24/26, 15:13:07:025] info: Breadcrumb: electron: app.browser-window-focus 
[04/24/26, 15:13:07:025] info: Store: SET_WINDOW_FRAME 
{
  "id": 1,
  "frame": {
    "isFocused": true
  },
  "fromEvent": true
}
[04/24/26, 15:13:07:331] info: Breadcrumb: electron: window.blur 
{
  "id": 1,
  "url": "[REDACTED]"
}
[04/24/26, 15:13:07:331] info: Breadcrumb: electron: app.browser-window-blur 
[04/24/26, 15:13:07:331] info: Store: SET_WINDOW_FRAME 
{
  "id": 1,
  "frame": {
    "isFocused": false
  },
  "fromEvent": true
}
[04/24/26, 15:13:07:542] info: Breadcrumb: electron: window.focus 
{
  "id": 1,
  "url": "[REDACTED]"
}
[04/24/26, 15:13:07:543] info: Breadcrumb: electron: app.browser-window-focus 
[04/24/26, 15:13:07:543] info: Store: SET_WINDOW_FRAME 
{
  "id": 1,
  "frame": {
    "isFocused": true
  },
  "fromEvent": true
}
[04/24/26, 15:13:08:676] info: Breadcrumb: electron.net: undefined 
{
  "url": "[REDACTED]",
  "method": "POST",
  "status_code": 200
}
[04/24/26, 15:13:10:426] info: Store: REDUX_UPDATE_FROM_WEBAPP (TP17WPBDX) Changed keys [unreads]
[04/24/26, 15:13:23:539] info: Breadcrumb: electron: window.blur 
{
  "id": 1,
  "url": "[REDACTED]"
}
[04/24/26, 15:13:23:540] info: Breadcrumb: electron: app.browser-window-blur 
[04/24/26, 15:13:23:540] info: Store: SET_WINDOW_FRAME 
{
  "id": 1,
  "frame": {
    "isFocused": false
  },
  "fromEvent": true
}
[04/24/26, 15:13:28:983] info: Store: NEW_NOTIFICATION 
{
  "title": "[REDACTED]",
  "subtitle": "[REDACTED]",
  "content": "[REDACTED]",
  "authorName": "[REDACTED]",
  "avatarImage": "[REDACTED]",
  "teamId": "TP17WPBDX",
  "userId": "U02N0NN01R6",
  "msg": "1777036408.865399",
  "channel": "D02MB228KD0",
  "channelName": "[REDACTED]",
  "launchUri": "[REDACTED]",
  "silent": true,
  "hasReply": true,
  "groupWindowsNotifications": true,
  "trace_id": "{\"traceId\":\"2b3ec9f1a0d10e4b\",\"parentSpanId\":\"2b3ec9f1a0d10e4b\"}",
  "id": "TP17WPBDX_1777036408.865399",
  "sound": "none",
  "win32": {
    "workspaceName": "Perfusion Tech - Technical team"
  },
  "mac": {
    "closeButtonOverride": false
  }
}
[04/24/26, 15:13:28:984] info: Creating new Electron notification. 
[04/24/26, 15:13:29:153] info: Store: SET_WINDOW_FRAME 
{
  "id": 1,
  "frame": {
    "isCurrentlyAudible": true
  },
  "fromEvent": true
}
[04/24/26, 15:13:29:383] info: Store: REDUX_UPDATE_FROM_WEBAPP (TP17WPBDX) Changed keys [unreads]
[04/24/26, 15:13:30:893] info: Store: SET_WINDOW_FRAME 
{
  "id": 1,
  "frame": {
    "isCurrentlyAudible": false
  },
  "fromEvent": true
}
[04/24/26, 15:14:18:669] info: Breadcrumb: electron.net: undefined 
{
  "url": "[REDACTED]",
  "method": "POST",
  "status_code": 200
}
[04/24/26, 15:14:27:441] info: Breadcrumb: electron: window.focus 
{
  "id": 1,
  "url": "[REDACTED]"
}
[04/24/26, 15:14:27:442] info: Breadcrumb: electron: app.browser-window-focus 
[04/24/26, 15:14:27:442] info: Store: SET_WINDOW_FRAME 
{
  "id": 1,
  "frame": {
    "isFocused": true
  },
  "fromEvent": true
}
[04/24/26, 15:14:28:253] info: Breadcrumb: electron: window.blur 
{
  "id": 1,
  "url": "[REDACTED]"
}
[04/24/26, 15:14:28:253] info: Breadcrumb: electron: app.browser-window-blur 
[04/24/26, 15:14:28:253] info: Store: SET_WINDOW_FRAME 
{
  "id": 1,
  "frame": {
    "isFocused": false
  },
  "fromEvent": true
}
[04/24/26, 15:14:29:143] info: Store: REDUX_UPDATE_FROM_WEBAPP (TP17WPBDX) Changed keys [unreads]
[04/24/26, 15:14:30:232] info: Breadcrumb: electron: window.focus 
{
  "id": 1,
  "url": "[REDACTED]"
}
[04/24/26, 15:14:30:232] info: Breadcrumb: electron: app.browser-window-focus 
[04/24/26, 15:14:30:233] info: Store: SET_WINDOW_FRAME 
{
  "id": 1,
  "frame": {
    "isFocused": true
  },
  "fromEvent": true
}
[04/24/26, 15:14:31:528] info: Breadcrumb: electron: window.blur 
{
  "id": 1,
  "url": "[REDACTED]"
}
[04/24/26, 15:14:31:528] info: Breadcrumb: electron: app.browser-window-blur 
[04/24/26, 15:14:31:528] info: Store: SET_WINDOW_FRAME 
{
  "id": 1,
  "frame": {
    "isFocused": false
  },
  "fromEvent": true
}
[04/24/26, 15:16:28:010] info: Breadcrumb: electron: window.focus 
{
  "id": 1,
  "url": "[REDACTED]"
}
[04/24/26, 15:16:28:010] info: Breadcrumb: electron: app.browser-window-focus 
[04/24/26, 15:16:28:010] info: Store: SET_WINDOW_FRAME 
{
  "id": 1,
  "frame": {
    "isFocused": true
  },
  "fromEvent": true
}
[04/24/26, 15:16:28:530] info: Breadcrumb: electron: window.blur 
{
  "id": 1,
  "url": "[REDACTED]"
}
[04/24/26, 15:16:28:530] info: Breadcrumb: electron: app.browser-window-blur 
[04/24/26, 15:16:28:530] info: Store: SET_WINDOW_FRAME 
{
  "id": 1,
  "frame": {
    "isFocused": false
  },
  "fromEvent": true
}
[04/24/26, 15:16:29:060] info: Breadcrumb: electron: window.focus 
{
  "id": 1,
  "url": "[REDACTED]"
}
[04/24/26, 15:16:29:060] info: Breadcrumb: electron: app.browser-window-focus 
[04/24/26, 15:16:29:060] info: Store: SET_WINDOW_FRAME 
{
  "id": 1,
  "frame": {
    "isFocused": true
  },
  "fromEvent": true
}
[04/24/26, 15:16:30:216] info: Breadcrumb: electron: window.blur 
{
  "id": 1,
  "url": "[REDACTED]"
}
[04/24/26, 15:16:30:217] info: Breadcrumb: electron: app.browser-window-blur 
[04/24/26, 15:16:30:217] info: Store: SET_WINDOW_FRAME 
{
  "id": 1,
  "frame": {
    "isFocused": false
  },
  "fromEvent": true
}
[04/24/26, 15:17:36:226] info: Breadcrumb: electron: window.focus 
{
  "id": 1,
  "url": "[REDACTED]"
}
[04/24/26, 15:17:36:227] info: Breadcrumb: electron: app.browser-window-focus 
[04/24/26, 15:17:36:227] info: Store: SET_WINDOW_FRAME 
{
  "id": 1,
  "frame": {
    "isFocused": true
  },
  "fromEvent": true
}
[04/24/26, 15:17:36:801] info: Breadcrumb: electron: window.blur 
{
  "id": 1,
  "url": "[REDACTED]"
}
[04/24/26, 15:17:36:801] info: Breadcrumb: electron: app.browser-window-blur 
[04/24/26, 15:17:36:801] info: Store: SET_WINDOW_FRAME 
{
  "id": 1,
  "frame": {
    "isFocused": false
  },
  "fromEvent": true
}
[04/24/26, 15:18:39:655] info: Breadcrumb: electron: window.focus 
{
  "id": 1,
  "url": "[REDACTED]"
}
[04/24/26, 15:18:39:655] info: Breadcrumb: electron: app.browser-window-focus 
[04/24/26, 15:18:39:656] info: Store: SET_WINDOW_FRAME 
{
  "id": 1,
  "frame": {
    "isFocused": true
  },
  "fromEvent": true
}
[04/24/26, 15:18:41:040] info: Breadcrumb: electron: window.blur 
{
  "id": 1,
  "url": "[REDACTED]"
}
[04/24/26, 15:18:41:041] info: Breadcrumb: electron: app.browser-window-blur 
[04/24/26, 15:18:41:041] info: Store: SET_WINDOW_FRAME 
{
  "id": 1,
  "frame": {
    "isFocused": false
  },
  "fromEvent": true
}
[04/24/26, 15:25:52:411] info: Breadcrumb: electron: window.focus 
{
  "id": 1,
  "url": "[REDACTED]"
}
[04/24/26, 15:25:52:411] info: Breadcrumb: electron: app.browser-window-focus 
[04/24/26, 15:25:52:411] info: Store: SET_WINDOW_FRAME 
{
  "id": 1,
  "frame": {
    "isFocused": true
  },
  "fromEvent": true
}
[04/24/26, 15:25:53:548] info: Breadcrumb: electron: window.blur 
{
  "id": 1,
  "url": "[REDACTED]"
}
[04/24/26, 15:25:53:548] info: Breadcrumb: electron: app.browser-window-blur 
[04/24/26, 15:25:53:548] info: Store: SET_WINDOW_FRAME 
{
  "id": 1,
  "frame": {
    "isFocused": false
  },
  "fromEvent": true
}
[04/24/26, 15:25:56:560] info: Breadcrumb: electron: window.focus 
{
  "id": 1,
  "url": "[REDACTED]"
}
[04/24/26, 15:25:56:560] info: Breadcrumb: electron: app.browser-window-focus 
[04/24/26, 15:25:56:560] info: Store: SET_WINDOW_FRAME 
{
  "id": 1,
  "frame": {
    "isFocused": true
  },
  "fromEvent": true
}
[04/24/26, 15:25:57:329] info: Breadcrumb: electron: window.blur 
{
  "id": 1,
  "url": "[REDACTED]"
}
[04/24/26, 15:25:57:329] info: Breadcrumb: electron: app.browser-window-blur 
[04/24/26, 15:25:57:329] info: Store: SET_WINDOW_FRAME 
{
  "id": 1,
  "frame": {
    "isFocused": false
  },
  "fromEvent": true
}
[04/24/26, 15:29:28:239] info: Breadcrumb: electron: window.focus 
{
  "id": 1,
  "url": "[REDACTED]"
}
[04/24/26, 15:29:28:239] info: Breadcrumb: electron: app.browser-window-focus 
[04/24/26, 15:29:28:239] info: Store: SET_WINDOW_FRAME 
{
  "id": 1,
  "frame": {
    "isFocused": true
  },
  "fromEvent": true
}
[04/24/26, 15:29:28:909] info: Breadcrumb: electron: window.blur 
{
  "id": 1,
  "url": "[REDACTED]"
}
[04/24/26, 15:29:28:909] info: Breadcrumb: electron: app.browser-window-blur 
[04/24/26, 15:29:28:909] info: Store: SET_WINDOW_FRAME 
{
  "id": 1,
  "frame": {
    "isFocused": false
  },
  "fromEvent": true
}
[04/24/26, 15:30:29:120] info: Breadcrumb: electron: window.focus 
{
  "id": 1,
  "url": "[REDACTED]"
}
[04/24/26, 15:30:29:120] info: Breadcrumb: electron: app.browser-window-focus 
[04/24/26, 15:30:29:120] info: Store: SET_WINDOW_FRAME 
{
  "id": 1,
  "frame": {
    "isFocused": true
  },
  "fromEvent": true
}
[04/24/26, 15:30:30:617] info: Breadcrumb: electron: window.blur 
{
  "id": 1,
  "url": "[REDACTED]"
}
[04/24/26, 15:30:30:617] info: Breadcrumb: electron: app.browser-window-blur 
[04/24/26, 15:30:30:617] info: Store: SET_WINDOW_FRAME 
{
  "id": 1,
  "frame": {
    "isFocused": false
  },
  "fromEvent": true
}
[04/24/26, 15:31:11:505] info: Breadcrumb: electron: window.focus 
{
  "id": 1,
  "url": "[REDACTED]"
}
[04/24/26, 15:31:11:506] info: Breadcrumb: electron: app.browser-window-focus 
[04/24/26, 15:31:11:506] info: Store: SET_WINDOW_FRAME 
{
  "id": 1,
  "frame": {
    "isFocused": true
  },
  "fromEvent": true
}
[04/24/26, 15:31:12:390] info: Permission check granted: 
{
  "isMainFrame": true,
  "permission": "media",
  "requestingOrigin": "https://app.slack.com/",
  "requestingUrl": "https://app.slack.com/client/TP17WPBDX/D02MB228KD0",
  "securityOrigin": null,
  "mediaType": "video",
  "slackChildWindowRequest": {
    "result": false,
    "reason": "Not child window URL"
  }
}
[04/24/26, 15:31:12:390] info: Permission check granted: 
{
  "isMainFrame": true,
  "permission": "media",
  "requestingOrigin": "https://app.slack.com/",
  "requestingUrl": "https://app.slack.com/client/TP17WPBDX/D02MB228KD0",
  "securityOrigin": null,
  "mediaType": "audio",
  "slackChildWindowRequest": {
    "result": false,
    "reason": "Not child window URL"
  }
}
[04/24/26, 15:31:12:390] info: Permission check granted: 
{
  "isMainFrame": true,
  "permission": "web-app-installation",
  "requestingOrigin": "https://app.slack.com/",
  "requestingUrl": "https://app.slack.com/client/TP17WPBDX/D02MB228KD0",
  "securityOrigin": null,
  "slackChildWindowRequest": {
    "result": false,
    "reason": "Not child window URL"
  }
}
[04/24/26, 15:31:12:390] info: Permission check granted: 
{
  "isMainFrame": true,
  "permission": "geolocation",
  "requestingOrigin": "https://app.slack.com/",
  "requestingUrl": "https://app.slack.com/client/TP17WPBDX/D02MB228KD0",
  "securityOrigin": null,
  "slackChildWindowRequest": {
    "result": false,
    "reason": "Not child window URL"
  }
}
[04/24/26, 15:31:12:395] info: Store: EXTERNAL_MENU_ITEM_CLICKED 
{
  "id": "menuitem-new-message",
  "ctrlKey": true,
  "metaKey": false,
  "altKey": false,
  "shiftKey": false,
  "triggeredByAccelerator": true
}
[04/24/26, 15:31:12:590] info: Store: EXTEND_MENU TP17WPBDX: menucategory-file,menucategory-view,menucategory-edit,menucategory-help,menucategory-history
[04/24/26, 15:31:30:154] info: Breadcrumb: electron: window.blur 
{
  "id": 1,
  "url": "[REDACTED]"
}
[04/24/26, 15:31:30:154] info: Breadcrumb: electron: app.browser-window-blur 
[04/24/26, 15:31:30:154] info: Store: SET_WINDOW_FRAME 
{
  "id": 1,
  "frame": {
    "isFocused": false
  },
  "fromEvent": true
}
[04/24/26, 15:31:48:759] info: Breadcrumb: electron.net: undefined 
{
  "url": "[REDACTED]",
  "method": "POST",
  "status_code": 200
}
[04/24/26, 15:34:22:355] info: Breadcrumb: electron: window.focus 
{
  "id": 1,
  "url": "[REDACTED]"
}
[04/24/26, 15:34:22:355] info: Breadcrumb: electron: app.browser-window-focus 
[04/24/26, 15:34:22:355] info: Store: SET_WINDOW_FRAME 
{
  "id": 1,
  "frame": {
    "isFocused": true
  },
  "fromEvent": true
}
[04/24/26, 15:34:30:078] info: Permission check granted: 
{
  "isMainFrame": true,
  "permission": "media",
  "requestingOrigin": "https://app.slack.com/",
  "requestingUrl": "https://app.slack.com/client/TP17WPBDX",
  "securityOrigin": null,
  "mediaType": "video",
  "slackChildWindowRequest": {
    "result": false,
    "reason": "Not child window URL"
  }
}
[04/24/26, 15:34:30:079] info: Permission check granted: 
{
  "isMainFrame": true,
  "permission": "media",
  "requestingOrigin": "https://app.slack.com/",
  "requestingUrl": "https://app.slack.com/client/TP17WPBDX",
  "securityOrigin": null,
  "mediaType": "audio",
  "slackChildWindowRequest": {
    "result": false,
    "reason": "Not child window URL"
  }
}
[04/24/26, 15:34:30:079] info: Permission check granted: 
{
  "isMainFrame": true,
  "permission": "web-app-installation",
  "requestingOrigin": "https://app.slack.com/",
  "requestingUrl": "https://app.slack.com/client/TP17WPBDX",
  "securityOrigin": null,
  "slackChildWindowRequest": {
    "result": false,
    "reason": "Not child window URL"
  }
}
[04/24/26, 15:34:30:079] info: Permission check granted: 
{
  "isMainFrame": true,
  "permission": "geolocation",
  "requestingOrigin": "https://app.slack.com/",
  "requestingUrl": "https://app.slack.com/client/TP17WPBDX",
  "securityOrigin": null,
  "slackChildWindowRequest": {
    "result": false,
    "reason": "Not child window URL"
  }
}
[04/24/26, 15:34:30:328] info: Store: EXTEND_MENU TP17WPBDX: menucategory-file,menucategory-view,menucategory-edit,menucategory-help,menucategory-history
[04/24/26, 15:34:32:723] info: Permission check granted: 
{
  "isMainFrame": true,
  "permission": "media",
  "requestingOrigin": "https://app.slack.com/",
  "requestingUrl": "https://app.slack.com/client/TP17WPBDX/CP7LSE3KP",
  "securityOrigin": null,
  "mediaType": "video",
  "slackChildWindowRequest": {
    "result": false,
    "reason": "Not child window URL"
  }
}
[04/24/26, 15:34:32:723] info: Permission check granted: 
{
  "isMainFrame": true,
  "permission": "media",
  "requestingOrigin": "https://app.slack.com/",
  "requestingUrl": "https://app.slack.com/client/TP17WPBDX/CP7LSE3KP",
  "securityOrigin": null,
  "mediaType": "audio",
  "slackChildWindowRequest": {
    "result": false,
    "reason": "Not child window URL"
  }
}
[04/24/26, 15:34:32:723] info: Permission check granted: 
{
  "isMainFrame": true,
  "permission": "web-app-installation",
  "requestingOrigin": "https://app.slack.com/",
  "requestingUrl": "https://app.slack.com/client/TP17WPBDX/CP7LSE3KP",
  "securityOrigin": null,
  "slackChildWindowRequest": {
    "result": false,
    "reason": "Not child window URL"
  }
}
[04/24/26, 15:34:32:723] info: Permission check granted: 
{
  "isMainFrame": true,
  "permission": "geolocation",
  "requestingOrigin": "https://app.slack.com/",
  "requestingUrl": "https://app.slack.com/client/TP17WPBDX/CP7LSE3KP",
  "securityOrigin": null,
  "slackChildWindowRequest": {
    "result": false,
    "reason": "Not child window URL"
  }
}
[04/24/26, 15:34:33:022] info: Store: EXTEND_MENU TP17WPBDX: menucategory-file,menucategory-view,menucategory-edit,menucategory-help,menucategory-history
[04/24/26, 15:34:33:226] info: Permission check granted: 
{
  "isMainFrame": true,
  "permission": "media",
  "requestingOrigin": "https://app.slack.com/",
  "requestingUrl": "https://app.slack.com/client/TP17WPBDX/C07J36TUEDA",
  "securityOrigin": null,
  "mediaType": "video",
  "slackChildWindowRequest": {
    "result": false,
    "reason": "Not child window URL"
  }
}
[04/24/26, 15:34:33:226] info: Permission check granted: 
{
  "isMainFrame": true,
  "permission": "media",
  "requestingOrigin": "https://app.slack.com/",
  "requestingUrl": "https://app.slack.com/client/TP17WPBDX/C07J36TUEDA",
  "securityOrigin": null,
  "mediaType": "audio",
  "slackChildWindowRequest": {
    "result": false,
    "reason": "Not child window URL"
  }
}
[04/24/26, 15:34:33:226] info: Permission check granted: 
{
  "isMainFrame": true,
  "permission": "web-app-installation",
  "requestingOrigin": "https://app.slack.com/",
  "requestingUrl": "https://app.slack.com/client/TP17WPBDX/C07J36TUEDA",
  "securityOrigin": null,
  "slackChildWindowRequest": {
    "result": false,
    "reason": "Not child window URL"
  }
}
[04/24/26, 15:34:33:227] info: Permission check granted: 
{
  "isMainFrame": true,
  "permission": "geolocation",
  "requestingOrigin": "https://app.slack.com/",
  "requestingUrl": "https://app.slack.com/client/TP17WPBDX/C07J36TUEDA",
  "securityOrigin": null,
  "slackChildWindowRequest": {
    "result": false,
    "reason": "Not child window URL"
  }
}
[04/24/26, 15:34:33:601] info: Store: EXTEND_MENU TP17WPBDX: menucategory-file,menucategory-view,menucategory-edit,menucategory-help,menucategory-history
[04/24/26, 15:34:38:344] info: Breadcrumb: electron: window.blur 
{
  "id": 1,
  "url": "[REDACTED]"
}
[04/24/26, 15:34:38:345] info: Breadcrumb: electron: app.browser-window-blur 
[04/24/26, 15:34:38:345] info: Store: SET_WINDOW_FRAME 
{
  "id": 1,
  "frame": {
    "isFocused": false
  },
  "fromEvent": true
}
[04/24/26, 15:34:40:266] info: Breadcrumb: electron: window.focus 
{
  "id": 1,
  "url": "[REDACTED]"
}
[04/24/26, 15:34:40:266] info: Breadcrumb: electron: app.browser-window-focus 
[04/24/26, 15:34:40:266] info: Store: SET_WINDOW_FRAME 
{
  "id": 1,
  "frame": {
    "isFocused": true
  },
  "fromEvent": true
}
[04/24/26, 15:34:40:556] info: Breadcrumb: electron: window.blur 
{
  "id": 1,
  "url": "[REDACTED]"
}
[04/24/26, 15:34:40:556] info: Breadcrumb: electron: app.browser-window-blur 
[04/24/26, 15:34:40:556] info: Store: SET_WINDOW_FRAME 
{
  "id": 1,
  "frame": {
    "isFocused": false
  },
  "fromEvent": true
}
[04/24/26, 15:34:45:810] info: Breadcrumb: electron: window.focus 
{
  "id": 1,
  "url": "[REDACTED]"
}
[04/24/26, 15:34:45:810] info: Breadcrumb: electron: app.browser-window-focus 
[04/24/26, 15:34:45:810] info: Store: SET_WINDOW_FRAME 
{
  "id": 1,
  "frame": {
    "isFocused": true
  },
  "fromEvent": true
}
[04/24/26, 15:34:47:064] info: Breadcrumb: electron: window.blur 
{
  "id": 1,
  "url": "[REDACTED]"
}
[04/24/26, 15:34:47:065] info: Breadcrumb: electron: app.browser-window-blur 
[04/24/26, 15:34:47:065] info: Store: SET_WINDOW_FRAME 
{
  "id": 1,
  "frame": {
    "isFocused": false
  },
  "fromEvent": true
}
[04/24/26, 15:37:29:639] info: Breadcrumb: electron: window.focus 
{
  "id": 1,
  "url": "[REDACTED]"
}
[04/24/26, 15:37:29:639] info: Breadcrumb: electron: app.browser-window-focus 
[04/24/26, 15:37:29:639] info: Store: SET_WINDOW_FRAME 
{
  "id": 1,
  "frame": {
    "isFocused": true
  },
  "fromEvent": true
}
[04/24/26, 15:37:36:234] info: Breadcrumb: electron: window.blur 
{
  "id": 1,
  "url": "[REDACTED]"
}
[04/24/26, 15:37:36:235] info: Breadcrumb: electron: app.browser-window-blur 
[04/24/26, 15:37:36:236] info: Store: SET_WINDOW_FRAME 
{
  "id": 1,
  "frame": {
    "isFocused": false
  },
  "fromEvent": true
}
[04/24/26, 15:37:49:715] info: Breadcrumb: electron: window.focus 
{
  "id": 1,
  "url": "[REDACTED]"
}
[04/24/26, 15:37:49:716] info: Breadcrumb: electron: app.browser-window-focus 
[04/24/26, 15:37:49:716] info: Store: SET_WINDOW_FRAME 
{
  "id": 1,
  "frame": {
    "isFocused": true
  },
  "fromEvent": true
}
[04/24/26, 15:37:50:484] info: Breadcrumb: electron: window.blur 
{
  "id": 1,
  "url": "[REDACTED]"
}
[04/24/26, 15:37:50:485] info: Breadcrumb: electron: app.browser-window-blur 
[04/24/26, 15:37:50:485] info: Store: SET_WINDOW_FRAME 
{
  "id": 1,
  "frame": {
    "isFocused": false
  },
  "fromEvent": true
}
[04/24/26, 15:37:50:863] info: Breadcrumb: electron: window.focus 
{
  "id": 1,
  "url": "[REDACTED]"
}
[04/24/26, 15:37:50:863] info: Breadcrumb: electron: app.browser-window-focus 
[04/24/26, 15:37:50:863] info: Store: SET_WINDOW_FRAME 
{
  "id": 1,
  "frame": {
    "isFocused": true
  },
  "fromEvent": true
}
[04/24/26, 15:37:51:521] info: Breadcrumb: electron: window.blur 
{
  "id": 1,
  "url": "[REDACTED]"
}
[04/24/26, 15:37:51:521] info: Breadcrumb: electron: app.browser-window-blur 
[04/24/26, 15:37:51:521] info: Store: SET_WINDOW_FRAME 
{
  "id": 1,
  "frame": {
    "isFocused": false
  },
  "fromEvent": true
}
[04/24/26, 15:37:53:322] info: Breadcrumb: electron: window.focus 
{
  "id": 1,
  "url": "[REDACTED]"
}
[04/24/26, 15:37:53:322] info: Breadcrumb: electron: app.browser-window-focus 
[04/24/26, 15:37:53:322] info: Store: SET_WINDOW_FRAME 
{
  "id": 1,
  "frame": {
    "isFocused": true
  },
  "fromEvent": true
}
[04/24/26, 15:37:53:749] info: Breadcrumb: electron: window.blur 
{
  "id": 1,
  "url": "[REDACTED]"
}
[04/24/26, 15:37:53:749] info: Breadcrumb: electron: app.browser-window-blur 
[04/24/26, 15:37:53:750] info: Store: SET_WINDOW_FRAME 
{
  "id": 1,
  "frame": {
    "isFocused": false
  },
  "fromEvent": true
}
[04/24/26, 15:38:06:955] info: Breadcrumb: electron: window.focus 
{
  "id": 1,
  "url": "[REDACTED]"
}
[04/24/26, 15:38:06:955] info: Breadcrumb: electron: app.browser-window-focus 
[04/24/26, 15:38:06:955] info: Store: SET_WINDOW_FRAME 
{
  "id": 1,
  "frame": {
    "isFocused": true
  },
  "fromEvent": true
}
[04/24/26, 15:38:08:448] info: Breadcrumb: electron: window.blur 
{
  "id": 1,
  "url": "[REDACTED]"
}
[04/24/26, 15:38:08:448] info: Breadcrumb: electron: app.browser-window-blur 
[04/24/26, 15:38:08:449] info: Store: SET_WINDOW_FRAME 
{
  "id": 1,
  "frame": {
    "isFocused": false
  },
  "fromEvent": true
}
[04/24/26, 15:38:22:375] info: Breadcrumb: electron: window.focus 
{
  "id": 1,
  "url": "[REDACTED]"
}
[04/24/26, 15:38:22:375] info: Breadcrumb: electron: app.browser-window-focus 
[04/24/26, 15:38:22:375] info: Store: SET_WINDOW_FRAME 
{
  "id": 1,
  "frame": {
    "isFocused": true
  },
  "fromEvent": true
}
[04/24/26, 15:38:23:863] info: Breadcrumb: electron: window.blur 
{
  "id": 1,
  "url": "[REDACTED]"
}
[04/24/26, 15:38:23:863] info: Breadcrumb: electron: app.browser-window-blur 
[04/24/26, 15:38:23:864] info: Store: SET_WINDOW_FRAME 
{
  "id": 1,
  "frame": {
    "isFocused": false
  },
  "fromEvent": true
}
[04/24/26, 15:38:25:179] info: Breadcrumb: electron: window.focus 
{
  "id": 1,
  "url": "[REDACTED]"
}
[04/24/26, 15:38:25:179] info: Breadcrumb: electron: app.browser-window-focus 
[04/24/26, 15:38:25:179] info: Store: SET_WINDOW_FRAME 
{
  "id": 1,
  "frame": {
    "isFocused": true
  },
  "fromEvent": true
}
[04/24/26, 15:38:25:963] info: Breadcrumb: electron: window.blur 
{
  "id": 1,
  "url": "[REDACTED]"
}
[04/24/26, 15:38:25:963] info: Breadcrumb: electron: app.browser-window-blur 
[04/24/26, 15:38:25:963] info: Store: SET_WINDOW_FRAME 
{
  "id": 1,
  "frame": {
    "isFocused": false
  },
  "fromEvent": true
}
[04/24/26, 15:38:26:046] info: Breadcrumb: electron: window.focus 
{
  "id": 1,
  "url": "[REDACTED]"
}
[04/24/26, 15:38:26:046] info: Breadcrumb: electron: app.browser-window-focus 
[04/24/26, 15:38:26:046] info: Store: SET_WINDOW_FRAME 
{
  "id": 1,
  "frame": {
    "isFocused": true
  },
  "fromEvent": true
}
[04/24/26, 15:38:26:202] info: Breadcrumb: electron: window.blur 
{
  "id": 1,
  "url": "[REDACTED]"
}
[04/24/26, 15:38:26:202] info: Breadcrumb: electron: app.browser-window-blur 
[04/24/26, 15:38:26:202] info: Store: SET_WINDOW_FRAME 
{
  "id": 1,
  "frame": {
    "isFocused": false
  },
  "fromEvent": true
}
[04/24/26, 15:38:26:312] info: Breadcrumb: electron: window.focus 
{
  "id": 1,
  "url": "[REDACTED]"
}
[04/24/26, 15:38:26:312] info: Breadcrumb: electron: app.browser-window-focus 
[04/24/26, 15:38:26:312] info: Store: SET_WINDOW_FRAME 
{
  "id": 1,
  "frame": {
    "isFocused": true
  },
  "fromEvent": true
}
[04/24/26, 15:38:26:629] info: Breadcrumb: electron: window.blur 
{
  "id": 1,
  "url": "[REDACTED]"
}
[04/24/26, 15:38:26:629] info: Breadcrumb: electron: app.browser-window-blur 
[04/24/26, 15:38:26:629] info: Store: SET_WINDOW_FRAME 
{
  "id": 1,
  "frame": {
    "isFocused": false
  },
  "fromEvent": true
}
[04/24/26, 15:38:36:617] info: Breadcrumb: electron: window.focus 
{
  "id": 1,
  "url": "[REDACTED]"
}
[04/24/26, 15:38:36:617] info: Breadcrumb: electron: app.browser-window-focus 
[04/24/26, 15:38:36:617] info: Store: SET_WINDOW_FRAME 
{
  "id": 1,
  "frame": {
    "isFocused": true
  },
  "fromEvent": true
}
[04/24/26, 15:38:37:189] info: Breadcrumb: electron: window.blur 
{
  "id": 1,
  "url": "[REDACTED]"
}
[04/24/26, 15:38:37:190] info: Breadcrumb: electron: app.browser-window-blur 
[04/24/26, 15:38:37:190] info: Store: SET_WINDOW_FRAME 
{
  "id": 1,
  "frame": {
    "isFocused": false
  },
  "fromEvent": true
}
[04/24/26, 15:39:27:601] info: Breadcrumb: electron: window.focus 
{
  "id": 1,
  "url": "[REDACTED]"
}
[04/24/26, 15:39:27:601] info: Breadcrumb: electron: app.browser-window-focus 
[04/24/26, 15:39:27:602] info: Store: SET_WINDOW_FRAME 
{
  "id": 1,
  "frame": {
    "isFocused": true
  },
  "fromEvent": true
}
[04/24/26, 15:39:36:746] info: Permission check granted: 
{
  "isMainFrame": true,
  "permission": "media",
  "requestingOrigin": "https://app.slack.com/",
  "requestingUrl": "https://app.slack.com/client/TP17WPBDX/C02FZFAR14Y",
  "securityOrigin": null,
  "mediaType": "video",
  "slackChildWindowRequest": {
    "result": false,
    "reason": "Not child window URL"
  }
}
[04/24/26, 15:39:36:746] info: Permission check granted: 
{
  "isMainFrame": true,
  "permission": "media",
  "requestingOrigin": "https://app.slack.com/",
  "requestingUrl": "https://app.slack.com/client/TP17WPBDX/C02FZFAR14Y",
  "securityOrigin": null,
  "mediaType": "audio",
  "slackChildWindowRequest": {
    "result": false,
    "reason": "Not child window URL"
  }
}
[04/24/26, 15:39:36:747] info: Permission check granted: 
{
  "isMainFrame": true,
  "permission": "web-app-installation",
  "requestingOrigin": "https://app.slack.com/",
  "requestingUrl": "https://app.slack.com/client/TP17WPBDX/C02FZFAR14Y",
  "securityOrigin": null,
  "slackChildWindowRequest": {
    "result": false,
    "reason": "Not child window URL"
  }
}
[04/24/26, 15:39:36:747] info: Permission check granted: 
{
  "isMainFrame": true,
  "permission": "geolocation",
  "requestingOrigin": "https://app.slack.com/",
  "requestingUrl": "https://app.slack.com/client/TP17WPBDX/C02FZFAR14Y",
  "securityOrigin": null,
  "slackChildWindowRequest": {
    "result": false,
    "reason": "Not child window URL"
  }
}
[04/24/26, 15:39:36:837] info: Store: EXTEND_MENU TP17WPBDX: menucategory-file,menucategory-view,menucategory-edit,menucategory-help,menucategory-history
[04/24/26, 15:39:38:655] info: Store: REDUX_UPDATE_FROM_WEBAPP (TP17WPBDX) Changed keys [unreads]
[04/24/26, 15:39:39:081] info: Breadcrumb: electron: window.blur 
{
  "id": 1,
  "url": "[REDACTED]"
}
[04/24/26, 15:39:39:082] info: Breadcrumb: electron: app.browser-window-blur 
[04/24/26, 15:39:39:082] info: Store: SET_WINDOW_FRAME 
{
  "id": 1,
  "frame": {
    "isFocused": false
  },
  "fromEvent": true
}
[04/24/26, 15:40:49:287] info: Breadcrumb: electron: window.focus 
{
  "id": 1,
  "url": "[REDACTED]"
}
[04/24/26, 15:40:49:287] info: Breadcrumb: electron: app.browser-window-focus 
[04/24/26, 15:40:49:287] info: Store: SET_WINDOW_FRAME 
{
  "id": 1,
  "frame": {
    "isFocused": true
  },
  "fromEvent": true
}
[04/24/26, 15:40:51:339] info: Breadcrumb: electron: window.blur 
{
  "id": 1,
  "url": "[REDACTED]"
}
[04/24/26, 15:40:51:339] info: Breadcrumb: electron: app.browser-window-blur 
[04/24/26, 15:40:51:339] info: Store: SET_WINDOW_FRAME 
{
  "id": 1,
  "frame": {
    "isFocused": false
  },
  "fromEvent": true
}
[04/24/26, 15:41:03:104] info: Breadcrumb: electron: window.focus 
{
  "id": 1,
  "url": "[REDACTED]"
}
[04/24/26, 15:41:03:105] info: Breadcrumb: electron: app.browser-window-focus 
[04/24/26, 15:41:03:105] info: Store: SET_WINDOW_FRAME 
{
  "id": 1,
  "frame": {
    "isFocused": true
  },
  "fromEvent": true
}
[04/24/26, 15:41:04:232] info: Permission check granted: 
{
  "isMainFrame": true,
  "permission": "media",
  "requestingOrigin": "https://app.slack.com/",
  "requestingUrl": "https://app.slack.com/client/TP17WPBDX",
  "securityOrigin": null,
  "mediaType": "video",
  "slackChildWindowRequest": {
    "result": false,
    "reason": "Not child window URL"
  }
}
[04/24/26, 15:41:04:232] info: Permission check granted: 
{
  "isMainFrame": true,
  "permission": "media",
  "requestingOrigin": "https://app.slack.com/",
  "requestingUrl": "https://app.slack.com/client/TP17WPBDX",
  "securityOrigin": null,
  "mediaType": "audio",
  "slackChildWindowRequest": {
    "result": false,
    "reason": "Not child window URL"
  }
}
[04/24/26, 15:41:04:233] info: Permission check granted: 
{
  "isMainFrame": true,
  "permission": "web-app-installation",
  "requestingOrigin": "https://app.slack.com/",
  "requestingUrl": "https://app.slack.com/client/TP17WPBDX",
  "securityOrigin": null,
  "slackChildWindowRequest": {
    "result": false,
    "reason": "Not child window URL"
  }
}
[04/24/26, 15:41:04:233] info: Permission check granted: 
{
  "isMainFrame": true,
  "permission": "geolocation",
  "requestingOrigin": "https://app.slack.com/",
  "requestingUrl": "https://app.slack.com/client/TP17WPBDX",
  "securityOrigin": null,
  "slackChildWindowRequest": {
    "result": false,
    "reason": "Not child window URL"
  }
}
[04/24/26, 15:41:04:238] info: Store: EXTERNAL_MENU_ITEM_CLICKED 
{
  "id": "menuitem-new-message",
  "ctrlKey": true,
  "metaKey": false,
  "altKey": false,
  "shiftKey": false,
  "triggeredByAccelerator": true
}
[04/24/26, 15:41:04:491] info: Store: EXTEND_MENU TP17WPBDX: menucategory-file,menucategory-view,menucategory-edit,menucategory-help,menucategory-history
[04/24/26, 15:41:07:385] info: Permission check granted: 
{
  "isMainFrame": true,
  "permission": "media",
  "requestingOrigin": "https://app.slack.com/",
  "requestingUrl": "https://app.slack.com/client/TP17WPBDX",
  "securityOrigin": null,
  "mediaType": "video",
  "slackChildWindowRequest": {
    "result": false,
    "reason": "Not child window URL"
  }
}
[04/24/26, 15:41:07:385] info: Permission check granted: 
{
  "isMainFrame": true,
  "permission": "media",
  "requestingOrigin": "https://app.slack.com/",
  "requestingUrl": "https://app.slack.com/client/TP17WPBDX",
  "securityOrigin": null,
  "mediaType": "audio",
  "slackChildWindowRequest": {
    "result": false,
    "reason": "Not child window URL"
  }
}
[04/24/26, 15:41:07:385] info: Permission check granted: 
{
  "isMainFrame": true,
  "permission": "web-app-installation",
  "requestingOrigin": "https://app.slack.com/",
  "requestingUrl": "https://app.slack.com/client/TP17WPBDX",
  "securityOrigin": null,
  "slackChildWindowRequest": {
    "result": false,
    "reason": "Not child window URL"
  }
}
[04/24/26, 15:41:07:385] info: Permission check granted: 
{
  "isMainFrame": true,
  "permission": "geolocation",
  "requestingOrigin": "https://app.slack.com/",
  "requestingUrl": "https://app.slack.com/client/TP17WPBDX",
  "securityOrigin": null,
  "slackChildWindowRequest": {
    "result": false,
    "reason": "Not child window URL"
  }
}
[04/24/26, 15:41:07:976] info: Store: EXTEND_MENU TP17WPBDX: menucategory-file,menucategory-view,menucategory-edit,menucategory-help,menucategory-history
[04/24/26, 15:41:08:792] info: Breadcrumb: electron.net: undefined 
{
  "url": "[REDACTED]",
  "method": "POST",
  "status_code": 200
}
[04/24/26, 15:43:37:947] info: Breadcrumb: electron: window.blur 
{
  "id": 1,
  "url": "[REDACTED]"
}
[04/24/26, 15:43:37:947] info: Breadcrumb: electron: app.browser-window-blur 
[04/24/26, 15:43:37:947] info: Store: SET_WINDOW_FRAME 
{
  "id": 1,
  "frame": {
    "isFocused": false
  },
  "fromEvent": true
}
[04/24/26, 15:46:09:005] info: Breadcrumb: electron: window.focus 
{
  "id": 1,
  "url": "[REDACTED]"
}
[04/24/26, 15:46:09:006] info: Breadcrumb: electron: app.browser-window-focus 
[04/24/26, 15:46:09:006] info: Store: SET_WINDOW_FRAME 
{
  "id": 1,
  "frame": {
    "isFocused": true
  },
  "fromEvent": true
}
[04/24/26, 15:46:09:145] info: Breadcrumb: electron: window.blur 
{
  "id": 1,
  "url": "[REDACTED]"
}
[04/24/26, 15:46:09:145] info: Breadcrumb: electron: app.browser-window-blur 
[04/24/26, 15:46:09:145] info: Store: SET_WINDOW_FRAME 
{
  "id": 1,
  "frame": {
    "isFocused": false
  },
  "fromEvent": true
}
[04/24/26, 15:49:15:001] info: Store: NEW_NOTIFICATION 
{
  "title": "[REDACTED]",
  "subtitle": "[REDACTED]",
  "content": "[REDACTED]",
  "authorName": "[REDACTED]",
  "avatarImage": "[REDACTED]",
  "teamId": "TP17WPBDX",
  "userId": "U02N0NN01R6",
  "msg": "1777038554.892779",
  "channel": "C02FZFAR14Y",
  "channelName": "[REDACTED]",
  "launchUri": "[REDACTED]",
  "silent": true,
  "hasReply": true,
  "groupWindowsNotifications": true,
  "trace_id": "{\"traceId\":\"e7df1ecbf885e87a\",\"parentSpanId\":\"e7df1ecbf885e87a\"}",
  "id": "TP17WPBDX_1777038554.892779",
  "sound": "none",
  "win32": {
    "workspaceName": "Perfusion Tech - Technical team"
  },
  "mac": {
    "closeButtonOverride": false
  }
}
[04/24/26, 15:49:15:001] info: Creating new Electron notification. 
[04/24/26, 15:49:15:160] info: Store: SET_WINDOW_FRAME 
{
  "id": 1,
  "frame": {
    "isCurrentlyAudible": true
  },
  "fromEvent": true
}
[04/24/26, 15:49:16:898] info: Store: SET_WINDOW_FRAME 
{
  "id": 1,
  "frame": {
    "isCurrentlyAudible": false
  },
  "fromEvent": true
}
[04/24/26, 15:49:18:851] info: Breadcrumb: electron.net: undefined 
{
  "url": "[REDACTED]",
  "method": "POST",
  "status_code": 200
}
[04/24/26, 15:50:28:855] info: Breadcrumb: electron.net: undefined 
{
  "url": "[REDACTED]",
  "method": "POST",
  "status_code": 200
}
[04/24/26, 15:55:15:167] info: Breadcrumb: electron: window.focus 
{
  "id": 1,
  "url": "[REDACTED]"
}
[04/24/26, 15:55:15:167] info: Breadcrumb: electron: app.browser-window-focus 
[04/24/26, 15:55:15:167] info: Store: SET_WINDOW_FRAME 
{
  "id": 1,
  "frame": {
    "isFocused": true
  },
  "fromEvent": true
}
[04/24/26, 15:55:17:233] info: Breadcrumb: electron: window.blur 
{
  "id": 1,
  "url": "[REDACTED]"
}
[04/24/26, 15:55:17:233] info: Breadcrumb: electron: app.browser-window-blur 
[04/24/26, 15:55:17:233] info: Store: SET_WINDOW_FRAME 
{
  "id": 1,
  "frame": {
    "isFocused": false
  },
  "fromEvent": true
}
[04/24/26, 15:56:15:762] info: Store: NEW_NOTIFICATION 
{
  "title": "[REDACTED]",
  "subtitle": "[REDACTED]",
  "content": "[REDACTED]",
  "authorName": "[REDACTED]",
  "avatarImage": "[REDACTED]",
  "teamId": "TP17WPBDX",
  "userId": "U02N0NN01R6",
  "msg": "1777038975.655949",
  "channel": "C02FZFAR14Y",
  "channelName": "[REDACTED]",
  "launchUri": "[REDACTED]",
  "silent": true,
  "hasReply": true,
  "groupWindowsNotifications": true,
  "trace_id": "{\"traceId\":\"324067ab8d66d1a6\",\"parentSpanId\":\"324067ab8d66d1a6\"}",
  "id": "TP17WPBDX_1777038975.655949",
  "sound": "none",
  "win32": {
    "workspaceName": "Perfusion Tech - Technical team"
  },
  "mac": {
    "closeButtonOverride": false
  }
}
[04/24/26, 15:56:15:763] info: Creating new Electron notification. 
[04/24/26, 15:56:15:912] info: Store: SET_WINDOW_FRAME 
{
  "id": 1,
  "frame": {
    "isCurrentlyAudible": true
  },
  "fromEvent": true
}
[04/24/26, 15:56:17:650] info: Store: SET_WINDOW_FRAME 
{
  "id": 1,
  "frame": {
    "isCurrentlyAudible": false
  },
  "fromEvent": true
}
[04/24/26, 15:56:18:847] info: Breadcrumb: electron.net: undefined 
{
  "url": "[REDACTED]",
  "method": "POST",
  "status_code": 200
}
[04/24/26, 15:57:28:873] info: Breadcrumb: electron.net: undefined 
{
  "url": "[REDACTED]",
  "method": "POST",
  "status_code": 200
}
[04/24/26, 16:00:14:933] info: Breadcrumb: electron: screen.display-metrics-changed 
[04/24/26, 16:00:14:933] info: Store: DISPLAY_METRICS_CHANGED 
[04/24/26, 16:00:14:934] info: Breadcrumb: electron: screen.display-metrics-changed 
[04/24/26, 16:00:14:934] info: Store: DISPLAY_METRICS_CHANGED 
[04/24/26, 16:00:26:448] info: Breadcrumb: electron: screen.display-metrics-changed 
[04/24/26, 16:00:26:448] info: Store: DISPLAY_METRICS_CHANGED 
[04/24/26, 16:00:26:449] info: Breadcrumb: electron: screen.display-metrics-changed 
[04/24/26, 16:00:26:449] info: Store: DISPLAY_METRICS_CHANGED 
[04/24/26, 16:01:29:028] info: Breadcrumb: electron: app.gpu-info-update 
