[04/23/26, 13:36:32:466] info: 
╔═══════════════════════════════════════════════════════╗
║      Slack 4.49.81, linux 6.19.12-arch1-1 on x64      ║
╚═══════════════════════════════════════════════════════╝ 
[04/23/26, 13:36:32:467] info: Configured logger via 
{
  "enableConsoleTransport": true,
  "identifierOverride": "webapp-service-worker-console",
  "loggerInstanceCount": 2
}
[04/23/26, 13:36:32:467] info: Predefined values for process 
{
  "NODE_ENV": "production",
  "platform": "linux",
  "type": "browser",
  "timeZone": "Europe/Brussels",
  "PACKAGE_MANIFEST.productName": "Slack",
  "PACKAGE_MANIFEST.version": "4.49.81",
  "PACKAGE_MANIFEST.commit": "8f0440b",
  "PACKAGE_MANIFEST.branch": "HEAD"
}
[04/23/26, 13:38:12:719] info: Boots up new service worker version 
{
  "scriptUrl": "https://app.slack.com/service-worker.js",
  "scope": "https://app.slack.com/",
  "renderProcessId": 4,
  "versionId": 0
}
[04/23/26, 13:38:12:719] info: Apr-23 13:38:12.718 [SERVICE-WORKER] install event [object ServiceWorkerGlobalScope] 
{
  "versionId": 0
}
[04/23/26, 13:38:12:719] info: Apr-23 13:38:12.719 [SERVICE-WORKER] SimpleMetrics starting interval 
{
  "versionId": 0
}
[04/23/26, 13:38:12:721] info: Apr-23 13:38:12.721 [SERVICE-WORKER] activate event [object ExtendableEvent] 
{
  "versionId": 0
}
[04/23/26, 13:38:12:726] info: Apr-23 13:38:12.726 [SERVICE-WORKER] fetching asset https://a.slack-edge.com/bv1-13-br/lato-light-2815bd9.woff2 
{
  "versionId": 0
}
[04/23/26, 13:38:12:727] info: Apr-23 13:38:12.726 [SERVICE-WORKER] fetching asset https://a.slack-edge.com/bv1-13-br/lato-regular-f1aa7a0.woff2 
{
  "versionId": 0
}
[04/23/26, 13:38:12:727] info: Apr-23 13:38:12.727 [SERVICE-WORKER] fetching asset https://a.slack-edge.com/bv1-13-br/lato-bold-31816c2.woff2 
{
  "versionId": 0
}
[04/23/26, 13:38:12:727] info: Apr-23 13:38:12.727 [SERVICE-WORKER] fetching asset https://a.slack-edge.com/bv1-13-br/lato-black-d3e44e6.woff2 
{
  "versionId": 0
}
[04/23/26, 13:38:12:729] info: Apr-23 13:38:12.728 [SERVICE-WORKER] putting asset in cache https://a.slack-edge.com/bv1-13-br/lato-regular-f1aa7a0.woff2 
{
  "versionId": 0
}
[04/23/26, 13:38:12:729] info: Apr-23 13:38:12.728 [SERVICE-WORKER] putting asset in cache https://a.slack-edge.com/bv1-13-br/lato-bold-31816c2.woff2 
{
  "versionId": 0
}
[04/23/26, 13:38:12:729] info: Apr-23 13:38:12.729 [SERVICE-WORKER] putting asset in cache https://a.slack-edge.com/bv1-13-br/lato-black-d3e44e6.woff2 
{
  "versionId": 0
}
[04/23/26, 13:38:12:732] info: Apr-23 13:38:12.731 [SERVICE-WORKER] putting asset in cache https://a.slack-edge.com/bv1-13-br/lato-light-2815bd9.woff2 
{
  "versionId": 0
}
[04/23/26, 13:38:12:732] info: Apr-23 13:38:12.732 [SERVICE-WORKER] fetching asset https://a.slack-edge.com/bv1-13-br/lato-italic-light-074c7fc.woff2 
{
  "versionId": 0
}
[04/23/26, 13:38:12:733] info: Apr-23 13:38:12.732 [SERVICE-WORKER] fetching asset https://a.slack-edge.com/bv1-13-br/lato-italic-4484c42.woff2 
{
  "versionId": 0
}
[04/23/26, 13:38:12:733] info: Apr-23 13:38:12.733 [SERVICE-WORKER] fetching asset https://a.slack-edge.com/bv1-13-br/lato-italic-bold-365ea5a.woff2 
{
  "versionId": 0
}
[04/23/26, 13:38:12:735] info: Apr-23 13:38:12.735 [SERVICE-WORKER] putting asset in cache https://a.slack-edge.com/bv1-13-br/lato-italic-4484c42.woff2 
{
  "versionId": 0
}
[04/23/26, 13:38:12:736] info: Apr-23 13:38:12.735 [SERVICE-WORKER] putting asset in cache https://a.slack-edge.com/bv1-13-br/lato-italic-bold-365ea5a.woff2 
{
  "versionId": 0
}
[04/23/26, 13:38:12:739] info: Apr-23 13:38:12.739 [SERVICE-WORKER] fetching asset https://a.slack-edge.com/bv1-13-br/lato-italic-black-62bc5da.woff2 
{
  "versionId": 0
}
[04/23/26, 13:38:12:739] info: Apr-23 13:38:12.739 [SERVICE-WORKER] fetching asset https://a.slack-edge.com/bv1-13-br/lato-latin-latin-ext-b488bf4.woff2 
{
  "versionId": 0
}
[04/23/26, 13:38:12:739] info: Apr-23 13:38:12.739 [SERVICE-WORKER] putting asset in cache https://a.slack-edge.com/bv1-13-br/lato-italic-light-074c7fc.woff2 
{
  "versionId": 0
}
[04/23/26, 13:38:12:740] info: Apr-23 13:38:12.740 [SERVICE-WORKER] fetching asset https://a.slack-edge.com/bv1-13-br/Slack-Fractions-9dd968e.woff2 
{
  "versionId": 0
}
[04/23/26, 13:38:12:743] info: Apr-23 13:38:12.743 [SERVICE-WORKER] fetching asset https://a.slack-edge.com/bv1-13-br/RobotoMono-Regular-3655dff.woff2 
{
  "versionId": 0
}
[04/23/26, 13:38:12:746] info: Apr-23 13:38:12.746 [SERVICE-WORKER] putting asset in cache https://a.slack-edge.com/bv1-13-br/lato-italic-black-62bc5da.woff2 
{
  "versionId": 0
}
[04/23/26, 13:38:12:750] info: Apr-23 13:38:12.749 [SERVICE-WORKER] putting asset in cache https://a.slack-edge.com/bv1-13-br/Slack-Fractions-9dd968e.woff2 
{
  "versionId": 0
}
[04/23/26, 13:38:12:751] info: Apr-23 13:38:12.750 [SERVICE-WORKER] putting asset in cache https://a.slack-edge.com/bv1-13-br/lato-latin-latin-ext-b488bf4.woff2 
{
  "versionId": 0
}
[04/23/26, 13:38:12:751] info: Apr-23 13:38:12.751 [SERVICE-WORKER] putting asset in cache https://a.slack-edge.com/bv1-13-br/RobotoMono-Regular-3655dff.woff2 
{
  "versionId": 0
}
[04/23/26, 13:38:12:752] info: Apr-23 13:38:12.752 [SERVICE-WORKER] fetching asset https://a.slack-edge.com/bv1-13-br/RobotoMono-Cyrillic-Regular-d4ad495.woff2 
{
  "versionId": 0
}
[04/23/26, 13:38:12:754] info: Apr-23 13:38:12.754 [SERVICE-WORKER] fetching asset https://a.slack-edge.com/bv1-13-br/RobotoMono-Italic-986643e.woff2 
{
  "versionId": 0
}
[04/23/26, 13:38:12:755] info: Apr-23 13:38:12.754 [SERVICE-WORKER] fetching asset https://a.slack-edge.com/bv1-13-br/RobotoMono-Cyrillic-Italic-88b76d1.woff2 
{
  "versionId": 0
}
[04/23/26, 13:38:12:755] info: Apr-23 13:38:12.755 [SERVICE-WORKER] fetching asset https://a.slack-edge.com/bv1-13-br/AtkinsonHyperlegibleNext-90e45b6.woff2 
{
  "versionId": 0
}
[04/23/26, 13:38:12:757] info: Apr-23 13:38:12.757 [SERVICE-WORKER] putting asset in cache https://a.slack-edge.com/bv1-13-br/RobotoMono-Cyrillic-Regular-d4ad495.woff2 
{
  "versionId": 0
}
[04/23/26, 13:38:12:759] info: Apr-23 13:38:12.759 [SERVICE-WORKER] fetching asset https://a.slack-edge.com/bv1-13-br/slack-icons-v2-913df50.woff2 
{
  "versionId": 0
}
[04/23/26, 13:38:12:760] info: Apr-23 13:38:12.759 [SERVICE-WORKER] putting asset in cache https://a.slack-edge.com/bv1-13-br/RobotoMono-Italic-986643e.woff2 
{
  "versionId": 0
}
[04/23/26, 13:38:12:760] info: Apr-23 13:38:12.760 [SERVICE-WORKER] putting asset in cache https://a.slack-edge.com/bv1-13-br/AtkinsonHyperlegibleNext-90e45b6.woff2 
{
  "versionId": 0
}
[04/23/26, 13:38:12:761] info: Apr-23 13:38:12.760 [SERVICE-WORKER] putting asset in cache https://a.slack-edge.com/bv1-13-br/RobotoMono-Cyrillic-Italic-88b76d1.woff2 
{
  "versionId": 0
}
[04/23/26, 13:38:12:761] info: Apr-23 13:38:12.761 [SERVICE-WORKER] putting asset in cache https://a.slack-edge.com/bv1-13-br/slack-icons-v2-913df50.woff2 
{
  "versionId": 0
}
[04/23/26, 13:38:12:765] info: Apr-23 13:38:12.765 [SERVICE-WORKER] fetching asset https://a.slack-edge.com/bv1-13-br/model32-2a8ae1f.tfjson 
{
  "versionId": 0
}
[04/23/26, 13:38:12:765] info: Apr-23 13:38:12.765 [SERVICE-WORKER] fetching asset https://a.slack-edge.com/bv1-13-br/slack-kit-gantry-v2-styles.7ee4798346e4da1f4599.min.css 
{
  "versionId": 0
}
[04/23/26, 13:38:12:765] info: Apr-23 13:38:12.765 [SERVICE-WORKER] fetching asset https://a.slack-edge.com/bv1-13-br/slack-kit-gantry-v2-styles.4c8f00d3b1aa62947eb2.min.js 
{
  "versionId": 0
}
[04/23/26, 13:38:12:766] info: Apr-23 13:38:12.765 [SERVICE-WORKER] fetching asset https://a.slack-edge.com/bv1-13-br/helper-gantry-v2-styles.c686ab9ef318efe0ebcd.min.css 
{
  "versionId": 0
}
[04/23/26, 13:38:12:771] info: Apr-23 13:38:12.770 [SERVICE-WORKER] putting asset in cache https://a.slack-edge.com/bv1-13-br/model32-2a8ae1f.tfjson 
{
  "versionId": 0
}
[04/23/26, 13:38:12:771] info: Apr-23 13:38:12.771 [SERVICE-WORKER] putting asset in cache https://a.slack-edge.com/bv1-13-br/slack-kit-gantry-v2-styles.7ee4798346e4da1f4599.min.css 
{
  "versionId": 0
}
[04/23/26, 13:38:12:772] info: Apr-23 13:38:12.772 [SERVICE-WORKER] putting asset in cache https://a.slack-edge.com/bv1-13-br/helper-gantry-v2-styles.c686ab9ef318efe0ebcd.min.css 
{
  "versionId": 0
}
[04/23/26, 13:38:12:772] info: Apr-23 13:38:12.772 [SERVICE-WORKER] putting asset in cache https://a.slack-edge.com/bv1-13-br/slack-kit-gantry-v2-styles.4c8f00d3b1aa62947eb2.min.js 
{
  "versionId": 0
}
[04/23/26, 13:38:12:774] info: Apr-23 13:38:12.774 [SERVICE-WORKER] fetching asset https://a.slack-edge.com/bv1-13-br/helper-gantry-v2-styles.a8c377fa957b535517c5.min.js 
{
  "versionId": 0
}
[04/23/26, 13:38:12:774] info: Apr-23 13:38:12.774 [SERVICE-WORKER] fetching asset https://a.slack-edge.com/bv1-13-br/gantry-v2-async-gantry-v2-default-boot-data.6c7f0954b53fe28aa75b.min.css 
{
  "versionId": 0
}
[04/23/26, 13:38:12:781] info: Apr-23 13:38:12.780 [SERVICE-WORKER] putting asset in cache https://a.slack-edge.com/bv1-13-br/helper-gantry-v2-styles.a8c377fa957b535517c5.min.js 
{
  "versionId": 0
}
[04/23/26, 13:38:12:781] info: Apr-23 13:38:12.781 [SERVICE-WORKER] putting asset in cache https://a.slack-edge.com/bv1-13-br/gantry-v2-async-gantry-v2-default-boot-data.6c7f0954b53fe28aa75b.min.css 
{
  "versionId": 0
}
[04/23/26, 13:38:12:788] info: Apr-23 13:38:12.788 [SERVICE-WORKER] fetching asset https://a.slack-edge.com/bv1-13-br/gantry-v2-async-customer-relationships-management-image-en-US.c9bb054ac213b28dd35a.min.js 
{
  "versionId": 0
}
[04/23/26, 13:38:12:788] info: Apr-23 13:38:12.788 [SERVICE-WORKER] fetching asset https://a.slack-edge.com/bv1-13-br/gantry-v2-async-client-explore-paid-feature-critical-apps-img-en-US.3dadd79edc510a189133.min.js 
{
  "versionId": 0
}
[04/23/26, 13:38:12:789] info: Apr-23 13:38:12.788 [SERVICE-WORKER] fetching asset https://a.slack-edge.com/bv1-13-br/gantry-v2-async-client-explore-paid-feature-full-context-img-en-US.b3c100be58435111a11a.min.js 
{
  "versionId": 0
}
[04/23/26, 13:38:12:796] info: Apr-23 13:38:12.796 [SERVICE-WORKER] putting asset in cache https://a.slack-edge.com/bv1-13-br/gantry-v2-async-customer-relationships-management-image-en-US.c9bb054ac213b28dd35a.min.js 
{
  "versionId": 0
}
[04/23/26, 13:38:12:797] info: Apr-23 13:38:12.796 [SERVICE-WORKER] putting asset in cache https://a.slack-edge.com/bv1-13-br/gantry-v2-async-client-explore-paid-feature-critical-apps-img-en-US.3dadd79edc510a189133.min.js 
{
  "versionId": 0
}
[04/23/26, 13:38:12:797] info: Apr-23 13:38:12.796 [SERVICE-WORKER] putting asset in cache https://a.slack-edge.com/bv1-13-br/gantry-v2-async-client-explore-paid-feature-full-context-img-en-US.b3c100be58435111a11a.min.js 
{
  "versionId": 0
}
[04/23/26, 13:38:12:797] info: Apr-23 13:38:12.797 [SERVICE-WORKER] fetching asset https://a.slack-edge.com/bv1-13-br/gantry-v2-async-client-explore-paid-feature-page-hero-en-US.a3a907f83090dbece3fb.min.js 
{
  "versionId": 0
}
[04/23/26, 13:38:12:798] info: Apr-23 13:38:12.798 [SERVICE-WORKER] fetching asset https://a.slack-edge.com/bv1-13-br/gantry-v2-async-client-explore-paid-feature-free-to-plus-page-hero-en-US.3c30daadcae411862b65.min.js 
{
  "versionId": 0
}
[04/23/26, 13:38:12:798] info: Apr-23 13:38:12.798 [SERVICE-WORKER] fetching asset https://a.slack-edge.com/bv1-13-br/gantry-v2-async-client-explore-paid-feature-slack-ai-img-en-US.5933af1ca8f96563504c.min.js 
{
  "versionId": 0
}
[04/23/26, 13:38:12:799] info: Apr-23 13:38:12.798 [SERVICE-WORKER] fetching asset https://a.slack-edge.com/bv1-13-br/gantry-v2-async-client-explore-paid-feature-slack-connect-hover-img-en-US.249712876921d0fe9483.min.js 
{
  "versionId": 0
}
[04/23/26, 13:38:12:804] info: Apr-23 13:38:12.803 [SERVICE-WORKER] putting asset in cache https://a.slack-edge.com/bv1-13-br/gantry-v2-async-client-explore-paid-feature-free-to-plus-page-hero-en-US.3c30daadcae411862b65.min.js 
{
  "versionId": 0
}
[04/23/26, 13:38:12:805] info: Apr-23 13:38:12.804 [SERVICE-WORKER] putting asset in cache https://a.slack-edge.com/bv1-13-br/gantry-v2-async-client-explore-paid-feature-page-hero-en-US.a3a907f83090dbece3fb.min.js 
{
  "versionId": 0
}
[04/23/26, 13:38:12:805] info: Apr-23 13:38:12.804 [SERVICE-WORKER] putting asset in cache https://a.slack-edge.com/bv1-13-br/gantry-v2-async-client-explore-paid-feature-slack-connect-hover-img-en-US.249712876921d0fe9483.min.js 
{
  "versionId": 0
}
[04/23/26, 13:38:12:805] info: Apr-23 13:38:12.804 [SERVICE-WORKER] putting asset in cache https://a.slack-edge.com/bv1-13-br/gantry-v2-async-client-explore-paid-feature-slack-ai-img-en-US.5933af1ca8f96563504c.min.js 
{
  "versionId": 0
}
[04/23/26, 13:38:12:806] info: Apr-23 13:38:12.806 [SERVICE-WORKER] fetching asset https://a.slack-edge.com/bv1-13-br/gantry-v2-async-client-explore-paid-feature-ai-hero-en-US.5a8b29ea728773ea46c4.min.js 
{
  "versionId": 0
}
[04/23/26, 13:38:12:806] info: Apr-23 13:38:12.806 [SERVICE-WORKER] fetching asset https://a.slack-edge.com/bv1-13-br/gantry-v2-async-client-explore-paid-feature-security-img-en-US.2940c6fb9abf57b9547d.min.js 
{
  "versionId": 0
}
[04/23/26, 13:38:12:806] info: Apr-23 13:38:12.806 [SERVICE-WORKER] fetching asset https://a.slack-edge.com/bv1-13-br/gantry-v2-async-client-explore-paid-feature-security-hover-img-en-US.615e826f0598e94d3481.min.js 
{
  "versionId": 0
}
[04/23/26, 13:38:12:806] info: Apr-23 13:38:12.806 [SERVICE-WORKER] fetching asset https://a.slack-edge.com/bv1-13-br/gantry-v2-async-client-explore-paid-feature-productivity-img-en-US.5b35fd6a78b5a7016666.min.js 
{
  "versionId": 0
}
[04/23/26, 13:38:12:812] info: Apr-23 13:38:12.812 [SERVICE-WORKER] putting asset in cache https://a.slack-edge.com/bv1-13-br/gantry-v2-async-client-explore-paid-feature-ai-hero-en-US.5a8b29ea728773ea46c4.min.js 
{
  "versionId": 0
}
[04/23/26, 13:38:12:812] info: Apr-23 13:38:12.812 [SERVICE-WORKER] putting asset in cache https://a.slack-edge.com/bv1-13-br/gantry-v2-async-client-explore-paid-feature-security-img-en-US.2940c6fb9abf57b9547d.min.js 
{
  "versionId": 0
}
[04/23/26, 13:38:12:813] info: Apr-23 13:38:12.812 [SERVICE-WORKER] putting asset in cache https://a.slack-edge.com/bv1-13-br/gantry-v2-async-client-explore-paid-feature-security-hover-img-en-US.615e826f0598e94d3481.min.js 
{
  "versionId": 0
}
[04/23/26, 13:38:12:813] info: Apr-23 13:38:12.813 [SERVICE-WORKER] putting asset in cache https://a.slack-edge.com/bv1-13-br/gantry-v2-async-client-explore-paid-feature-productivity-img-en-US.5b35fd6a78b5a7016666.min.js 
{
  "versionId": 0
}
[04/23/26, 13:38:12:821] info: Apr-23 13:38:12.821 [SERVICE-WORKER] fetching asset https://a.slack-edge.com/bv1-13-br/gantry-v2-async-codemirror-snippet-editor.6b1b9fba76cc40142e5b.min.css 
{
  "versionId": 0
}
[04/23/26, 13:38:12:822] info: Apr-23 13:38:12.822 [SERVICE-WORKER] fetching asset https://a.slack-edge.com/bv1-13-br/gantry-v2-async-prototype-chart-block.f3ebcb30191ba242acb8.min.css 
{
  "versionId": 0
}
[04/23/26, 13:38:12:822] info: Apr-23 13:38:12.822 [SERVICE-WORKER] fetching asset https://a.slack-edge.com/bv1-13-br/gantry-v2-async-prototype-widget-block.12f39346b3510c5925d6.min.css 
{
  "versionId": 0
}
[04/23/26, 13:38:12:822] info: Apr-23 13:38:12.822 [SERVICE-WORKER] fetching asset https://a.slack-edge.com/bv1-13-br/gantry-v2-async-prototype-mcp-app-block.709769889483629da22d.min.css 
{
  "versionId": 0
}
[04/23/26, 13:38:12:828] info: Apr-23 13:38:12.827 [SERVICE-WORKER] putting asset in cache https://a.slack-edge.com/bv1-13-br/gantry-v2-async-prototype-chart-block.f3ebcb30191ba242acb8.min.css 
{
  "versionId": 0
}
[04/23/26, 13:38:12:829] info: Apr-23 13:38:12.829 [SERVICE-WORKER] putting asset in cache https://a.slack-edge.com/bv1-13-br/gantry-v2-async-prototype-mcp-app-block.709769889483629da22d.min.css 
{
  "versionId": 0
}
[04/23/26, 13:38:12:829] info: Apr-23 13:38:12.829 [SERVICE-WORKER] putting asset in cache https://a.slack-edge.com/bv1-13-br/gantry-v2-async-codemirror-snippet-editor.6b1b9fba76cc40142e5b.min.css 
{
  "versionId": 0
}
[04/23/26, 13:38:12:830] info: Apr-23 13:38:12.829 [SERVICE-WORKER] putting asset in cache https://a.slack-edge.com/bv1-13-br/gantry-v2-async-prototype-widget-block.12f39346b3510c5925d6.min.css 
{
  "versionId": 0
}
[04/23/26, 13:38:12:831] info: Apr-23 13:38:12.831 [SERVICE-WORKER] fetching asset https://a.slack-edge.com/bv1-13-br/gantry-v2-async-client-message-action-add-to-list-button-nux.990ee48cd131f2e1142a.min.css 
{
  "versionId": 0
}
[04/23/26, 13:38:12:831] info: Apr-23 13:38:12.831 [SERVICE-WORKER] fetching asset https://a.slack-edge.com/bv1-13-br/gantry-v2-async-modal-message-stats.0b9ea8debb034a010f2c.min.css 
{
  "versionId": 0
}
[04/23/26, 13:38:12:834] info: Apr-23 13:38:12.834 [SERVICE-WORKER] fetching asset https://a.slack-edge.com/bv1-13-br/gantry-v2-async-lead-form-codemirror.b04dd9e0e36f6098139a.min.css 
{
  "versionId": 0
}
[04/23/26, 13:38:12:834] info: Apr-23 13:38:12.834 [SERVICE-WORKER] putting asset in cache https://a.slack-edge.com/bv1-13-br/gantry-v2-async-client-message-action-add-to-list-button-nux.990ee48cd131f2e1142a.min.css 
{
  "versionId": 0
}
[04/23/26, 13:38:12:837] info: Apr-23 13:38:12.837 [SERVICE-WORKER] fetching asset https://a.slack-edge.com/bv1-13-br/gantry-v2-async-canvas-chart-block.f3ebcb30191ba242acb8.min.css 
{
  "versionId": 0
}
[04/23/26, 13:38:12:837] info: Apr-23 13:38:12.837 [SERVICE-WORKER] putting asset in cache https://a.slack-edge.com/bv1-13-br/gantry-v2-async-modal-message-stats.0b9ea8debb034a010f2c.min.css 
{
  "versionId": 0
}
[04/23/26, 13:38:12:838] info: Apr-23 13:38:12.838 [SERVICE-WORKER] putting asset in cache https://a.slack-edge.com/bv1-13-br/gantry-v2-async-lead-form-codemirror.b04dd9e0e36f6098139a.min.css 
{
  "versionId": 0
}
[04/23/26, 13:38:12:838] info: Apr-23 13:38:12.838 [SERVICE-WORKER] fetching asset https://a.slack-edge.com/bv1-13-br/gantry-v2-async-client-ai-workspace-list-banner.ccebd842480bb6e5a4f7.min.css 
{
  "versionId": 0
}
[04/23/26, 13:38:12:838] info: Apr-23 13:38:12.838 [SERVICE-WORKER] fetching asset https://a.slack-edge.com/bv1-13-br/gantry-v2-async-client-creator-guided-setup-list-banner.ed47b78f6dd9521a3253.min.css 
{
  "versionId": 0
}
[04/23/26, 13:38:12:840] info: Apr-23 13:38:12.840 [SERVICE-WORKER] fetching asset https://a.slack-edge.com/bv1-13-br/gantry-v2-async-client-ai-workspace-canvas-banner.ccebd842480bb6e5a4f7.min.css 
{
  "versionId": 0
}
[04/23/26, 13:38:12:841] info: Apr-23 13:38:12.841 [SERVICE-WORKER] putting asset in cache https://a.slack-edge.com/bv1-13-br/gantry-v2-async-canvas-chart-block.f3ebcb30191ba242acb8.min.css 
{
  "versionId": 0
}
[04/23/26, 13:38:12:842] info: Apr-23 13:38:12.842 [SERVICE-WORKER] putting asset in cache https://a.slack-edge.com/bv1-13-br/gantry-v2-async-client-ai-workspace-list-banner.ccebd842480bb6e5a4f7.min.css 
{
  "versionId": 0
}
[04/23/26, 13:38:12:842] info: Apr-23 13:38:12.842 [SERVICE-WORKER] fetching asset https://a.slack-edge.com/bv1-13-br/gantry-v2-async-client-creator-guided-setup-canvas-banner.ed47b78f6dd9521a3253.min.css 
{
  "versionId": 0
}
[04/23/26, 13:38:12:843] info: Apr-23 13:38:12.843 [SERVICE-WORKER] putting asset in cache https://a.slack-edge.com/bv1-13-br/gantry-v2-async-client-creator-guided-setup-list-banner.ed47b78f6dd9521a3253.min.css 
{
  "versionId": 0
}
[04/23/26, 13:38:12:844] info: Apr-23 13:38:12.844 [SERVICE-WORKER] putting asset in cache https://a.slack-edge.com/bv1-13-br/gantry-v2-async-client-ai-workspace-canvas-banner.ccebd842480bb6e5a4f7.min.css 
{
  "versionId": 0
}
[04/23/26, 13:38:12:845] info: Apr-23 13:38:12.845 [SERVICE-WORKER] fetching asset https://a.slack-edge.com/bv1-13-br/gantry-v2-async-client-day-picker-nux-banner.8fd4d0ada8d338405fd9.min.css 
{
  "versionId": 0
}
[04/23/26, 13:38:12:846] info: Apr-23 13:38:12.846 [SERVICE-WORKER] fetching asset https://a.slack-edge.com/bv1-13-br/gantry-v2-async-wrapped-heart-static.884800c1e9dc4dc2609a.min.js 
{
  "versionId": 0
}
[04/23/26, 13:38:12:846] info: Apr-23 13:38:12.846 [SERVICE-WORKER] fetching asset https://a.slack-edge.com/bv1-13-br/gantry-v2-async-persona-vibe-curator.dcb5fe61d2eda949ad64.min.js 
{
  "versionId": 0
}
[04/23/26, 13:38:12:848] info: Apr-23 13:38:12.848 [SERVICE-WORKER] putting asset in cache https://a.slack-edge.com/bv1-13-br/gantry-v2-async-client-creator-guided-setup-canvas-banner.ed47b78f6dd9521a3253.min.css 
{
  "versionId": 0
}
[04/23/26, 13:38:12:849] info: Apr-23 13:38:12.849 [SERVICE-WORKER] fetching asset https://a.slack-edge.com/bv1-13-br/gantry-v2-async-persona-hype-person.65e88269bee857c8015d.min.js 
{
  "versionId": 0
}
[04/23/26, 13:38:12:852] info: Apr-23 13:38:12.851 [SERVICE-WORKER] putting asset in cache https://a.slack-edge.com/bv1-13-br/gantry-v2-async-wrapped-heart-static.884800c1e9dc4dc2609a.min.js 
{
  "versionId": 0
}
[04/23/26, 13:38:12:852] info: Apr-23 13:38:12.851 [SERVICE-WORKER] putting asset in cache https://a.slack-edge.com/bv1-13-br/gantry-v2-async-client-day-picker-nux-banner.8fd4d0ada8d338405fd9.min.css 
{
  "versionId": 0
}
[04/23/26, 13:38:12:852] info: Apr-23 13:38:12.852 [SERVICE-WORKER] putting asset in cache https://a.slack-edge.com/bv1-13-br/gantry-v2-async-persona-vibe-curator.dcb5fe61d2eda949ad64.min.js 
{
  "versionId": 0
}
[04/23/26, 13:38:12:853] info: Apr-23 13:38:12.852 [SERVICE-WORKER] putting asset in cache https://a.slack-edge.com/bv1-13-br/gantry-v2-async-persona-hype-person.65e88269bee857c8015d.min.js 
{
  "versionId": 0
}
[04/23/26, 13:38:12:853] info: Apr-23 13:38:12.853 [SERVICE-WORKER] fetching asset https://a.slack-edge.com/bv1-13-br/gantry-v2-async-persona-gratitude-attitude.07fe8c700ccd2a59b119.min.js 
{
  "versionId": 0
}
[04/23/26, 13:38:12:854] info: Apr-23 13:38:12.853 [SERVICE-WORKER] fetching asset https://a.slack-edge.com/bv1-13-br/gantry-v2-async-persona-emoji-sommelier.7e462a4c4a1484105f81.min.js 
{
  "versionId": 0
}
[04/23/26, 13:38:12:854] info: Apr-23 13:38:12.854 [SERVICE-WORKER] fetching asset https://a.slack-edge.com/bv1-13-br/gantry-v2-async-persona-knowledge-bank.dfd3d2624572f1362d26.min.js 
{
  "versionId": 0
}
[04/23/26, 13:38:12:854] info: Apr-23 13:38:12.854 [SERVICE-WORKER] fetching asset https://a.slack-edge.com/bv1-13-br/gantry-v2-async-persona-yes-and-artist.c37d87114e69deaa1727.min.js 
{
  "versionId": 0
}
[04/23/26, 13:38:12:858] info: Apr-23 13:38:12.858 [SERVICE-WORKER] putting asset in cache https://a.slack-edge.com/bv1-13-br/gantry-v2-async-persona-gratitude-attitude.07fe8c700ccd2a59b119.min.js 
{
  "versionId": 0
}
[04/23/26, 13:38:12:858] info: Apr-23 13:38:12.858 [SERVICE-WORKER] putting asset in cache https://a.slack-edge.com/bv1-13-br/gantry-v2-async-persona-emoji-sommelier.7e462a4c4a1484105f81.min.js 
{
  "versionId": 0
}
[04/23/26, 13:38:12:859] info: Apr-23 13:38:12.859 [SERVICE-WORKER] putting asset in cache https://a.slack-edge.com/bv1-13-br/gantry-v2-async-persona-knowledge-bank.dfd3d2624572f1362d26.min.js 
{
  "versionId": 0
}
[04/23/26, 13:38:12:859] info: Apr-23 13:38:12.859 [SERVICE-WORKER] putting asset in cache https://a.slack-edge.com/bv1-13-br/gantry-v2-async-persona-yes-and-artist.c37d87114e69deaa1727.min.js 
{
  "versionId": 0
}
[04/23/26, 13:38:12:859] info: Apr-23 13:38:12.859 [SERVICE-WORKER] fetching asset https://a.slack-edge.com/bv1-13-br/gantry-v2-async-persona-clarity-connoisseur.6a27d8ac210992a9367c.min.js 
{
  "versionId": 0
}
[04/23/26, 13:38:12:860] info: Apr-23 13:38:12.860 [SERVICE-WORKER] fetching asset https://a.slack-edge.com/bv1-13-br/gantry-v2-async-persona-bridge-builder.78b1d24e02b35a5ca845.min.js 
{
  "versionId": 0
}
[04/23/26, 13:38:12:860] info: Apr-23 13:38:12.860 [SERVICE-WORKER] fetching asset https://a.slack-edge.com/bv1-13-br/gantry-v2-async-persona-gif-grandmaster.285921aa5444ca1edd66.min.js 
{
  "versionId": 0
}
[04/23/26, 13:38:12:860] info: Apr-23 13:38:12.860 [SERVICE-WORKER] fetching asset https://a.slack-edge.com/bv1-13-br/gantry-v2-async-persona-trend-spotter.6bb652906b52842b8445.min.js 
{
  "versionId": 0
}
[04/23/26, 13:38:12:864] info: Apr-23 13:38:12.864 [SERVICE-WORKER] putting asset in cache https://a.slack-edge.com/bv1-13-br/gantry-v2-async-persona-clarity-connoisseur.6a27d8ac210992a9367c.min.js 
{
  "versionId": 0
}
[04/23/26, 13:38:12:865] info: Apr-23 13:38:12.864 [SERVICE-WORKER] putting asset in cache https://a.slack-edge.com/bv1-13-br/gantry-v2-async-persona-bridge-builder.78b1d24e02b35a5ca845.min.js 
{
  "versionId": 0
}
[04/23/26, 13:38:12:865] info: Apr-23 13:38:12.864 [SERVICE-WORKER] putting asset in cache https://a.slack-edge.com/bv1-13-br/gantry-v2-async-persona-gif-grandmaster.285921aa5444ca1edd66.min.js 
{
  "versionId": 0
}
[04/23/26, 13:38:12:865] info: Apr-23 13:38:12.865 [SERVICE-WORKER] putting asset in cache https://a.slack-edge.com/bv1-13-br/gantry-v2-async-persona-trend-spotter.6bb652906b52842b8445.min.js 
{
  "versionId": 0
}
[04/23/26, 13:38:12:867] info: Apr-23 13:38:12.867 [SERVICE-WORKER] fetching asset https://a.slack-edge.com/bv1-13-br/gantry-v2-async-persona-idea-catalyst.f5a3350767c8f68bbbf0.min.js 
{
  "versionId": 0
}
[04/23/26, 13:38:12:867] info: Apr-23 13:38:12.867 [SERVICE-WORKER] fetching asset https://a.slack-edge.com/bv1-13-br/gantry-v2-async-persona-card-vibe-curator.912eb2dcdaa0d6f4f46a.min.js 
{
  "versionId": 0
}
[04/23/26, 13:38:12:867] info: Apr-23 13:38:12.867 [SERVICE-WORKER] fetching asset https://a.slack-edge.com/bv1-13-br/gantry-v2-async-persona-card-hype-person.d45b3eda8b81ba7c55d5.min.js 
{
  "versionId": 0
}
[04/23/26, 13:38:12:867] info: Apr-23 13:38:12.867 [SERVICE-WORKER] fetching asset https://a.slack-edge.com/bv1-13-br/gantry-v2-async-persona-card-gratitude-attitude.9d72e073822bf2782fd0.min.js 
{
  "versionId": 0
}
[04/23/26, 13:38:12:871] info: Apr-23 13:38:12.871 [SERVICE-WORKER] putting asset in cache https://a.slack-edge.com/bv1-13-br/gantry-v2-async-persona-idea-catalyst.f5a3350767c8f68bbbf0.min.js 
{
  "versionId": 0
}
[04/23/26, 13:38:12:872] info: Apr-23 13:38:12.872 [SERVICE-WORKER] fetching asset https://a.slack-edge.com/bv1-13-br/gantry-v2-async-persona-card-emoji-sommelier.50f006cf9d7a5101a538.min.js 
{
  "versionId": 0
}
[04/23/26, 13:38:12:873] info: Apr-23 13:38:12.873 [SERVICE-WORKER] putting asset in cache https://a.slack-edge.com/bv1-13-br/gantry-v2-async-persona-card-vibe-curator.912eb2dcdaa0d6f4f46a.min.js 
{
  "versionId": 0
}
[04/23/26, 13:38:12:874] info: Apr-23 13:38:12.874 [SERVICE-WORKER] putting asset in cache https://a.slack-edge.com/bv1-13-br/gantry-v2-async-persona-card-gratitude-attitude.9d72e073822bf2782fd0.min.js 
{
  "versionId": 0
}
[04/23/26, 13:38:12:874] info: Apr-23 13:38:12.874 [SERVICE-WORKER] putting asset in cache https://a.slack-edge.com/bv1-13-br/gantry-v2-async-persona-card-hype-person.d45b3eda8b81ba7c55d5.min.js 
{
  "versionId": 0
}
[04/23/26, 13:38:12:876] info: Apr-23 13:38:12.875 [SERVICE-WORKER] fetching asset https://a.slack-edge.com/bv1-13-br/gantry-v2-async-persona-card-knowledge-bank.967e8490d189dd67636d.min.js 
{
  "versionId": 0
}
[04/23/26, 13:38:12:876] info: Apr-23 13:38:12.876 [SERVICE-WORKER] fetching asset https://a.slack-edge.com/bv1-13-br/gantry-v2-async-persona-card-yes-and-artist.89593d18d02643de6e7d.min.js 
{
  "versionId": 0
}
[04/23/26, 13:38:12:876] info: Apr-23 13:38:12.876 [SERVICE-WORKER] fetching asset https://a.slack-edge.com/bv1-13-br/gantry-v2-async-persona-card-clarity-connoisseur.639d339ee71c19a412d0.min.js 
{
  "versionId": 0
}
[04/23/26, 13:38:12:876] info: Apr-23 13:38:12.876 [SERVICE-WORKER] putting asset in cache https://a.slack-edge.com/bv1-13-br/gantry-v2-async-persona-card-emoji-sommelier.50f006cf9d7a5101a538.min.js 
{
  "versionId": 0
}
[04/23/26, 13:38:12:877] info: Apr-23 13:38:12.877 [SERVICE-WORKER] fetching asset https://a.slack-edge.com/bv1-13-br/gantry-v2-async-persona-card-bridge-builder.1053573d459a8b308a30.min.js 
{
  "versionId": 0
}
[04/23/26, 13:38:12:881] info: Apr-23 13:38:12.881 [SERVICE-WORKER] putting asset in cache https://a.slack-edge.com/bv1-13-br/gantry-v2-async-persona-card-knowledge-bank.967e8490d189dd67636d.min.js 
{
  "versionId": 0
}
[04/23/26, 13:38:12:882] info: Apr-23 13:38:12.882 [SERVICE-WORKER] putting asset in cache https://a.slack-edge.com/bv1-13-br/gantry-v2-async-persona-card-bridge-builder.1053573d459a8b308a30.min.js 
{
  "versionId": 0
}
[04/23/26, 13:38:12:883] info: Apr-23 13:38:12.882 [SERVICE-WORKER] putting asset in cache https://a.slack-edge.com/bv1-13-br/gantry-v2-async-persona-card-yes-and-artist.89593d18d02643de6e7d.min.js 
{
  "versionId": 0
}
[04/23/26, 13:38:12:883] info: Apr-23 13:38:12.883 [SERVICE-WORKER] fetching asset https://a.slack-edge.com/bv1-13-br/gantry-v2-async-persona-card-gif-grandmaster.05ced74fd31a1709c6b0.min.js 
{
  "versionId": 0
}
[04/23/26, 13:38:12:883] info: Apr-23 13:38:12.883 [SERVICE-WORKER] putting asset in cache https://a.slack-edge.com/bv1-13-br/gantry-v2-async-persona-card-clarity-connoisseur.639d339ee71c19a412d0.min.js 
{
  "versionId": 0
}
[04/23/26, 13:38:12:884] info: Apr-23 13:38:12.884 [SERVICE-WORKER] fetching asset https://a.slack-edge.com/bv1-13-br/gantry-v2-async-persona-card-trend-spotter.cc532619387afbd87197.min.js 
{
  "versionId": 0
}
[04/23/26, 13:38:12:884] info: Apr-23 13:38:12.884 [SERVICE-WORKER] fetching asset https://a.slack-edge.com/bv1-13-br/gantry-v2-async-persona-card-idea-catalyst.e2b10fecfb2a3c35f45c.min.js 
{
  "versionId": 0
}
[04/23/26, 13:38:12:886] info: Apr-23 13:38:12.886 [SERVICE-WORKER] fetching asset https://a.slack-edge.com/bv1-13-br/gantry-v2-async-slack-kit-debug.4ba97e3aef40b089a697.min.css 
{
  "versionId": 0
}
[04/23/26, 13:38:12:888] info: Apr-23 13:38:12.888 [SERVICE-WORKER] putting asset in cache https://a.slack-edge.com/bv1-13-br/gantry-v2-async-persona-card-gif-grandmaster.05ced74fd31a1709c6b0.min.js 
{
  "versionId": 0
}
[04/23/26, 13:38:12:888] info: Apr-23 13:38:12.888 [SERVICE-WORKER] putting asset in cache https://a.slack-edge.com/bv1-13-br/gantry-v2-async-persona-card-trend-spotter.cc532619387afbd87197.min.js 
{
  "versionId": 0
}
[04/23/26, 13:38:12:889] info: Apr-23 13:38:12.888 [SERVICE-WORKER] putting asset in cache https://a.slack-edge.com/bv1-13-br/gantry-v2-async-persona-card-idea-catalyst.e2b10fecfb2a3c35f45c.min.js 
{
  "versionId": 0
}
[04/23/26, 13:38:12:889] info: Apr-23 13:38:12.889 [SERVICE-WORKER] putting asset in cache https://a.slack-edge.com/bv1-13-br/gantry-v2-async-slack-kit-debug.4ba97e3aef40b089a697.min.css 
{
  "versionId": 0
}
[04/23/26, 13:38:12:890] info: Apr-23 13:38:12.890 [SERVICE-WORKER] fetching asset https://a.slack-edge.com/bv1-13-br/gantry-v2-async-layout-debug-overlay.7820b65e5f3f6fb892f5.min.css 
{
  "versionId": 0
}
[04/23/26, 13:38:12:893] info: Apr-23 13:38:12.893 [SERVICE-WORKER] fetching asset https://a.slack-edge.com/bv1-13-br/gantry-v2-async-daily-digest-view.d62c6021b19c010c3546.min.css 
{
  "versionId": 0
}
[04/23/26, 13:38:12:893] info: Apr-23 13:38:12.893 [SERVICE-WORKER] fetching asset https://a.slack-edge.com/bv1-13-br/gantry-v2-async-about-workspace-view.1c131fd2aab4b7741c24.min.css 
{
  "versionId": 0
}
[04/23/26, 13:38:12:893] info: Apr-23 13:38:12.893 [SERVICE-WORKER] fetching asset https://a.slack-edge.com/bv1-13-br/gantry-v2-async-paid-benefits-view.e11961629502a0c147ce.min.css 
{
  "versionId": 0
}
[04/23/26, 13:38:12:895] info: Apr-23 13:38:12.895 [SERVICE-WORKER] putting asset in cache https://a.slack-edge.com/bv1-13-br/gantry-v2-async-layout-debug-overlay.7820b65e5f3f6fb892f5.min.css 
{
  "versionId": 0
}
[04/23/26, 13:38:12:896] info: Apr-23 13:38:12.896 [SERVICE-WORKER] fetching asset https://a.slack-edge.com/bv1-13-br/gantry-v2-async-client-list-record-thread.0a75068fbdf4d9c7a5a6.min.css 
{
  "versionId": 0
}
[04/23/26, 13:38:12:901] info: Apr-23 13:38:12.901 [SERVICE-WORKER] putting asset in cache https://a.slack-edge.com/bv1-13-br/gantry-v2-async-about-workspace-view.1c131fd2aab4b7741c24.min.css 
{
  "versionId": 0
}
[04/23/26, 13:38:12:902] info: Apr-23 13:38:12.902 [SERVICE-WORKER] putting asset in cache https://a.slack-edge.com/bv1-13-br/gantry-v2-async-paid-benefits-view.e11961629502a0c147ce.min.css 
{
  "versionId": 0
}
[04/23/26, 13:38:12:903] info: Apr-23 13:38:12.902 [SERVICE-WORKER] putting asset in cache https://a.slack-edge.com/bv1-13-br/gantry-v2-async-client-list-record-thread.0a75068fbdf4d9c7a5a6.min.css 
{
  "versionId": 0
}
[04/23/26, 13:38:12:903] info: Apr-23 13:38:12.903 [SERVICE-WORKER] putting asset in cache https://a.slack-edge.com/bv1-13-br/gantry-v2-async-daily-digest-view.d62c6021b19c010c3546.min.css 
{
  "versionId": 0
}
[04/23/26, 13:38:12:905] info: Apr-23 13:38:12.905 [SERVICE-WORKER] fetching asset https://a.slack-edge.com/bv1-13-br/gantry-v2-async-client-tableau-details.feed4e0d8369db5054b4.min.css 
{
  "versionId": 0
}
[04/23/26, 13:38:12:905] info: Apr-23 13:38:12.905 [SERVICE-WORKER] fetching asset https://a.slack-edge.com/bv1-13-br/gantry-v2-async-client-list-record-details.006e62ce4db0601f1686.min.css 
{
  "versionId": 0
}
[04/23/26, 13:38:12:905] info: Apr-23 13:38:12.905 [SERVICE-WORKER] fetching asset https://a.slack-edge.com/bv1-13-br/gantry-v2-async-today-unreads-view.c6245125a2a0d8df4de4.min.css 
{
  "versionId": 0
}
[04/23/26, 13:38:12:905] info: Apr-23 13:38:12.905 [SERVICE-WORKER] fetching asset https://a.slack-edge.com/bv1-13-br/gantry-v2-async-today-action-items-view.c6245125a2a0d8df4de4.min.css 
{
  "versionId": 0
}
[04/23/26, 13:38:12:910] info: Apr-23 13:38:12.910 [SERVICE-WORKER] putting asset in cache https://a.slack-edge.com/bv1-13-br/gantry-v2-async-client-tableau-details.feed4e0d8369db5054b4.min.css 
{
  "versionId": 0
}
[04/23/26, 13:38:12:911] info: Apr-23 13:38:12.910 [SERVICE-WORKER] putting asset in cache https://a.slack-edge.com/bv1-13-br/gantry-v2-async-client-list-record-details.006e62ce4db0601f1686.min.css 
{
  "versionId": 0
}
[04/23/26, 13:38:12:911] info: Apr-23 13:38:12.910 [SERVICE-WORKER] putting asset in cache https://a.slack-edge.com/bv1-13-br/gantry-v2-async-today-unreads-view.c6245125a2a0d8df4de4.min.css 
{
  "versionId": 0
}
[04/23/26, 13:38:12:912] info: Apr-23 13:38:12.911 [SERVICE-WORKER] putting asset in cache https://a.slack-edge.com/bv1-13-br/gantry-v2-async-today-action-items-view.c6245125a2a0d8df4de4.min.css 
{
  "versionId": 0
}
[04/23/26, 13:38:12:912] info: Apr-23 13:38:12.912 [SERVICE-WORKER] fetching asset https://a.slack-edge.com/bv1-13-br/gantry-v2-async-today-agenda-view.c6245125a2a0d8df4de4.min.css 
{
  "versionId": 0
}
[04/23/26, 13:38:12:913] info: Apr-23 13:38:12.912 [SERVICE-WORKER] fetching asset https://a.slack-edge.com/bv1-13-br/gantry-v2-async-about-usergroup-view.d4ad3ebe808106152610.min.css 
{
  "versionId": 0
}
[04/23/26, 13:38:12:913] info: Apr-23 13:38:12.913 [SERVICE-WORKER] fetching asset https://a.slack-edge.com/bv1-13-br/gantry-v2-async-activity-system-notification-view.67d883ae085ffbdeacff.min.css 
{
  "versionId": 0
}
[04/23/26, 13:38:12:913] info: Apr-23 13:38:12.913 [SERVICE-WORKER] fetching asset https://a.slack-edge.com/bv1-13-br/gantry-v2-async-activity-later-reminder-details-view.ec55b3883d60eac4e0d0.min.css 
{
  "versionId": 0
}
[04/23/26, 13:38:12:919] info: Apr-23 13:38:12.918 [SERVICE-WORKER] putting asset in cache https://a.slack-edge.com/bv1-13-br/gantry-v2-async-today-agenda-view.c6245125a2a0d8df4de4.min.css 
{
  "versionId": 0
}
[04/23/26, 13:38:12:919] info: Apr-23 13:38:12.919 [SERVICE-WORKER] putting asset in cache https://a.slack-edge.com/bv1-13-br/gantry-v2-async-about-usergroup-view.d4ad3ebe808106152610.min.css 
{
  "versionId": 0
}
[04/23/26, 13:38:12:919] info: Apr-23 13:38:12.919 [SERVICE-WORKER] putting asset in cache https://a.slack-edge.com/bv1-13-br/gantry-v2-async-activity-later-reminder-details-view.ec55b3883d60eac4e0d0.min.css 
{
  "versionId": 0
}
[04/23/26, 13:38:12:920] info: Apr-23 13:38:12.919 [SERVICE-WORKER] putting asset in cache https://a.slack-edge.com/bv1-13-br/gantry-v2-async-activity-system-notification-view.67d883ae085ffbdeacff.min.css 
{
  "versionId": 0
}
[04/23/26, 13:38:12:921] info: Apr-23 13:38:12.921 [SERVICE-WORKER] fetching asset https://a.slack-edge.com/bv1-13-br/gantry-v2-async-slackbot-ai-upgrade-paywall.592404cf8e3bff4643a4.min.css 
{
  "versionId": 0
}
[04/23/26, 13:38:12:921] info: Apr-23 13:38:12.921 [SERVICE-WORKER] fetching asset https://a.slack-edge.com/bv1-13-br/gantry-v2-async-search-primary-prototype.a6aac77b84069ad6e6b1.min.css 
{
  "versionId": 0
}
[04/23/26, 13:38:12:922] info: Apr-23 13:38:12.921 [SERVICE-WORKER] fetching asset https://a.slack-edge.com/bv1-13-br/gantry-v2-async-widget-detail-view.007f95f8b3635355e6bf.min.css 
{
  "versionId": 0
}
[04/23/26, 13:38:12:922] info: Apr-23 13:38:12.922 [SERVICE-WORKER] fetching asset https://a.slack-edge.com/bv1-13-br/gantry-v2-async-external-workspace-allowed-org-pane-view.467b817b86c7b9c90472.min.css 
{
  "versionId": 0
}
[04/23/26, 13:38:12:926] info: Apr-23 13:38:12.925 [SERVICE-WORKER] putting asset in cache https://a.slack-edge.com/bv1-13-br/gantry-v2-async-slackbot-ai-upgrade-paywall.592404cf8e3bff4643a4.min.css 
{
  "versionId": 0
}
[04/23/26, 13:38:12:926] info: Apr-23 13:38:12.926 [SERVICE-WORKER] putting asset in cache https://a.slack-edge.com/bv1-13-br/gantry-v2-async-search-primary-prototype.a6aac77b84069ad6e6b1.min.css 
{
  "versionId": 0
}
[04/23/26, 13:38:12:927] info: Apr-23 13:38:12.926 [SERVICE-WORKER] putting asset in cache https://a.slack-edge.com/bv1-13-br/gantry-v2-async-external-workspace-allowed-org-pane-view.467b817b86c7b9c90472.min.css 
{
  "versionId": 0
}
[04/23/26, 13:38:12:927] info: Apr-23 13:38:12.927 [SERVICE-WORKER] fetching asset https://a.slack-edge.com/bv1-13-br/gantry-v2-async-client-list-record-history.4a78ab12da8e382a4850.min.css 
{
  "versionId": 0
}
[04/23/26, 13:38:12:928] info: Apr-23 13:38:12.927 [SERVICE-WORKER] putting asset in cache https://a.slack-edge.com/bv1-13-br/gantry-v2-async-widget-detail-view.007f95f8b3635355e6bf.min.css 
{
  "versionId": 0
}
[04/23/26, 13:38:12:928] info: Apr-23 13:38:12.928 [SERVICE-WORKER] fetching asset https://a.slack-edge.com/bv1-13-br/gantry-v2-async-client-list-history.75eb78a008ad5a1a9672.min.css 
{
  "versionId": 0
}
[04/23/26, 13:38:12:928] info: Apr-23 13:38:12.928 [SERVICE-WORKER] fetching asset https://a.slack-edge.com/bv1-13-br/gantry-v2-async-client-work-object.d7a79cf7d7d12d10c777.min.css 
{
  "versionId": 0
}
[04/23/26, 13:38:12:928] info: Apr-23 13:38:12.928 [SERVICE-WORKER] fetching asset https://a.slack-edge.com/bv1-13-br/gantry-v2-async-workflow-details.b7219dec2f92deccee27.min.css 
{
  "versionId": 0
}
[04/23/26, 13:38:12:932] info: Apr-23 13:38:12.932 [SERVICE-WORKER] putting asset in cache https://a.slack-edge.com/bv1-13-br/gantry-v2-async-client-list-record-history.4a78ab12da8e382a4850.min.css 
{
  "versionId": 0
}
[04/23/26, 13:38:12:932] info: Apr-23 13:38:12.932 [SERVICE-WORKER] putting asset in cache https://a.slack-edge.com/bv1-13-br/gantry-v2-async-client-list-history.75eb78a008ad5a1a9672.min.css 
{
  "versionId": 0
}
[04/23/26, 13:38:12:933] info: Apr-23 13:38:12.933 [SERVICE-WORKER] putting asset in cache https://a.slack-edge.com/bv1-13-br/gantry-v2-async-client-work-object.d7a79cf7d7d12d10c777.min.css 
{
  "versionId": 0
}
[04/23/26, 13:38:12:934] info: Apr-23 13:38:12.934 [SERVICE-WORKER] fetching asset https://a.slack-edge.com/bv1-13-br/gantry-v2-async-app-details.24d3579703a13e830c27.min.css 
{
  "versionId": 0
}
[04/23/26, 13:38:12:934] info: Apr-23 13:38:12.934 [SERVICE-WORKER] fetching asset https://a.slack-edge.com/bv1-13-br/gantry-v2-async-meeting-details-view.17438b395ac0e9d787fe.min.css 
{
  "versionId": 0
}
[04/23/26, 13:38:12:934] info: Apr-23 13:38:12.934 [SERVICE-WORKER] putting asset in cache https://a.slack-edge.com/bv1-13-br/gantry-v2-async-workflow-details.b7219dec2f92deccee27.min.css 
{
  "versionId": 0
}
[04/23/26, 13:38:12:934] info: Apr-23 13:38:12.934 [SERVICE-WORKER] fetching asset https://a.slack-edge.com/bv1-13-br/gantry-v2-async-ai-explain-view.446957085c78c0f126fa.min.css 
{
  "versionId": 0
}
[04/23/26, 13:38:12:935] info: Apr-23 13:38:12.935 [SERVICE-WORKER] fetching asset https://a.slack-edge.com/bv1-13-br/gantry-v2-async-record-related-conversations-list-all-view.d281d98662fc15e438e9.min.css 
{
  "versionId": 0
}
[04/23/26, 13:38:12:939] info: Apr-23 13:38:12.939 [SERVICE-WORKER] putting asset in cache https://a.slack-edge.com/bv1-13-br/gantry-v2-async-app-details.24d3579703a13e830c27.min.css 
{
  "versionId": 0
}
[04/23/26, 13:38:12:940] info: Apr-23 13:38:12.939 [SERVICE-WORKER] putting asset in cache https://a.slack-edge.com/bv1-13-br/gantry-v2-async-ai-explain-view.446957085c78c0f126fa.min.css 
{
  "versionId": 0
}
[04/23/26, 13:38:12:941] info: Apr-23 13:38:12.941 [SERVICE-WORKER] fetching asset https://a.slack-edge.com/bv1-13-br/gantry-v2-async-today-agenda-detail-view.b721449f9a51a0c3efe2.min.css 
{
  "versionId": 0
}
[04/23/26, 13:38:12:941] info: Apr-23 13:38:12.941 [SERVICE-WORKER] fetching asset https://a.slack-edge.com/bv1-13-br/gantry-v2-async-more-todos-sidebar-view.02d9434370e2ca142b50.min.css 
{
  "versionId": 0
}
[04/23/26, 13:38:12:942] info: Apr-23 13:38:12.942 [SERVICE-WORKER] putting asset in cache https://a.slack-edge.com/bv1-13-br/gantry-v2-async-meeting-details-view.17438b395ac0e9d787fe.min.css 
{
  "versionId": 0
}
[04/23/26, 13:38:12:942] info: Apr-23 13:38:12.942 [SERVICE-WORKER] putting asset in cache https://a.slack-edge.com/bv1-13-br/gantry-v2-async-record-related-conversations-list-all-view.d281d98662fc15e438e9.min.css 
{
  "versionId": 0
}
[04/23/26, 13:38:12:943] info: Apr-23 13:38:12.943 [SERVICE-WORKER] fetching asset https://a.slack-edge.com/bv1-13-br/gantry-v2-async-unified-files-sidebar-view.4bf4ec67cef3d10d64e4.min.css 
{
  "versionId": 0
}
[04/23/26, 13:38:12:943] info: Apr-23 13:38:12.943 [SERVICE-WORKER] fetching asset https://a.slack-edge.com/bv1-13-br/gantry-v2-async-more-platform-sidebar-view.04e70176b45edfdc692f.min.css 
{
  "versionId": 0
}
[04/23/26, 13:38:12:945] info: Apr-23 13:38:12.945 [SERVICE-WORKER] putting asset in cache https://a.slack-edge.com/bv1-13-br/gantry-v2-async-more-todos-sidebar-view.02d9434370e2ca142b50.min.css 
{
  "versionId": 0
}
[04/23/26, 13:38:12:946] info: Apr-23 13:38:12.946 [SERVICE-WORKER] putting asset in cache https://a.slack-edge.com/bv1-13-br/gantry-v2-async-today-agenda-detail-view.b721449f9a51a0c3efe2.min.css 
{
  "versionId": 0
}
[04/23/26, 13:38:12:947] info: Apr-23 13:38:12.947 [SERVICE-WORKER] fetching asset https://a.slack-edge.com/bv1-13-br/gantry-v2-async-sales-sidebar-view.6ff564f213daf92ba7d9.min.css 
{
  "versionId": 0
}
[04/23/26, 13:38:12:947] info: Apr-23 13:38:12.947 [SERVICE-WORKER] putting asset in cache https://a.slack-edge.com/bv1-13-br/gantry-v2-async-unified-files-sidebar-view.4bf4ec67cef3d10d64e4.min.css 
{
  "versionId": 0
}
[04/23/26, 13:38:12:948] info: Apr-23 13:38:12.947 [SERVICE-WORKER] fetching asset https://a.slack-edge.com/bv1-13-br/gantry-v2-async-external-connections-sidebar-view.02d9434370e2ca142b50.min.css 
{
  "versionId": 0
}
[04/23/26, 13:38:12:948] info: Apr-23 13:38:12.948 [SERVICE-WORKER] putting asset in cache https://a.slack-edge.com/bv1-13-br/gantry-v2-async-more-platform-sidebar-view.04e70176b45edfdc692f.min.css 
{
  "versionId": 0
}
[04/23/26, 13:38:12:949] info: Apr-23 13:38:12.949 [SERVICE-WORKER] fetching asset https://a.slack-edge.com/bv1-13-br/gantry-v2-async-client-dev-tools-panel.5654621cb72af79bbd73.min.css 
{
  "versionId": 0
}
[04/23/26, 13:38:12:950] info: Apr-23 13:38:12.950 [SERVICE-WORKER] fetching asset https://a.slack-edge.com/bv1-13-br/gantry-v2-async-tasks-vision-wasm.fd464b7ee061575f8911.min.js 
{
  "versionId": 0
}
[04/23/26, 13:38:12:956] info: Apr-23 13:38:12.955 [SERVICE-WORKER] putting asset in cache https://a.slack-edge.com/bv1-13-br/gantry-v2-async-external-connections-sidebar-view.02d9434370e2ca142b50.min.css 
{
  "versionId": 0
}
[04/23/26, 13:38:12:956] info: Apr-23 13:38:12.956 [SERVICE-WORKER] putting asset in cache https://a.slack-edge.com/bv1-13-br/gantry-v2-async-sales-sidebar-view.6ff564f213daf92ba7d9.min.css 
{
  "versionId": 0
}
[04/23/26, 13:38:12:956] info: Apr-23 13:38:12.956 [SERVICE-WORKER] putting asset in cache https://a.slack-edge.com/bv1-13-br/gantry-v2-async-client-dev-tools-panel.5654621cb72af79bbd73.min.css 
{
  "versionId": 0
}
[04/23/26, 13:38:12:957] info: Apr-23 13:38:12.957 [SERVICE-WORKER] putting asset in cache https://a.slack-edge.com/bv1-13-br/gantry-v2-async-tasks-vision-wasm.fd464b7ee061575f8911.min.js 
{
  "versionId": 0
}
[04/23/26, 13:38:12:958] info: Apr-23 13:38:12.958 [SERVICE-WORKER] fetching asset https://a.slack-edge.com/bv1-13-br/vision_wasm_internal.4ec536daf3cc5c568246.bin.js 
{
  "versionId": 0
}
[04/23/26, 13:38:12:959] info: Apr-23 13:38:12.958 [SERVICE-WORKER] fetching asset https://a.slack-edge.com/bv1-13-br/vision_wasm_nosimd_internal.0c0d53de2186240b216d.bin.js 
{
  "versionId": 0
}
[04/23/26, 13:38:12:959] info: Apr-23 13:38:12.959 [SERVICE-WORKER] fetching asset https://a.slack-edge.com/bv1-13-br/gantry-v2-async-workflow-builder-page-edit-hermes-workflow.a458f4a9bd4cdd1e8adb.min.css 
{
  "versionId": 0
}
[04/23/26, 13:38:12:960] info: Apr-23 13:38:12.959 [SERVICE-WORKER] fetching asset https://a.slack-edge.com/bv1-13-br/gantry-v2-async-workflow-builder-page-workflow-deleted.6e6768a91bda5e719d1f.min.css 
{
  "versionId": 0
}
[04/23/26, 13:38:12:963] info: Apr-23 13:38:12.963 [SERVICE-WORKER] putting asset in cache https://a.slack-edge.com/bv1-13-br/vision_wasm_internal.4ec536daf3cc5c568246.bin.js 
{
  "versionId": 0
}
[04/23/26, 13:38:12:965] info: Apr-23 13:38:12.965 [SERVICE-WORKER] putting asset in cache https://a.slack-edge.com/bv1-13-br/vision_wasm_nosimd_internal.0c0d53de2186240b216d.bin.js 
{
  "versionId": 0
}
[04/23/26, 13:38:12:965] info: Apr-23 13:38:12.965 [SERVICE-WORKER] putting asset in cache https://a.slack-edge.com/bv1-13-br/gantry-v2-async-workflow-builder-page-edit-hermes-workflow.a458f4a9bd4cdd1e8adb.min.css 
{
  "versionId": 0
}
[04/23/26, 13:38:12:967] info: Apr-23 13:38:12.966 [SERVICE-WORKER] putting asset in cache https://a.slack-edge.com/bv1-13-br/gantry-v2-async-workflow-builder-page-workflow-deleted.6e6768a91bda5e719d1f.min.css 
{
  "versionId": 0
}
[04/23/26, 13:38:12:968] info: Apr-23 13:38:12.968 [SERVICE-WORKER] fetching asset https://a.slack-edge.com/bv1-13-br/gantry-v2-async-workflow-builder-page-workflow-list.41cd5291d3bc0c464176.min.css 
{
  "versionId": 0
}
[04/23/26, 13:38:12:968] info: Apr-23 13:38:12.968 [SERVICE-WORKER] fetching asset https://a.slack-edge.com/bv1-13-br/gantry-v2-async-workflow-builder-page-integrations.a33536714fe923a044a2.min.css 
{
  "versionId": 0
}
[04/23/26, 13:38:12:969] info: Apr-23 13:38:12.968 [SERVICE-WORKER] fetching asset https://a.slack-edge.com/bv1-13-br/gantry-v2-async-workflow-builder-page-url-error.5fdf37ec0047d5469755.min.css 
{
  "versionId": 0
}
[04/23/26, 13:38:12:969] info: Apr-23 13:38:12.969 [SERVICE-WORKER] fetching asset https://a.slack-edge.com/bv1-13-br/gantry-v2-async-workflow-builder-template-selection-workflow.d9f5350ece0b35c23ef4.min.css 
{
  "versionId": 0
}
[04/23/26, 13:38:12:973] info: Apr-23 13:38:12.972 [SERVICE-WORKER] putting asset in cache https://a.slack-edge.com/bv1-13-br/gantry-v2-async-workflow-builder-page-workflow-list.41cd5291d3bc0c464176.min.css 
{
  "versionId": 0
}
[04/23/26, 13:38:12:973] info: Apr-23 13:38:12.973 [SERVICE-WORKER] putting asset in cache https://a.slack-edge.com/bv1-13-br/gantry-v2-async-workflow-builder-page-integrations.a33536714fe923a044a2.min.css 
{
  "versionId": 0
}
[04/23/26, 13:38:12:974] info: Apr-23 13:38:12.974 [SERVICE-WORKER] putting asset in cache https://a.slack-edge.com/bv1-13-br/gantry-v2-async-workflow-builder-template-selection-workflow.d9f5350ece0b35c23ef4.min.css 
{
  "versionId": 0
}
[04/23/26, 13:38:12:974] info: Apr-23 13:38:12.974 [SERVICE-WORKER] fetching asset https://a.slack-edge.com/bv1-13-br/gantry-v2-async-workflow-builder-template-edit.064cbdea68e11b41d0c1.min.css 
{
  "versionId": 0
}
[04/23/26, 13:38:12:974] info: Apr-23 13:38:12.974 [SERVICE-WORKER] fetching asset https://a.slack-edge.com/bv1-13-br/gantry-v2-async-workflow-builder-page-agent.bfda16c2d3098df204fc.min.css 
{
  "versionId": 0
}
[04/23/26, 13:38:12:975] info: Apr-23 13:38:12.975 [SERVICE-WORKER] putting asset in cache https://a.slack-edge.com/bv1-13-br/gantry-v2-async-workflow-builder-page-url-error.5fdf37ec0047d5469755.min.css 
{
  "versionId": 0
}
[04/23/26, 13:38:12:977] info: Apr-23 13:38:12.977 [SERVICE-WORKER] fetching asset https://a.slack-edge.com/bv1-13-br/gantry-v2-async-workflow-builder-segment-form-loop.483dd39dbbbc98057e83.min.css 
{
  "versionId": 0
}
[04/23/26, 13:38:12:977] info: Apr-23 13:38:12.977 [SERVICE-WORKER] fetching asset https://a.slack-edge.com/bv1-13-br/gantry-v2-async-workflow-builder-segment-form-slack-function-form.5c5e38611cf10b6a2282.min.css 
{
  "versionId": 0
}
[04/23/26, 13:38:12:979] info: Apr-23 13:38:12.978 [SERVICE-WORKER] putting asset in cache https://a.slack-edge.com/bv1-13-br/gantry-v2-async-workflow-builder-template-edit.064cbdea68e11b41d0c1.min.css 
{
  "versionId": 0
}
[04/23/26, 13:38:12:979] info: Apr-23 13:38:12.979 [SERVICE-WORKER] putting asset in cache https://a.slack-edge.com/bv1-13-br/gantry-v2-async-workflow-builder-page-agent.bfda16c2d3098df204fc.min.css 
{
  "versionId": 0
}
[04/23/26, 13:38:12:980] info: Apr-23 13:38:12.980 [SERVICE-WORKER] putting asset in cache https://a.slack-edge.com/bv1-13-br/gantry-v2-async-workflow-builder-segment-form-loop.483dd39dbbbc98057e83.min.css 
{
  "versionId": 0
}
[04/23/26, 13:38:12:981] info: Apr-23 13:38:12.980 [SERVICE-WORKER] fetching asset https://a.slack-edge.com/bv1-13-br/gantry-v2-async-workflow-builder-segment-form-switch.ad8d5d8f636cbab7ac32.min.css 
{
  "versionId": 0
}
[04/23/26, 13:38:12:981] info: Apr-23 13:38:12.981 [SERVICE-WORKER] fetching asset https://a.slack-edge.com/bv1-13-br/gantry-v2-async-workflow-builder-segment-form-third-party-event.c34e44a2f8e8e40dbbc0.min.css 
{
  "versionId": 0
}
[04/23/26, 13:38:12:981] info: Apr-23 13:38:12.981 [SERVICE-WORKER] fetching asset https://a.slack-edge.com/bv1-13-br/gantry-v2-async-workflow-builder-segment-form-hermes-scheduled.e6ccdf652ab261867870.min.css 
{
  "versionId": 0
}
[04/23/26, 13:38:12:985] info: Apr-23 13:38:12.985 [SERVICE-WORKER] putting asset in cache https://a.slack-edge.com/bv1-13-br/gantry-v2-async-workflow-builder-segment-form-slack-function-form.5c5e38611cf10b6a2282.min.css 
{
  "versionId": 0
}
[04/23/26, 13:38:12:986] info: Apr-23 13:38:12.986 [SERVICE-WORKER] fetching asset https://a.slack-edge.com/bv1-13-br/gantry-v2-async-workflow-builder-segment-form-hermes-webhook.e063e1677cc083704c5f.min.css 
{
  "versionId": 0
}
[04/23/26, 13:38:12:988] info: Apr-23 13:38:12.988 [SERVICE-WORKER] putting asset in cache https://a.slack-edge.com/bv1-13-br/gantry-v2-async-workflow-builder-segment-form-third-party-event.c34e44a2f8e8e40dbbc0.min.css 
{
  "versionId": 0
}
[04/23/26, 13:38:12:988] info: Apr-23 13:38:12.988 [SERVICE-WORKER] putting asset in cache https://a.slack-edge.com/bv1-13-br/gantry-v2-async-workflow-builder-segment-form-switch.ad8d5d8f636cbab7ac32.min.css 
{
  "versionId": 0
}
[04/23/26, 13:38:12:989] info: Apr-23 13:38:12.988 [SERVICE-WORKER] putting asset in cache https://a.slack-edge.com/bv1-13-br/gantry-v2-async-workflow-builder-segment-form-hermes-scheduled.e6ccdf652ab261867870.min.css 
{
  "versionId": 0
}
[04/23/26, 13:38:12:990] info: Apr-23 13:38:12.990 [SERVICE-WORKER] putting asset in cache https://a.slack-edge.com/bv1-13-br/gantry-v2-async-workflow-builder-segment-form-hermes-webhook.e063e1677cc083704c5f.min.css 
{
  "versionId": 0
}
[04/23/26, 13:38:12:990] info: Apr-23 13:38:12.990 [SERVICE-WORKER] fetching asset https://a.slack-edge.com/bv1-13-br/gantry-v2-async-workflow-builder-segment-form-shortcut.9f1e23d44c90379125e5.min.css 
{
  "versionId": 0
}
[04/23/26, 13:38:12:990] info: Apr-23 13:38:12.990 [SERVICE-WORKER] fetching asset https://a.slack-edge.com/bv1-13-br/gantry-v2-async-workflow-builder-segment-form-slack-event.a1f3a8390c5d098190bc.min.css 
{
  "versionId": 0
}
[04/23/26, 13:38:12:991] info: Apr-23 13:38:12.991 [SERVICE-WORKER] fetching asset https://a.slack-edge.com/bv1-13-br/client-boot-styles.100fe02951a906866480.min.css 
{
  "versionId": 0
}
[04/23/26, 13:38:12:991] info: Apr-23 13:38:12.991 [SERVICE-WORKER] fetching asset https://a.slack-edge.com/bv1-13-br/workflow-builder-boot-styles.46e0e88a4cfdf71369c8.min.css 
{
  "versionId": 0
}
[04/23/26, 13:38:12:994] info: Apr-23 13:38:12.994 [SERVICE-WORKER] putting asset in cache https://a.slack-edge.com/bv1-13-br/gantry-v2-async-workflow-builder-segment-form-shortcut.9f1e23d44c90379125e5.min.css 
{
  "versionId": 0
}
[04/23/26, 13:38:12:995] info: Apr-23 13:38:12.995 [SERVICE-WORKER] putting asset in cache https://a.slack-edge.com/bv1-13-br/client-boot-styles.100fe02951a906866480.min.css 
{
  "versionId": 0
}
[04/23/26, 13:38:12:995] info: Apr-23 13:38:12.995 [SERVICE-WORKER] fetching asset https://a.slack-edge.com/bv1-13-br/selfie_segmentation_solution_simd_wasm_bin.0e7b9ccf311c3e953191.bin.js 
{
  "versionId": 0
}
[04/23/26, 13:38:13:002] info: Apr-23 13:38:13.001 [SERVICE-WORKER] putting asset in cache https://a.slack-edge.com/bv1-13-br/gantry-v2-async-workflow-builder-segment-form-slack-event.a1f3a8390c5d098190bc.min.css 
{
  "versionId": 0
}
[04/23/26, 13:38:13:003] info: Apr-23 13:38:13.002 [SERVICE-WORKER] putting asset in cache https://a.slack-edge.com/bv1-13-br/workflow-builder-boot-styles.46e0e88a4cfdf71369c8.min.css 
{
  "versionId": 0
}
[04/23/26, 13:38:13:003] info: Apr-23 13:38:13.003 [SERVICE-WORKER] fetching asset https://a.slack-edge.com/bv1-13-br/selfie_segmentation_solution_wasm_bin.f87d09d7c30321df692e.bin.js 
{
  "versionId": 0
}
[04/23/26, 13:38:13:008] info: Apr-23 13:38:13.007 [SERVICE-WORKER] putting asset in cache https://a.slack-edge.com/bv1-13-br/selfie_segmentation_solution_simd_wasm_bin.0e7b9ccf311c3e953191.bin.js 
{
  "versionId": 0
}
[04/23/26, 13:38:13:013] info: Apr-23 13:38:13.012 [SERVICE-WORKER] fetching asset https://a.slack-edge.com/bv1-13-br/client-boot.814ab3c8cbeae72d5069.min.js 
{
  "versionId": 0
}
[04/23/26, 13:38:13:025] info: Apr-23 13:38:13.025 [SERVICE-WORKER] putting asset in cache https://a.slack-edge.com/bv1-13-br/selfie_segmentation_solution_wasm_bin.f87d09d7c30321df692e.bin.js 
{
  "versionId": 0
}
[04/23/26, 13:38:13:028] info: Apr-23 13:38:13.027 [SERVICE-WORKER] fetching asset https://a.slack-edge.com/bv1-13-br/workflow-builder-boot.506232ea40d490249c43.min.js 
{
  "versionId": 0
}
[04/23/26, 13:38:13:028] info: Apr-23 13:38:13.028 [SERVICE-WORKER] fetching asset https://a.slack-edge.com/bv1-13-br/gantry-v2-manifest.58a4a4a3ed42bee2b88a.min.js 
{
  "versionId": 0
}
[04/23/26, 13:38:13:030] info: Apr-23 13:38:13.030 [SERVICE-WORKER] putting asset in cache https://a.slack-edge.com/bv1-13-br/client-boot.814ab3c8cbeae72d5069.min.js 
{
  "versionId": 0
}
[04/23/26, 13:38:13:036] info: Apr-23 13:38:13.035 [SERVICE-WORKER] fetching asset https://a.slack-edge.com/bv1-13-br/gantry-v2-async-gantry-v2-default-boot-apis.7a7e3b79ab12b440ad36.min.js 
{
  "versionId": 0
}
[04/23/26, 13:38:13:041] info: Apr-23 13:38:13.041 [SERVICE-WORKER] putting asset in cache https://a.slack-edge.com/bv1-13-br/workflow-builder-boot.506232ea40d490249c43.min.js 
{
  "versionId": 0
}
[04/23/26, 13:38:13:041] info: Apr-23 13:38:13.041 [SERVICE-WORKER] putting asset in cache https://a.slack-edge.com/bv1-13-br/gantry-v2-manifest.58a4a4a3ed42bee2b88a.min.js 
{
  "versionId": 0
}
[04/23/26, 13:38:13:043] info: Apr-23 13:38:13.043 [SERVICE-WORKER] putting asset in cache https://a.slack-edge.com/bv1-13-br/gantry-v2-async-gantry-v2-default-boot-apis.7a7e3b79ab12b440ad36.min.js 
{
  "versionId": 0
}
[04/23/26, 13:38:13:043] info: Apr-23 13:38:13.043 [SERVICE-WORKER] fetching asset https://a.slack-edge.com/bv1-13-br/gantry-v2-async-gantry-v2-default-boot-data.634703e729338eb3ed88.min.js 
{
  "versionId": 0
}
[04/23/26, 13:38:13:044] info: Apr-23 13:38:13.044 [SERVICE-WORKER] fetching asset https://a.slack-edge.com/bv1-13-br/gantry-v2-async-gantry-v2-default-boot-render.a766b3790bc612c29715.min.js 
{
  "versionId": 0
}
[04/23/26, 13:38:13:047] info: Apr-23 13:38:13.047 [SERVICE-WORKER] fetching asset https://a.slack-edge.com/bv1-13-br/gantry-v2-async-gantry-v2-default-boot-shared.bc3d2d2fb89431dbb068.min.js 
{
  "versionId": 0
}
[04/23/26, 13:38:13:048] info: Apr-23 13:38:13.047 [SERVICE-WORKER] fetching asset https://a.slack-edge.com/bv1-13-br/gantry-v2-async-gantry-v2-default-boot-deferred.4b263c56ecf768b5a7a8.min.js 
{
  "versionId": 0
}
[04/23/26, 13:38:13:048] info: Apr-23 13:38:13.048 [SERVICE-WORKER] putting asset in cache https://a.slack-edge.com/bv1-13-br/gantry-v2-async-gantry-v2-default-boot-data.634703e729338eb3ed88.min.js 
{
  "versionId": 0
}
[04/23/26, 13:38:13:049] info: Apr-23 13:38:13.049 [SERVICE-WORKER] putting asset in cache https://a.slack-edge.com/bv1-13-br/gantry-v2-async-gantry-v2-default-boot-render.a766b3790bc612c29715.min.js 
{
  "versionId": 0
}
[04/23/26, 13:38:13:050] info: Apr-23 13:38:13.049 [SERVICE-WORKER] fetching asset https://a.slack-edge.com/bv1-13-br/gantry-v2-async-lottie-web.ef131b18112747edbdef.min.js 
{
  "versionId": 0
}
[04/23/26, 13:38:13:050] info: Apr-23 13:38:13.050 [SERVICE-WORKER] fetching asset https://a.slack-edge.com/bv1-13-br/gantry-v2-async-client-boot-data.6db3e007a3796c630074.min.js 
{
  "versionId": 0
}
[04/23/26, 13:38:13:053] info: Apr-23 13:38:13.053 [SERVICE-WORKER] putting asset in cache https://a.slack-edge.com/bv1-13-br/gantry-v2-async-gantry-v2-default-boot-deferred.4b263c56ecf768b5a7a8.min.js 
{
  "versionId": 0
}
[04/23/26, 13:38:13:053] info: Apr-23 13:38:13.053 [SERVICE-WORKER] putting asset in cache https://a.slack-edge.com/bv1-13-br/gantry-v2-async-gantry-v2-default-boot-shared.bc3d2d2fb89431dbb068.min.js 
{
  "versionId": 0
}
[04/23/26, 13:38:13:054] info: Apr-23 13:38:13.054 [SERVICE-WORKER] putting asset in cache https://a.slack-edge.com/bv1-13-br/gantry-v2-async-lottie-web.ef131b18112747edbdef.min.js 
{
  "versionId": 0
}
[04/23/26, 13:38:13:054] info: Apr-23 13:38:13.054 [SERVICE-WORKER] fetching asset https://a.slack-edge.com/bv1-13-br/gantry-v2-async-client-boot-apis.b59102fb5ad213b33d26.min.js 
{
  "versionId": 0
}
[04/23/26, 13:38:13:055] info: Apr-23 13:38:13.054 [SERVICE-WORKER] fetching asset https://a.slack-edge.com/bv1-13-br/gantry-v2-async-client-boot-render.fb8aec14f4824331e01c.min.js 
{
  "versionId": 0
}
[04/23/26, 13:38:13:056] info: Apr-23 13:38:13.056 [SERVICE-WORKER] putting asset in cache https://a.slack-edge.com/bv1-13-br/gantry-v2-async-client-boot-data.6db3e007a3796c630074.min.js 
{
  "versionId": 0
}
[04/23/26, 13:38:13:058] info: Apr-23 13:38:13.057 [SERVICE-WORKER] fetching asset https://a.slack-edge.com/bv1-13-br/gantry-v2-async-client-boot-deferred.5acc4cdd554e3a69effc.min.js 
{
  "versionId": 0
}
[04/23/26, 13:38:13:058] info: Apr-23 13:38:13.058 [SERVICE-WORKER] fetching asset https://a.slack-edge.com/bv1-13-br/gantry-v2-async-workflow-builder-boot-render.044daa09b8cee7e07756.min.js 
{
  "versionId": 0
}
[04/23/26, 13:38:13:060] info: Apr-23 13:38:13.060 [SERVICE-WORKER] putting asset in cache https://a.slack-edge.com/bv1-13-br/gantry-v2-async-client-boot-apis.b59102fb5ad213b33d26.min.js 
{
  "versionId": 0
}
[04/23/26, 13:38:13:060] info: Apr-23 13:38:13.060 [SERVICE-WORKER] putting asset in cache https://a.slack-edge.com/bv1-13-br/gantry-v2-async-client-boot-render.fb8aec14f4824331e01c.min.js 
{
  "versionId": 0
}
[04/23/26, 13:38:13:061] info: Apr-23 13:38:13.061 [SERVICE-WORKER] fetching asset https://a.slack-edge.com/bv1-13-br/gantry-v2-async-workflow-builder-boot-data.ed4fee5b0afc771717b3.min.js 
{
  "versionId": 0
}
[04/23/26, 13:38:13:061] info: Apr-23 13:38:13.061 [SERVICE-WORKER] fetching asset https://a.slack-edge.com/bv1-13-br/gantry-v2-async-workflow-builder-boot-apis.e5558af4dba12882276a.min.js 
{
  "versionId": 0
}
[04/23/26, 13:38:13:062] info: Apr-23 13:38:13.062 [SERVICE-WORKER] putting asset in cache https://a.slack-edge.com/bv1-13-br/gantry-v2-async-client-boot-deferred.5acc4cdd554e3a69effc.min.js 
{
  "versionId": 0
}
[04/23/26, 13:38:13:062] info: Apr-23 13:38:13.062 [SERVICE-WORKER] putting asset in cache https://a.slack-edge.com/bv1-13-br/gantry-v2-async-workflow-builder-boot-render.044daa09b8cee7e07756.min.js 
{
  "versionId": 0
}
[04/23/26, 13:38:13:065] info: Apr-23 13:38:13.065 [SERVICE-WORKER] putting asset in cache https://a.slack-edge.com/bv1-13-br/gantry-v2-async-workflow-builder-boot-data.ed4fee5b0afc771717b3.min.js 
{
  "versionId": 0
}
[04/23/26, 13:38:13:066] info: Apr-23 13:38:13.066 [SERVICE-WORKER] putting asset in cache https://a.slack-edge.com/bv1-13-br/gantry-v2-async-workflow-builder-boot-apis.e5558af4dba12882276a.min.js 
{
  "versionId": 0
}
[04/23/26, 13:38:13:078] info: Apr-23 13:38:13.078 [SERVICE-WORKER] fetching asset https://a.slack-edge.com/bv1-13-br/gantry-v2-async-vendors-node_modules_shiki_dist_wasm_mjs.32bf2126b78925455374.min.js 
{
  "versionId": 0
}
[04/23/26, 13:38:13:082] info: Apr-23 13:38:13.081 [SERVICE-WORKER] fetching asset https://a.slack-edge.com/bv1-13-br/gantry-v2-async-markdown-it.05234d0c9f3f86460cb0.min.js 
{
  "versionId": 0
}
[04/23/26, 13:38:13:082] info: Apr-23 13:38:13.082 [SERVICE-WORKER] fetching asset https://a.slack-edge.com/bv1-13-br/gantry-v2-async-effect-renderer.611cd2386a0c74a0cea7.min.js 
{
  "versionId": 0
}
[04/23/26, 13:38:13:082] info: Apr-23 13:38:13.082 [SERVICE-WORKER] fetching asset https://a.slack-edge.com/bv1-13-br/gantry-v2-async-hls.js.e965251f74066c7f0499.min.js 
{
  "versionId": 0
}
[04/23/26, 13:38:13:083] info: Apr-23 13:38:13.083 [SERVICE-WORKER] putting asset in cache https://a.slack-edge.com/bv1-13-br/gantry-v2-async-vendors-node_modules_shiki_dist_wasm_mjs.32bf2126b78925455374.min.js 
{
  "versionId": 0
}
[04/23/26, 13:38:13:087] info: Apr-23 13:38:13.087 [SERVICE-WORKER] fetching asset https://a.slack-edge.com/bv1-13-br/gantry-v2-async-elevenlabs-client.4aae6dc3a4913526f4b4.min.js 
{
  "versionId": 0
}
[04/23/26, 13:38:13:090] info: Apr-23 13:38:13.089 [SERVICE-WORKER] putting asset in cache https://a.slack-edge.com/bv1-13-br/gantry-v2-async-effect-renderer.611cd2386a0c74a0cea7.min.js 
{
  "versionId": 0
}
[04/23/26, 13:38:13:090] info: Apr-23 13:38:13.090 [SERVICE-WORKER] putting asset in cache https://a.slack-edge.com/bv1-13-br/gantry-v2-async-hls.js.e965251f74066c7f0499.min.js 
{
  "versionId": 0
}
[04/23/26, 13:38:13:091] info: Apr-23 13:38:13.091 [SERVICE-WORKER] putting asset in cache https://a.slack-edge.com/bv1-13-br/gantry-v2-async-markdown-it.05234d0c9f3f86460cb0.min.js 
{
  "versionId": 0
}
[04/23/26, 13:38:13:092] info: Apr-23 13:38:13.091 [SERVICE-WORKER] fetching asset https://a.slack-edge.com/bv1-13-br/gantry-v2-async-codemirror-snippet-editor.f7bc0e20a81b99ddd908.min.js 
{
  "versionId": 0
}
[04/23/26, 13:38:13:093] info: Apr-23 13:38:13.093 [SERVICE-WORKER] putting asset in cache https://a.slack-edge.com/bv1-13-br/gantry-v2-async-elevenlabs-client.4aae6dc3a4913526f4b4.min.js 
{
  "versionId": 0
}
[04/23/26, 13:38:13:096] info: Apr-23 13:38:13.095 [SERVICE-WORKER] fetching asset https://a.slack-edge.com/bv1-13-br/gantry-v2-async-prototype-chart-block.41ed7782bdd6e8132647.min.js 
{
  "versionId": 0
}
[04/23/26, 13:38:13:096] info: Apr-23 13:38:13.096 [SERVICE-WORKER] fetching asset https://a.slack-edge.com/bv1-13-br/gantry-v2-async-prototype-widget-block.bc06eb144ffd14ce893e.min.js 
{
  "versionId": 0
}
[04/23/26, 13:38:13:096] info: Apr-23 13:38:13.096 [SERVICE-WORKER] fetching asset https://a.slack-edge.com/bv1-13-br/gantry-v2-async-prototype-mcp-app-block.3dd23474576334d4f916.min.js 
{
  "versionId": 0
}
[04/23/26, 13:38:13:097] info: Apr-23 13:38:13.097 [SERVICE-WORKER] putting asset in cache https://a.slack-edge.com/bv1-13-br/gantry-v2-async-codemirror-snippet-editor.f7bc0e20a81b99ddd908.min.js 
{
  "versionId": 0
}
[04/23/26, 13:38:13:098] info: Apr-23 13:38:13.098 [SERVICE-WORKER] fetching asset https://a.slack-edge.com/bv1-13-br/gantry-v2-async-client-message-action-add-to-list-button-nux.c75c159b34cda94ed622.min.js 
{
  "versionId": 0
}
[04/23/26, 13:38:13:100] info: Apr-23 13:38:13.100 [SERVICE-WORKER] putting asset in cache https://a.slack-edge.com/bv1-13-br/gantry-v2-async-prototype-chart-block.41ed7782bdd6e8132647.min.js 
{
  "versionId": 0
}
[04/23/26, 13:38:13:102] info: Apr-23 13:38:13.101 [SERVICE-WORKER] fetching asset https://a.slack-edge.com/bv1-13-br/gantry-v2-async-client-message-action-add-to-list-menu-item-nux.eea0328e534f96ddc11a.min.js 
{
  "versionId": 0
}
[04/23/26, 13:38:13:102] info: Apr-23 13:38:13.101 [SERVICE-WORKER] putting asset in cache https://a.slack-edge.com/bv1-13-br/gantry-v2-async-prototype-widget-block.bc06eb144ffd14ce893e.min.js 
{
  "versionId": 0
}
[04/23/26, 13:38:13:102] info: Apr-23 13:38:13.102 [SERVICE-WORKER] putting asset in cache https://a.slack-edge.com/bv1-13-br/gantry-v2-async-prototype-mcp-app-block.3dd23474576334d4f916.min.js 
{
  "versionId": 0
}
[04/23/26, 13:38:13:104] info: Apr-23 13:38:13.104 [SERVICE-WORKER] putting asset in cache https://a.slack-edge.com/bv1-13-br/gantry-v2-async-client-message-action-add-to-list-button-nux.c75c159b34cda94ed622.min.js 
{
  "versionId": 0
}
[04/23/26, 13:38:13:104] info: Apr-23 13:38:13.104 [SERVICE-WORKER] fetching asset https://a.slack-edge.com/bv1-13-br/gantry-v2-async-modal-message-stats.fb1ed339316b1153459d.min.js 
{
  "versionId": 0
}
[04/23/26, 13:38:13:104] info: Apr-23 13:38:13.104 [SERVICE-WORKER] fetching asset https://a.slack-edge.com/bv1-13-br/gantry-v2-async-codemirror-lang-1.8893aea42f87d6bede5a.min.js 
{
  "versionId": 0
}
[04/23/26, 13:38:13:105] info: Apr-23 13:38:13.105 [SERVICE-WORKER] fetching asset https://a.slack-edge.com/bv1-13-br/gantry-v2-async-codemirror-lang-3.61d250739c03e760bbb1.min.js 
{
  "versionId": 0
}
[04/23/26, 13:38:13:106] info: Apr-23 13:38:13.106 [SERVICE-WORKER] putting asset in cache https://a.slack-edge.com/bv1-13-br/gantry-v2-async-client-message-action-add-to-list-menu-item-nux.eea0328e534f96ddc11a.min.js 
{
  "versionId": 0
}
[04/23/26, 13:38:13:107] info: Apr-23 13:38:13.107 [SERVICE-WORKER] fetching asset https://a.slack-edge.com/bv1-13-br/gantry-v2-async-codemirror-lang-2.40668a06cada7acb84a1.min.js 
{
  "versionId": 0
}
[04/23/26, 13:38:13:109] info: Apr-23 13:38:13.108 [SERVICE-WORKER] putting asset in cache https://a.slack-edge.com/bv1-13-br/gantry-v2-async-modal-message-stats.fb1ed339316b1153459d.min.js 
{
  "versionId": 0
}
[04/23/26, 13:38:13:109] info: Apr-23 13:38:13.109 [SERVICE-WORKER] putting asset in cache https://a.slack-edge.com/bv1-13-br/gantry-v2-async-codemirror-lang-1.8893aea42f87d6bede5a.min.js 
{
  "versionId": 0
}
[04/23/26, 13:38:13:111] info: Apr-23 13:38:13.110 [SERVICE-WORKER] putting asset in cache https://a.slack-edge.com/bv1-13-br/gantry-v2-async-codemirror-lang-3.61d250739c03e760bbb1.min.js 
{
  "versionId": 0
}
[04/23/26, 13:38:13:111] info: Apr-23 13:38:13.111 [SERVICE-WORKER] fetching asset https://a.slack-edge.com/bv1-13-br/gantry-v2-async-lead-form-codemirror.e8caa4c5087ca2173cf1.min.js 
{
  "versionId": 0
}
[04/23/26, 13:38:13:112] info: Apr-23 13:38:13.112 [SERVICE-WORKER] fetching asset https://a.slack-edge.com/bv1-13-br/gantry-v2-async-canvas-chart-block.f47dd2707d6bd36cb817.min.js 
{
  "versionId": 0
}
[04/23/26, 13:38:13:112] info: Apr-23 13:38:13.112 [SERVICE-WORKER] putting asset in cache https://a.slack-edge.com/bv1-13-br/gantry-v2-async-codemirror-lang-2.40668a06cada7acb84a1.min.js 
{
  "versionId": 0
}
[04/23/26, 13:38:13:114] info: Apr-23 13:38:13.114 [SERVICE-WORKER] fetching asset https://a.slack-edge.com/bv1-13-br/gantry-v2-async-client-ai-workspace-list-banner.ca3fe41847aa6dcf5e5e.min.js 
{
  "versionId": 0
}
[04/23/26, 13:38:13:114] info: Apr-23 13:38:13.114 [SERVICE-WORKER] fetching asset https://a.slack-edge.com/bv1-13-br/gantry-v2-async-client-creator-guided-setup-list-banner.884cbeabad3185ed1f3b.min.js 
{
  "versionId": 0
}
[04/23/26, 13:38:13:116] info: Apr-23 13:38:13.116 [SERVICE-WORKER] putting asset in cache https://a.slack-edge.com/bv1-13-br/gantry-v2-async-lead-form-codemirror.e8caa4c5087ca2173cf1.min.js 
{
  "versionId": 0
}
[04/23/26, 13:38:13:117] info: Apr-23 13:38:13.117 [SERVICE-WORKER] putting asset in cache https://a.slack-edge.com/bv1-13-br/gantry-v2-async-canvas-chart-block.f47dd2707d6bd36cb817.min.js 
{
  "versionId": 0
}
[04/23/26, 13:38:13:118] info: Apr-23 13:38:13.118 [SERVICE-WORKER] fetching asset https://a.slack-edge.com/bv1-13-br/gantry-v2-async-client-ai-workspace-canvas-banner.9698a7d5e7d753a07b9a.min.js 
{
  "versionId": 0
}
[04/23/26, 13:38:13:118] info: Apr-23 13:38:13.118 [SERVICE-WORKER] fetching asset https://a.slack-edge.com/bv1-13-br/gantry-v2-async-client-creator-guided-setup-canvas-banner.22eb675bc6b0fd7aaabf.min.js 
{
  "versionId": 0
}
[04/23/26, 13:38:13:120] info: Apr-23 13:38:13.119 [SERVICE-WORKER] putting asset in cache https://a.slack-edge.com/bv1-13-br/gantry-v2-async-client-ai-workspace-list-banner.ca3fe41847aa6dcf5e5e.min.js 
{
  "versionId": 0
}
[04/23/26, 13:38:13:120] info: Apr-23 13:38:13.120 [SERVICE-WORKER] putting asset in cache https://a.slack-edge.com/bv1-13-br/gantry-v2-async-client-creator-guided-setup-list-banner.884cbeabad3185ed1f3b.min.js 
{
  "versionId": 0
}
[04/23/26, 13:38:13:121] info: Apr-23 13:38:13.121 [SERVICE-WORKER] fetching asset https://a.slack-edge.com/bv1-13-br/gantry-v2-async-sidebar-party-emoji.json.3ae26215bf7021767fa8.min.js 
{
  "versionId": 0
}
[04/23/26, 13:38:13:121] info: Apr-23 13:38:13.121 [SERVICE-WORKER] fetching asset https://a.slack-edge.com/bv1-13-br/gantry-v2-async-client-day-picker-nux-banner.d9af6deca481081d0fe6.min.js 
{
  "versionId": 0
}
[04/23/26, 13:38:13:123] info: Apr-23 13:38:13.123 [SERVICE-WORKER] putting asset in cache https://a.slack-edge.com/bv1-13-br/gantry-v2-async-client-ai-workspace-canvas-banner.9698a7d5e7d753a07b9a.min.js 
{
  "versionId": 0
}
[04/23/26, 13:38:13:124] info: Apr-23 13:38:13.124 [SERVICE-WORKER] fetching asset https://a.slack-edge.com/bv1-13-br/gantry-v2-async-loader.json.ec2c18cc8df2709d15d1.min.js 
{
  "versionId": 0
}
[04/23/26, 13:38:13:124] info: Apr-23 13:38:13.124 [SERVICE-WORKER] putting asset in cache https://a.slack-edge.com/bv1-13-br/gantry-v2-async-client-creator-guided-setup-canvas-banner.22eb675bc6b0fd7aaabf.min.js 
{
  "versionId": 0
}
[04/23/26, 13:38:13:125] info: Apr-23 13:38:13.125 [SERVICE-WORKER] putting asset in cache https://a.slack-edge.com/bv1-13-br/gantry-v2-async-sidebar-party-emoji.json.3ae26215bf7021767fa8.min.js 
{
  "versionId": 0
}
[04/23/26, 13:38:13:125] info: Apr-23 13:38:13.125 [SERVICE-WORKER] fetching asset https://a.slack-edge.com/bv1-13-br/gantry-v2-async-slack-kit-debug.83631a29d89eacaf320a.min.js 
{
  "versionId": 0
}
[04/23/26, 13:38:13:126] info: Apr-23 13:38:13.126 [SERVICE-WORKER] putting asset in cache https://a.slack-edge.com/bv1-13-br/gantry-v2-async-client-day-picker-nux-banner.d9af6deca481081d0fe6.min.js 
{
  "versionId": 0
}
[04/23/26, 13:38:13:127] info: Apr-23 13:38:13.127 [SERVICE-WORKER] fetching asset https://a.slack-edge.com/bv1-13-br/gantry-v2-async-layout-debug-overlay.f5732b13e2298a3f1626.min.js 
{
  "versionId": 0
}
[04/23/26, 13:38:13:127] info: Apr-23 13:38:13.127 [SERVICE-WORKER] fetching asset https://a.slack-edge.com/bv1-13-br/gantry-v2-async-slackbot-headphones.json.253f4d238a9dcc0863e5.min.js 
{
  "versionId": 0
}
[04/23/26, 13:38:13:128] info: Apr-23 13:38:13.128 [SERVICE-WORKER] putting asset in cache https://a.slack-edge.com/bv1-13-br/gantry-v2-async-loader.json.ec2c18cc8df2709d15d1.min.js 
{
  "versionId": 0
}
[04/23/26, 13:38:13:129] info: Apr-23 13:38:13.129 [SERVICE-WORKER] fetching asset https://a.slack-edge.com/bv1-13-br/gantry-v2-async-sparkles-wobbly.json.38211e86aa59fb506f31.min.js 
{
  "versionId": 0
}
[04/23/26, 13:38:13:130] info: Apr-23 13:38:13.130 [SERVICE-WORKER] putting asset in cache https://a.slack-edge.com/bv1-13-br/gantry-v2-async-slack-kit-debug.83631a29d89eacaf320a.min.js 
{
  "versionId": 0
}
[04/23/26, 13:38:13:130] info: Apr-23 13:38:13.130 [SERVICE-WORKER] putting asset in cache https://a.slack-edge.com/bv1-13-br/gantry-v2-async-layout-debug-overlay.f5732b13e2298a3f1626.min.js 
{
  "versionId": 0
}
[04/23/26, 13:38:13:131] info: Apr-23 13:38:13.130 [SERVICE-WORKER] fetching asset https://a.slack-edge.com/bv1-13-br/gantry-v2-async-trick-or-treat.json.58380fc782cdef1a50a8.min.js 
{
  "versionId": 0
}
[04/23/26, 13:38:13:131] info: Apr-23 13:38:13.131 [SERVICE-WORKER] fetching asset https://a.slack-edge.com/bv1-13-br/gantry-v2-async-hauntify-02.json.f68b60e675363899909c.min.js 
{
  "versionId": 0
}
[04/23/26, 13:38:13:132] info: Apr-23 13:38:13.131 [SERVICE-WORKER] putting asset in cache https://a.slack-edge.com/bv1-13-br/gantry-v2-async-slackbot-headphones.json.253f4d238a9dcc0863e5.min.js 
{
  "versionId": 0
}
[04/23/26, 13:38:13:132] info: Apr-23 13:38:13.132 [SERVICE-WORKER] fetching asset https://a.slack-edge.com/bv1-13-br/gantry-v2-async-soap-icon.json.3010773b9bca7c7da11c.min.js 
{
  "versionId": 0
}
[04/23/26, 13:38:13:134] info: Apr-23 13:38:13.133 [SERVICE-WORKER] putting asset in cache https://a.slack-edge.com/bv1-13-br/gantry-v2-async-sparkles-wobbly.json.38211e86aa59fb506f31.min.js 
{
  "versionId": 0
}
[04/23/26, 13:38:13:134] info: Apr-23 13:38:13.134 [SERVICE-WORKER] fetching asset https://a.slack-edge.com/bv1-13-br/gantry-v2-async-bubbles-full-screen.json.3027b116a3d99d670304.min.js 
{
  "versionId": 0
}
[04/23/26, 13:38:13:135] info: Apr-23 13:38:13.135 [SERVICE-WORKER] putting asset in cache https://a.slack-edge.com/bv1-13-br/gantry-v2-async-trick-or-treat.json.58380fc782cdef1a50a8.min.js 
{
  "versionId": 0
}
[04/23/26, 13:38:13:135] info: Apr-23 13:38:13.135 [SERVICE-WORKER] fetching asset https://a.slack-edge.com/bv1-13-br/gantry-v2-async-duster-pocket-guide.json.f056102d1b9ecc250daa.min.js 
{
  "versionId": 0
}
[04/23/26, 13:38:13:136] info: Apr-23 13:38:13.136 [SERVICE-WORKER] putting asset in cache https://a.slack-edge.com/bv1-13-br/gantry-v2-async-hauntify-02.json.f68b60e675363899909c.min.js 
{
  "versionId": 0
}
[04/23/26, 13:38:13:137] info: Apr-23 13:38:13.137 [SERVICE-WORKER] putting asset in cache https://a.slack-edge.com/bv1-13-br/gantry-v2-async-soap-icon.json.3010773b9bca7c7da11c.min.js 
{
  "versionId": 0
}
[04/23/26, 13:38:13:137] info: Apr-23 13:38:13.137 [SERVICE-WORKER] fetching asset https://a.slack-edge.com/bv1-13-br/gantry-v2-async-feelings-catcher-heart.a9ae3d58aa0381242eef.min.js 
{
  "versionId": 0
}
[04/23/26, 13:38:13:137] info: Apr-23 13:38:13.137 [SERVICE-WORKER] fetching asset https://a.slack-edge.com/bv1-13-br/gantry-v2-async-client-channel-view.549958f0b299577e1a85.min.js 
{
  "versionId": 0
}
[04/23/26, 13:38:13:138] info: Apr-23 13:38:13.138 [SERVICE-WORKER] putting asset in cache https://a.slack-edge.com/bv1-13-br/gantry-v2-async-bubbles-full-screen.json.3027b116a3d99d670304.min.js 
{
  "versionId": 0
}
[04/23/26, 13:38:13:139] info: Apr-23 13:38:13.139 [SERVICE-WORKER] fetching asset https://a.slack-edge.com/bv1-13-br/gantry-v2-async-client-app-space-view.ee5f9df2354cf83b93fe.min.js 
{
  "versionId": 0
}
[04/23/26, 13:38:13:140] info: Apr-23 13:38:13.140 [SERVICE-WORKER] putting asset in cache https://a.slack-edge.com/bv1-13-br/gantry-v2-async-duster-pocket-guide.json.f056102d1b9ecc250daa.min.js 
{
  "versionId": 0
}
[04/23/26, 13:38:13:141] info: Apr-23 13:38:13.141 [SERVICE-WORKER] fetching asset https://a.slack-edge.com/bv1-13-br/gantry-v2-async-client-tasks-view.a736c9c0514146bfc417.min.js 
{
  "versionId": 0
}
[04/23/26, 13:38:13:142] info: Apr-23 13:38:13.142 [SERVICE-WORKER] putting asset in cache https://a.slack-edge.com/bv1-13-br/gantry-v2-async-feelings-catcher-heart.a9ae3d58aa0381242eef.min.js 
{
  "versionId": 0
}
[04/23/26, 13:38:13:142] info: Apr-23 13:38:13.142 [SERVICE-WORKER] putting asset in cache https://a.slack-edge.com/bv1-13-br/gantry-v2-async-client-channel-view.549958f0b299577e1a85.min.js 
{
  "versionId": 0
}
[04/23/26, 13:38:13:144] info: Apr-23 13:38:13.143 [SERVICE-WORKER] fetching asset https://a.slack-edge.com/bv1-13-br/gantry-v2-async-client-assigned-tasks-view.999898a839646fac0110.min.js 
{
  "versionId": 0
}
[04/23/26, 13:38:13:148] info: Apr-23 13:38:13.148 [SERVICE-WORKER] putting asset in cache https://a.slack-edge.com/bv1-13-br/gantry-v2-async-client-app-space-view.ee5f9df2354cf83b93fe.min.js 
{
  "versionId": 0
}
[04/23/26, 13:38:13:153] info: Apr-23 13:38:13.153 [SERVICE-WORKER] fetching asset https://a.slack-edge.com/bv1-13-br/gantry-v2-async-client-saved-view.c6d85313fd33827f0088.min.js 
{
  "versionId": 0
}
[04/23/26, 13:38:13:157] info: Apr-23 13:38:13.156 [SERVICE-WORKER] putting asset in cache https://a.slack-edge.com/bv1-13-br/gantry-v2-async-client-tasks-view.a736c9c0514146bfc417.min.js 
{
  "versionId": 0
}
[04/23/26, 13:38:13:157] info: Apr-23 13:38:13.157 [SERVICE-WORKER] putting asset in cache https://a.slack-edge.com/bv1-13-br/gantry-v2-async-client-assigned-tasks-view.999898a839646fac0110.min.js 
{
  "versionId": 0
}
[04/23/26, 13:38:13:159] info: Apr-23 13:38:13.159 [SERVICE-WORKER] putting asset in cache https://a.slack-edge.com/bv1-13-br/gantry-v2-async-client-saved-view.c6d85313fd33827f0088.min.js 
{
  "versionId": 0
}
[04/23/26, 13:38:13:162] info: Apr-23 13:38:13.161 [SERVICE-WORKER] fetching asset https://a.slack-edge.com/bv1-13-br/gantry-v2-async-client-reminders-view.7653ec63c0620e0b1da0.min.js 
{
  "versionId": 0
}
[04/23/26, 13:38:13:162] info: Apr-23 13:38:13.161 [SERVICE-WORKER] fetching asset https://a.slack-edge.com/bv1-13-br/gantry-v2-async-client-sales-admin-view.349f670be0f6f7dcd806.min.js 
{
  "versionId": 0
}
[04/23/26, 13:38:13:162] info: Apr-23 13:38:13.162 [SERVICE-WORKER] fetching asset https://a.slack-edge.com/bv1-13-br/gantry-v2-async-client-sales-home-view.7bbc7d204057d330aa03.min.js 
{
  "versionId": 0
}
[04/23/26, 13:38:13:162] info: Apr-23 13:38:13.162 [SERVICE-WORKER] fetching asset https://a.slack-edge.com/bv1-13-br/gantry-v2-async-client-sales-notifications-view.a4a79b93c507282ca9b0.min.js 
{
  "versionId": 0
}
[04/23/26, 13:38:13:166] info: Apr-23 13:38:13.166 [SERVICE-WORKER] putting asset in cache https://a.slack-edge.com/bv1-13-br/gantry-v2-async-client-reminders-view.7653ec63c0620e0b1da0.min.js 
{
  "versionId": 0
}
[04/23/26, 13:38:13:167] info: Apr-23 13:38:13.166 [SERVICE-WORKER] putting asset in cache https://a.slack-edge.com/bv1-13-br/gantry-v2-async-client-sales-admin-view.349f670be0f6f7dcd806.min.js 
{
  "versionId": 0
}
[04/23/26, 13:38:13:168] info: Apr-23 13:38:13.168 [SERVICE-WORKER] fetching asset https://a.slack-edge.com/bv1-13-br/gantry-v2-async-client-sales-home-list-view-browser.86f87fabac78c7972fef.min.js 
{
  "versionId": 0
}
[04/23/26, 13:38:13:168] info: Apr-23 13:38:13.168 [SERVICE-WORKER] putting asset in cache https://a.slack-edge.com/bv1-13-br/gantry-v2-async-client-sales-notifications-view.a4a79b93c507282ca9b0.min.js 
{
  "versionId": 0
}
[04/23/26, 13:38:13:170] info: Apr-23 13:38:13.170 [SERVICE-WORKER] putting asset in cache https://a.slack-edge.com/bv1-13-br/gantry-v2-async-client-sales-home-view.7bbc7d204057d330aa03.min.js 
{
  "versionId": 0
}
[04/23/26, 13:38:13:171] info: Apr-23 13:38:13.171 [SERVICE-WORKER] fetching asset https://a.slack-edge.com/bv1-13-br/gantry-v2-async-client-sales-bulk-grid-view.d78b8301881209e3ed18.min.js 
{
  "versionId": 0
}
[04/23/26, 13:38:13:173] info: Apr-23 13:38:13.173 [SERVICE-WORKER] fetching asset https://a.slack-edge.com/bv1-13-br/gantry-v2-async-client-sales-auto-slack-launchpad-view.0a305530f581e16acb1c.min.js 
{
  "versionId": 0
}
[04/23/26, 13:38:13:173] info: Apr-23 13:38:13.173 [SERVICE-WORKER] fetching asset https://a.slack-edge.com/bv1-13-br/gantry-v2-async-client-thread-view.9bdc027322a45a2fd241.min.js 
{
  "versionId": 0
}
[04/23/26, 13:38:13:173] info: Apr-23 13:38:13.173 [SERVICE-WORKER] putting asset in cache https://a.slack-edge.com/bv1-13-br/gantry-v2-async-client-sales-home-list-view-browser.86f87fabac78c7972fef.min.js 
{
  "versionId": 0
}
[04/23/26, 13:38:13:174] info: Apr-23 13:38:13.174 [SERVICE-WORKER] fetching asset https://a.slack-edge.com/bv1-13-br/gantry-v2-async-client-assistant-home-view.ac24411174afafbe5483.min.js 
{
  "versionId": 0
}
[04/23/26, 13:38:13:176] info: Apr-23 13:38:13.175 [SERVICE-WORKER] putting asset in cache https://a.slack-edge.com/bv1-13-br/gantry-v2-async-client-sales-bulk-grid-view.d78b8301881209e3ed18.min.js 
{
  "versionId": 0
}
[04/23/26, 13:38:13:179] info: Apr-23 13:38:13.178 [SERVICE-WORKER] putting asset in cache https://a.slack-edge.com/bv1-13-br/gantry-v2-async-client-sales-auto-slack-launchpad-view.0a305530f581e16acb1c.min.js 
{
  "versionId": 0
}
[04/23/26, 13:38:13:179] info: Apr-23 13:38:13.179 [SERVICE-WORKER] fetching asset https://a.slack-edge.com/bv1-13-br/gantry-v2-async-client-canvas-thread-view.808b1df6952405db7f61.min.js 
{
  "versionId": 0
}
[04/23/26, 13:38:13:179] info: Apr-23 13:38:13.179 [SERVICE-WORKER] putting asset in cache https://a.slack-edge.com/bv1-13-br/gantry-v2-async-client-thread-view.9bdc027322a45a2fd241.min.js 
{
  "versionId": 0
}
[04/23/26, 13:38:13:180] info: Apr-23 13:38:13.180 [SERVICE-WORKER] putting asset in cache https://a.slack-edge.com/bv1-13-br/gantry-v2-async-client-assistant-home-view.ac24411174afafbe5483.min.js 
{
  "versionId": 0
}
[04/23/26, 13:38:13:180] info: Apr-23 13:38:13.180 [SERVICE-WORKER] fetching asset https://a.slack-edge.com/bv1-13-br/gantry-v2-async-client-profile-view.29d385d02c158ca9868e.min.js 
{
  "versionId": 0
}
[04/23/26, 13:38:13:180] info: Apr-23 13:38:13.180 [SERVICE-WORKER] fetching asset https://a.slack-edge.com/bv1-13-br/gantry-v2-async-daily-digest-view.8e546d173d9e80975719.min.js 
{
  "versionId": 0
}
[04/23/26, 13:38:13:181] info: Apr-23 13:38:13.181 [SERVICE-WORKER] fetching asset https://a.slack-edge.com/bv1-13-br/gantry-v2-async-client-file-details-view.a1e3b4cc694ba4a61d31.min.js 
{
  "versionId": 0
}
[04/23/26, 13:38:13:186] info: Apr-23 13:38:13.186 [SERVICE-WORKER] putting asset in cache https://a.slack-edge.com/bv1-13-br/gantry-v2-async-client-canvas-thread-view.808b1df6952405db7f61.min.js 
{
  "versionId": 0
}
[04/23/26, 13:38:13:187] info: Apr-23 13:38:13.187 [SERVICE-WORKER] putting asset in cache https://a.slack-edge.com/bv1-13-br/gantry-v2-async-client-profile-view.29d385d02c158ca9868e.min.js 
{
  "versionId": 0
}
[04/23/26, 13:38:13:187] info: Apr-23 13:38:13.187 [SERVICE-WORKER] putting asset in cache https://a.slack-edge.com/bv1-13-br/gantry-v2-async-daily-digest-view.8e546d173d9e80975719.min.js 
{
  "versionId": 0
}
[04/23/26, 13:38:13:188] info: Apr-23 13:38:13.188 [SERVICE-WORKER] fetching asset https://a.slack-edge.com/bv1-13-br/gantry-v2-async-client-external-file-view.359cc9bfbe2247cc2291.min.js 
{
  "versionId": 0
}
[04/23/26, 13:38:13:188] info: Apr-23 13:38:13.188 [SERVICE-WORKER] fetching asset https://a.slack-edge.com/bv1-13-br/gantry-v2-async-client-canvas-view.2ec3b679766e71d6775d.min.js 
{
  "versionId": 0
}
[04/23/26, 13:38:13:189] info: Apr-23 13:38:13.189 [SERVICE-WORKER] putting asset in cache https://a.slack-edge.com/bv1-13-br/gantry-v2-async-client-file-details-view.a1e3b4cc694ba4a61d31.min.js 
{
  "versionId": 0
}
[04/23/26, 13:38:13:190] info: Apr-23 13:38:13.190 [SERVICE-WORKER] fetching asset https://a.slack-edge.com/bv1-13-br/gantry-v2-async-client-threads-view.c743d37caf388f1b884c.min.js 
{
  "versionId": 0
}
[04/23/26, 13:38:13:190] info: Apr-23 13:38:13.190 [SERVICE-WORKER] fetching asset https://a.slack-edge.com/bv1-13-br/gantry-v2-async-client-page-view.73793f217e85829a55b8.min.js 
{
  "versionId": 0
}
[04/23/26, 13:38:13:196] info: Apr-23 13:38:13.196 [SERVICE-WORKER] putting asset in cache https://a.slack-edge.com/bv1-13-br/gantry-v2-async-client-external-file-view.359cc9bfbe2247cc2291.min.js 
{
  "versionId": 0
}
[04/23/26, 13:38:13:197] info: Apr-23 13:38:13.196 [SERVICE-WORKER] putting asset in cache https://a.slack-edge.com/bv1-13-br/gantry-v2-async-client-canvas-view.2ec3b679766e71d6775d.min.js 
{
  "versionId": 0
}
[04/23/26, 13:38:13:198] info: Apr-23 13:38:13.198 [SERVICE-WORKER] fetching asset https://a.slack-edge.com/bv1-13-br/gantry-v2-async-client-browse-apps-view.18ff931e24da33f6645f.min.js 
{
  "versionId": 0
}
[04/23/26, 13:38:13:198] info: Apr-23 13:38:13.198 [SERVICE-WORKER] fetching asset https://a.slack-edge.com/bv1-13-br/gantry-v2-async-client-browse-workflows-tabbed-view.b7c474899235aefdaaf3.min.js 
{
  "versionId": 0
}
[04/23/26, 13:38:13:200] info: Apr-23 13:38:13.200 [SERVICE-WORKER] putting asset in cache https://a.slack-edge.com/bv1-13-br/gantry-v2-async-client-page-view.73793f217e85829a55b8.min.js 
{
  "versionId": 0
}
[04/23/26, 13:38:13:202] info: Apr-23 13:38:13.202 [SERVICE-WORKER] putting asset in cache https://a.slack-edge.com/bv1-13-br/gantry-v2-async-client-threads-view.c743d37caf388f1b884c.min.js 
{
  "versionId": 0
}
[04/23/26, 13:38:13:204] info: Apr-23 13:38:13.204 [SERVICE-WORKER] putting asset in cache https://a.slack-edge.com/bv1-13-br/gantry-v2-async-client-browse-apps-view.18ff931e24da33f6645f.min.js 
{
  "versionId": 0
}
[04/23/26, 13:38:13:205] info: Apr-23 13:38:13.205 [SERVICE-WORKER] putting asset in cache https://a.slack-edge.com/bv1-13-br/gantry-v2-async-client-browse-workflows-tabbed-view.b7c474899235aefdaaf3.min.js 
{
  "versionId": 0
}
[04/23/26, 13:38:13:205] info: Apr-23 13:38:13.205 [SERVICE-WORKER] fetching asset https://a.slack-edge.com/bv1-13-br/gantry-v2-async-client-browse-unified-files-view.aa1c6a43c3bab2cef175.min.js 
{
  "versionId": 0
}
[04/23/26, 13:38:13:206] info: Apr-23 13:38:13.206 [SERVICE-WORKER] fetching asset https://a.slack-edge.com/bv1-13-br/gantry-v2-async-client-deleted-unified-files-view.e3b792fc75576cf8ff30.min.js 
{
  "versionId": 0
}
[04/23/26, 13:38:13:207] info: Apr-23 13:38:13.206 [SERVICE-WORKER] fetching asset https://a.slack-edge.com/bv1-13-br/gantry-v2-async-client-solutions-view.f50ba0cb50cfbbce13db.min.js 
{
  "versionId": 0
}
[04/23/26, 13:38:13:207] info: Apr-23 13:38:13.207 [SERVICE-WORKER] fetching asset https://a.slack-edge.com/bv1-13-br/gantry-v2-async-client-agents-view.b9677f6b78f711bd55a5.min.js 
{
  "versionId": 0
}
[04/23/26, 13:38:13:215] info: Apr-23 13:38:13.214 [SERVICE-WORKER] putting asset in cache https://a.slack-edge.com/bv1-13-br/gantry-v2-async-client-solutions-view.f50ba0cb50cfbbce13db.min.js 
{
  "versionId": 0
}
[04/23/26, 13:38:13:215] info: Apr-23 13:38:13.215 [SERVICE-WORKER] putting asset in cache https://a.slack-edge.com/bv1-13-br/gantry-v2-async-client-agents-view.b9677f6b78f711bd55a5.min.js 
{
  "versionId": 0
}
[04/23/26, 13:38:13:215] info: Apr-23 13:38:13.215 [SERVICE-WORKER] putting asset in cache https://a.slack-edge.com/bv1-13-br/gantry-v2-async-client-browse-unified-files-view.aa1c6a43c3bab2cef175.min.js 
{
  "versionId": 0
}
[04/23/26, 13:38:13:216] info: Apr-23 13:38:13.215 [SERVICE-WORKER] putting asset in cache https://a.slack-edge.com/bv1-13-br/gantry-v2-async-client-deleted-unified-files-view.e3b792fc75576cf8ff30.min.js 
{
  "versionId": 0
}
[04/23/26, 13:38:13:218] info: Apr-23 13:38:13.217 [SERVICE-WORKER] fetching asset https://a.slack-edge.com/bv1-13-br/gantry-v2-async-client-agent-browser-view.de500714365e948bc0e2.min.js 
{
  "versionId": 0
}
[04/23/26, 13:38:13:218] info: Apr-23 13:38:13.218 [SERVICE-WORKER] fetching asset https://a.slack-edge.com/bv1-13-br/gantry-v2-async-client-external-people-view.b530da63cbabfa497f45.min.js 
{
  "versionId": 0
}
[04/23/26, 13:38:13:218] info: Apr-23 13:38:13.218 [SERVICE-WORKER] fetching asset https://a.slack-edge.com/bv1-13-br/gantry-v2-async-client-slack-connect-channels-view.160836cbaf996b7cb502.min.js 
{
  "versionId": 0
}
[04/23/26, 13:38:13:219] info: Apr-23 13:38:13.218 [SERVICE-WORKER] fetching asset https://a.slack-edge.com/bv1-13-br/gantry-v2-async-client-browse-external-workpaces-view.68eb2e943bc122d9f62a.min.js 
{
  "versionId": 0
}
[04/23/26, 13:38:13:226] info: Apr-23 13:38:13.225 [SERVICE-WORKER] putting asset in cache https://a.slack-edge.com/bv1-13-br/gantry-v2-async-client-agent-browser-view.de500714365e948bc0e2.min.js 
{
  "versionId": 0
}
[04/23/26, 13:38:13:226] info: Apr-23 13:38:13.225 [SERVICE-WORKER] putting asset in cache https://a.slack-edge.com/bv1-13-br/gantry-v2-async-client-external-people-view.b530da63cbabfa497f45.min.js 
{
  "versionId": 0
}
[04/23/26, 13:38:13:226] info: Apr-23 13:38:13.226 [SERVICE-WORKER] putting asset in cache https://a.slack-edge.com/bv1-13-br/gantry-v2-async-client-browse-external-workpaces-view.68eb2e943bc122d9f62a.min.js 
{
  "versionId": 0
}
[04/23/26, 13:38:13:229] info: Apr-23 13:38:13.228 [SERVICE-WORKER] putting asset in cache https://a.slack-edge.com/bv1-13-br/gantry-v2-async-client-slack-connect-channels-view.160836cbaf996b7cb502.min.js 
{
  "versionId": 0
}
[04/23/26, 13:38:13:229] info: Apr-23 13:38:13.228 [SERVICE-WORKER] fetching asset https://a.slack-edge.com/bv1-13-br/gantry-v2-async-client-workflow-editor-view.d7f7ac1c7c406400c08a.min.js 
{
  "versionId": 0
}
[04/23/26, 13:38:13:229] info: Apr-23 13:38:13.229 [SERVICE-WORKER] fetching asset https://a.slack-edge.com/bv1-13-br/gantry-v2-async-client-workflow-template-editor-view.5708456367e154ec68f3.min.js 
{
  "versionId": 0
}
[04/23/26, 13:38:13:231] info: Apr-23 13:38:13.231 [SERVICE-WORKER] fetching asset https://a.slack-edge.com/bv1-13-br/gantry-v2-async-client-workflow-being-created-view.d097634b832b3338d660.min.js 
{
  "versionId": 0
}
[04/23/26, 13:38:13:231] info: Apr-23 13:38:13.231 [SERVICE-WORKER] fetching asset https://a.slack-edge.com/bv1-13-br/gantry-v2-async-client-recent-platform-view.e7eff54062e6329a7430.min.js 
{
  "versionId": 0
}
[04/23/26, 13:38:13:234] info: Apr-23 13:38:13.234 [SERVICE-WORKER] putting asset in cache https://a.slack-edge.com/bv1-13-br/gantry-v2-async-client-workflow-editor-view.d7f7ac1c7c406400c08a.min.js 
{
  "versionId": 0
}
[04/23/26, 13:38:13:239] info: Apr-23 13:38:13.239 [SERVICE-WORKER] putting asset in cache https://a.slack-edge.com/bv1-13-br/gantry-v2-async-client-workflow-template-editor-view.5708456367e154ec68f3.min.js 
{
  "versionId": 0
}
[04/23/26, 13:38:13:245] info: Apr-23 13:38:13.244 [SERVICE-WORKER] putting asset in cache https://a.slack-edge.com/bv1-13-br/gantry-v2-async-client-workflow-being-created-view.d097634b832b3338d660.min.js 
{
  "versionId": 0
}
[04/23/26, 13:38:13:245] info: Apr-23 13:38:13.245 [SERVICE-WORKER] putting asset in cache https://a.slack-edge.com/bv1-13-br/gantry-v2-async-client-recent-platform-view.e7eff54062e6329a7430.min.js 
{
  "versionId": 0
}
[04/23/26, 13:38:13:246] info: Apr-23 13:38:13.246 [SERVICE-WORKER] fetching asset https://a.slack-edge.com/bv1-13-br/gantry-v2-async-client-slack-connect-view.cdf998fca3d631362696.min.js 
{
  "versionId": 0
}
[04/23/26, 13:38:13:246] info: Apr-23 13:38:13.246 [SERVICE-WORKER] fetching asset https://a.slack-edge.com/bv1-13-br/gantry-v2-async-about-workspace-view.885bdd2303b6f206dc7c.min.js 
{
  "versionId": 0
}
[04/23/26, 13:38:13:252] info: Apr-23 13:38:13.251 [SERVICE-WORKER] fetching asset https://a.slack-edge.com/bv1-13-br/gantry-v2-async-external-workspace-people-browser.fd936636277edc146fc7.min.js 
{
  "versionId": 0
}
[04/23/26, 13:38:13:252] info: Apr-23 13:38:13.252 [SERVICE-WORKER] fetching asset https://a.slack-edge.com/bv1-13-br/gantry-v2-async-external-workspace-channel-browser.bb6bb4adb1a45754c3ba.min.js 
{
  "versionId": 0
}
[04/23/26, 13:38:13:259] info: Apr-23 13:38:13.259 [SERVICE-WORKER] putting asset in cache https://a.slack-edge.com/bv1-13-br/gantry-v2-async-client-slack-connect-view.cdf998fca3d631362696.min.js 
{
  "versionId": 0
}
[04/23/26, 13:38:13:259] info: Apr-23 13:38:13.259 [SERVICE-WORKER] putting asset in cache https://a.slack-edge.com/bv1-13-br/gantry-v2-async-about-workspace-view.885bdd2303b6f206dc7c.min.js 
{
  "versionId": 0
}
[04/23/26, 13:38:13:261] info: Apr-23 13:38:13.261 [SERVICE-WORKER] putting asset in cache https://a.slack-edge.com/bv1-13-br/gantry-v2-async-external-workspace-people-browser.fd936636277edc146fc7.min.js 
{
  "versionId": 0
}
[04/23/26, 13:38:13:261] info: Apr-23 13:38:13.261 [SERVICE-WORKER] putting asset in cache https://a.slack-edge.com/bv1-13-br/gantry-v2-async-external-workspace-channel-browser.bb6bb4adb1a45754c3ba.min.js 
{
  "versionId": 0
}
[04/23/26, 13:38:13:263] info: Apr-23 13:38:13.263 [SERVICE-WORKER] fetching asset https://a.slack-edge.com/bv1-13-br/gantry-v2-async-paid-benefits-view.e7a972829afef56c6720.min.js 
{
  "versionId": 0
}
[04/23/26, 13:38:13:264] info: Apr-23 13:38:13.264 [SERVICE-WORKER] fetching asset https://a.slack-edge.com/bv1-13-br/gantry-v2-async-client-setup-view.0364e85e63241dff91a2.min.js 
{
  "versionId": 0
}
[04/23/26, 13:38:13:265] info: Apr-23 13:38:13.264 [SERVICE-WORKER] fetching asset https://a.slack-edge.com/bv1-13-br/gantry-v2-async-client-search-empty-view.9d49b4f654c1011b6d85.min.js 
{
  "versionId": 0
}
[04/23/26, 13:38:13:265] info: Apr-23 13:38:13.265 [SERVICE-WORKER] fetching asset https://a.slack-edge.com/bv1-13-br/gantry-v2-async-client-activity-empty-view.9b11fcf4c833cafe6022.min.js 
{
  "versionId": 0
}
[04/23/26, 13:38:13:269] info: Apr-23 13:38:13.269 [SERVICE-WORKER] putting asset in cache https://a.slack-edge.com/bv1-13-br/gantry-v2-async-paid-benefits-view.e7a972829afef56c6720.min.js 
{
  "versionId": 0
}
[04/23/26, 13:38:13:271] info: Apr-23 13:38:13.271 [SERVICE-WORKER] putting asset in cache https://a.slack-edge.com/bv1-13-br/gantry-v2-async-client-setup-view.0364e85e63241dff91a2.min.js 
{
  "versionId": 0
}
[04/23/26, 13:38:13:272] info: Apr-23 13:38:13.272 [SERVICE-WORKER] putting asset in cache https://a.slack-edge.com/bv1-13-br/gantry-v2-async-client-search-empty-view.9d49b4f654c1011b6d85.min.js 
{
  "versionId": 0
}
[04/23/26, 13:38:13:273] info: Apr-23 13:38:13.272 [SERVICE-WORKER] putting asset in cache https://a.slack-edge.com/bv1-13-br/gantry-v2-async-client-activity-empty-view.9b11fcf4c833cafe6022.min.js 
{
  "versionId": 0
}
[04/23/26, 13:38:13:274] info: Apr-23 13:38:13.274 [SERVICE-WORKER] fetching asset https://a.slack-edge.com/bv1-13-br/gantry-v2-async-client-list-view.7819e01535925951d4e5.min.js 
{
  "versionId": 0
}
[04/23/26, 13:38:13:275] info: Apr-23 13:38:13.274 [SERVICE-WORKER] fetching asset https://a.slack-edge.com/bv1-13-br/gantry-v2-async-client-list-record-thread.f0df46eb02734ba62c72.min.js 
{
  "versionId": 0
}
[04/23/26, 13:38:13:275] info: Apr-23 13:38:13.275 [SERVICE-WORKER] fetching asset https://a.slack-edge.com/bv1-13-br/gantry-v2-async-client-record-channel-related-list-view.6fcb1bf43e8ba29b476e.min.js 
{
  "versionId": 0
}
[04/23/26, 13:38:13:275] info: Apr-23 13:38:13.275 [SERVICE-WORKER] fetching asset https://a.slack-edge.com/bv1-13-br/gantry-v2-async-client-record-ask-view.c02bd1de996d30b28823.min.js 
{
  "versionId": 0
}
[04/23/26, 13:38:13:279] info: Apr-23 13:38:13.279 [SERVICE-WORKER] putting asset in cache https://a.slack-edge.com/bv1-13-br/gantry-v2-async-client-list-view.7819e01535925951d4e5.min.js 
{
  "versionId": 0
}
[04/23/26, 13:38:13:280] info: Apr-23 13:38:13.279 [SERVICE-WORKER] putting asset in cache https://a.slack-edge.com/bv1-13-br/gantry-v2-async-client-list-record-thread.f0df46eb02734ba62c72.min.js 
{
  "versionId": 0
}
[04/23/26, 13:38:13:280] info: Apr-23 13:38:13.280 [SERVICE-WORKER] putting asset in cache https://a.slack-edge.com/bv1-13-br/gantry-v2-async-client-record-channel-related-list-view.6fcb1bf43e8ba29b476e.min.js 
{
  "versionId": 0
}
[04/23/26, 13:38:13:280] info: Apr-23 13:38:13.280 [SERVICE-WORKER] fetching asset https://a.slack-edge.com/bv1-13-br/gantry-v2-async-client-record-view.5f414cc99d2f797fd1f1.min.js 
{
  "versionId": 0
}
[04/23/26, 13:38:13:281] info: Apr-23 13:38:13.281 [SERVICE-WORKER] fetching asset https://a.slack-edge.com/bv1-13-br/gantry-v2-async-client-work-object-view.258e8a783c4b663967ec.min.js 
{
  "versionId": 0
}
[04/23/26, 13:38:13:282] info: Apr-23 13:38:13.282 [SERVICE-WORKER] putting asset in cache https://a.slack-edge.com/bv1-13-br/gantry-v2-async-client-record-ask-view.c02bd1de996d30b28823.min.js 
{
  "versionId": 0
}
[04/23/26, 13:38:13:285] info: Apr-23 13:38:13.285 [SERVICE-WORKER] fetching asset https://a.slack-edge.com/bv1-13-br/gantry-v2-async-client-tableau-details.a29748fc3717507efad9.min.js 
{
  "versionId": 0
}
[04/23/26, 13:38:13:285] info: Apr-23 13:38:13.285 [SERVICE-WORKER] fetching asset https://a.slack-edge.com/bv1-13-br/gantry-v2-async-client-list-record-details.af94cc8532b256bfff9f.min.js 
{
  "versionId": 0
}
[04/23/26, 13:38:13:288] info: Apr-23 13:38:13.288 [SERVICE-WORKER] putting asset in cache https://a.slack-edge.com/bv1-13-br/gantry-v2-async-client-record-view.5f414cc99d2f797fd1f1.min.js 
{
  "versionId": 0
}
[04/23/26, 13:38:13:290] info: Apr-23 13:38:13.290 [SERVICE-WORKER] putting asset in cache https://a.slack-edge.com/bv1-13-br/gantry-v2-async-client-work-object-view.258e8a783c4b663967ec.min.js 
{
  "versionId": 0
}
[04/23/26, 13:38:13:292] info: Apr-23 13:38:13.292 [SERVICE-WORKER] fetching asset https://a.slack-edge.com/bv1-13-br/gantry-v2-async-client-today-view.b066f5685ac19a940c82.min.js 
{
  "versionId": 0
}
[04/23/26, 13:38:13:293] info: Apr-23 13:38:13.292 [SERVICE-WORKER] putting asset in cache https://a.slack-edge.com/bv1-13-br/gantry-v2-async-client-tableau-details.a29748fc3717507efad9.min.js 
{
  "versionId": 0
}
[04/23/26, 13:38:13:293] info: Apr-23 13:38:13.293 [SERVICE-WORKER] fetching asset https://a.slack-edge.com/bv1-13-br/gantry-v2-async-today-unreads-view.815aa791a936b6f7d9fb.min.js 
{
  "versionId": 0
}
[04/23/26, 13:38:13:294] info: Apr-23 13:38:13.293 [SERVICE-WORKER] putting asset in cache https://a.slack-edge.com/bv1-13-br/gantry-v2-async-client-list-record-details.af94cc8532b256bfff9f.min.js 
{
  "versionId": 0
}
[04/23/26, 13:38:13:294] info: Apr-23 13:38:13.294 [SERVICE-WORKER] fetching asset https://a.slack-edge.com/bv1-13-br/gantry-v2-async-today-action-items-view.b9333042dabd614a30a1.min.js 
{
  "versionId": 0
}
[04/23/26, 13:38:13:295] info: Apr-23 13:38:13.295 [SERVICE-WORKER] fetching asset https://a.slack-edge.com/bv1-13-br/gantry-v2-async-today-agenda-view.eaeac1ea2fc7a6f85f45.min.js 
{
  "versionId": 0
}
[04/23/26, 13:38:13:297] info: Apr-23 13:38:13.297 [SERVICE-WORKER] putting asset in cache https://a.slack-edge.com/bv1-13-br/gantry-v2-async-client-today-view.b066f5685ac19a940c82.min.js 
{
  "versionId": 0
}
[04/23/26, 13:38:13:297] info: Apr-23 13:38:13.297 [SERVICE-WORKER] putting asset in cache https://a.slack-edge.com/bv1-13-br/gantry-v2-async-today-unreads-view.815aa791a936b6f7d9fb.min.js 
{
  "versionId": 0
}
[04/23/26, 13:38:13:298] info: Apr-23 13:38:13.298 [SERVICE-WORKER] fetching asset https://a.slack-edge.com/bv1-13-br/gantry-v2-async-about-usergroup-view.d37b24c2b42fb0a653e9.min.js 
{
  "versionId": 0
}
[04/23/26, 13:38:13:298] info: Apr-23 13:38:13.298 [SERVICE-WORKER] fetching asset https://a.slack-edge.com/bv1-13-br/gantry-v2-async-client-unified-directory-view.1db0dfa035eb280448b3.min.js 
{
  "versionId": 0
}
[04/23/26, 13:38:13:299] info: Apr-23 13:38:13.298 [SERVICE-WORKER] putting asset in cache https://a.slack-edge.com/bv1-13-br/gantry-v2-async-today-action-items-view.b9333042dabd614a30a1.min.js 
{
  "versionId": 0
}
[04/23/26, 13:38:13:299] info: Apr-23 13:38:13.299 [SERVICE-WORKER] putting asset in cache https://a.slack-edge.com/bv1-13-br/gantry-v2-async-today-agenda-view.eaeac1ea2fc7a6f85f45.min.js 
{
  "versionId": 0
}
[04/23/26, 13:38:13:300] info: Apr-23 13:38:13.300 [SERVICE-WORKER] fetching asset https://a.slack-edge.com/bv1-13-br/gantry-v2-async-client-your-agents-view.0f7cf15a79ac149c3f74.min.js 
{
  "versionId": 0
}
[04/23/26, 13:38:13:300] info: Apr-23 13:38:13.300 [SERVICE-WORKER] fetching asset https://a.slack-edge.com/bv1-13-br/gantry-v2-async-client-calendar-view.16f85c54b9183b262686.min.js 
{
  "versionId": 0
}
[04/23/26, 13:38:13:303] info: Apr-23 13:38:13.303 [SERVICE-WORKER] putting asset in cache https://a.slack-edge.com/bv1-13-br/gantry-v2-async-about-usergroup-view.d37b24c2b42fb0a653e9.min.js 
{
  "versionId": 0
}
[04/23/26, 13:38:13:304] info: Apr-23 13:38:13.304 [SERVICE-WORKER] putting asset in cache https://a.slack-edge.com/bv1-13-br/gantry-v2-async-client-unified-directory-view.1db0dfa035eb280448b3.min.js 
{
  "versionId": 0
}
[04/23/26, 13:38:13:306] info: Apr-23 13:38:13.305 [SERVICE-WORKER] putting asset in cache https://a.slack-edge.com/bv1-13-br/gantry-v2-async-client-your-agents-view.0f7cf15a79ac149c3f74.min.js 
{
  "versionId": 0
}
[04/23/26, 13:38:13:306] info: Apr-23 13:38:13.306 [SERVICE-WORKER] putting asset in cache https://a.slack-edge.com/bv1-13-br/gantry-v2-async-client-calendar-view.16f85c54b9183b262686.min.js 
{
  "versionId": 0
}
[04/23/26, 13:38:13:308] info: Apr-23 13:38:13.308 [SERVICE-WORKER] fetching asset https://a.slack-edge.com/bv1-13-br/gantry-v2-async-timeline-sources-view.94e0f9ec7cae99050aaf.min.js 
{
  "versionId": 0
}
[04/23/26, 13:38:13:308] info: Apr-23 13:38:13.308 [SERVICE-WORKER] fetching asset https://a.slack-edge.com/bv1-13-br/gantry-v2-async-client-work-object-file-preview-view.e1e77631bb2cd1d7ab46.min.js 
{
  "versionId": 0
}
[04/23/26, 13:38:13:309] info: Apr-23 13:38:13.308 [SERVICE-WORKER] fetching asset https://a.slack-edge.com/bv1-13-br/gantry-v2-async-activity-system-notification-view.39afeb1de7ac7a4c44b4.min.js 
{
  "versionId": 0
}
[04/23/26, 13:38:13:313] info: Apr-23 13:38:13.313 [SERVICE-WORKER] putting asset in cache https://a.slack-edge.com/bv1-13-br/gantry-v2-async-timeline-sources-view.94e0f9ec7cae99050aaf.min.js 
{
  "versionId": 0
}
[04/23/26, 13:38:13:314] info: Apr-23 13:38:13.314 [SERVICE-WORKER] putting asset in cache https://a.slack-edge.com/bv1-13-br/gantry-v2-async-activity-system-notification-view.39afeb1de7ac7a4c44b4.min.js 
{
  "versionId": 0
}
[04/23/26, 13:38:13:314] info: Apr-23 13:38:13.314 [SERVICE-WORKER] fetching asset https://a.slack-edge.com/bv1-13-br/gantry-v2-async-activity-later-reminder-details-view.daa52d36dae32236124b.min.js 
{
  "versionId": 0
}
[04/23/26, 13:38:13:314] info: Apr-23 13:38:13.314 [SERVICE-WORKER] fetching asset https://a.slack-edge.com/bv1-13-br/gantry-v2-async-slackbot-ai-upgrade-paywall.a3d81f4cd4e656b1ff4c.min.js 
{
  "versionId": 0
}
[04/23/26, 13:38:13:315] info: Apr-23 13:38:13.315 [SERVICE-WORKER] putting asset in cache https://a.slack-edge.com/bv1-13-br/gantry-v2-async-client-work-object-file-preview-view.e1e77631bb2cd1d7ab46.min.js 
{
  "versionId": 0
}
[04/23/26, 13:38:13:318] info: Apr-23 13:38:13.318 [SERVICE-WORKER] fetching asset https://a.slack-edge.com/bv1-13-br/gantry-v2-async-activity-inbox-view.e6e2a6f7d6a7e6c5065c.min.js 
{
  "versionId": 0
}
[04/23/26, 13:38:13:319] info: Apr-23 13:38:13.319 [SERVICE-WORKER] fetching asset https://a.slack-edge.com/bv1-13-br/gantry-v2-async-client-later-list-view.8d4a9e19d0c8d4480d9f.min.js 
{
  "versionId": 0
}
[04/23/26, 13:38:13:322] info: Apr-23 13:38:13.321 [SERVICE-WORKER] putting asset in cache https://a.slack-edge.com/bv1-13-br/gantry-v2-async-activity-later-reminder-details-view.daa52d36dae32236124b.min.js 
{
  "versionId": 0
}
[04/23/26, 13:38:13:323] info: Apr-23 13:38:13.323 [SERVICE-WORKER] putting asset in cache https://a.slack-edge.com/bv1-13-br/gantry-v2-async-slackbot-ai-upgrade-paywall.a3d81f4cd4e656b1ff4c.min.js 
{
  "versionId": 0
}
[04/23/26, 13:38:13:324] info: Apr-23 13:38:13.324 [SERVICE-WORKER] fetching asset https://a.slack-edge.com/bv1-13-br/gantry-v2-async-search-primary-prototype.8aaddda5841e9c566f91.min.js 
{
  "versionId": 0
}
[04/23/26, 13:38:13:325] info: Apr-23 13:38:13.324 [SERVICE-WORKER] fetching asset https://a.slack-edge.com/bv1-13-br/gantry-v2-async-client-sales-log-activity-view.ba1b614627f70b6b0a08.min.js 
{
  "versionId": 0
}
[04/23/26, 13:38:13:326] info: Apr-23 13:38:13.326 [SERVICE-WORKER] putting asset in cache https://a.slack-edge.com/bv1-13-br/gantry-v2-async-client-later-list-view.8d4a9e19d0c8d4480d9f.min.js 
{
  "versionId": 0
}
[04/23/26, 13:38:13:326] info: Apr-23 13:38:13.326 [SERVICE-WORKER] putting asset in cache https://a.slack-edge.com/bv1-13-br/gantry-v2-async-activity-inbox-view.e6e2a6f7d6a7e6c5065c.min.js 
{
  "versionId": 0
}
[04/23/26, 13:38:13:327] info: Apr-23 13:38:13.327 [SERVICE-WORKER] fetching asset https://a.slack-edge.com/bv1-13-br/gantry-v2-async-widget-detail-view.6b2ff6ce1828a84d2ae7.min.js 
{
  "versionId": 0
}
[04/23/26, 13:38:13:327] info: Apr-23 13:38:13.327 [SERVICE-WORKER] fetching asset https://a.slack-edge.com/bv1-13-br/gantry-v2-async-client-canvas-comment-stream-view.8235e2828c83907b6941.min.js 
{
  "versionId": 0
}
[04/23/26, 13:38:13:329] info: Apr-23 13:38:13.328 [SERVICE-WORKER] putting asset in cache https://a.slack-edge.com/bv1-13-br/gantry-v2-async-search-primary-prototype.8aaddda5841e9c566f91.min.js 
{
  "versionId": 0
}
[04/23/26, 13:38:13:329] info: Apr-23 13:38:13.329 [SERVICE-WORKER] putting asset in cache https://a.slack-edge.com/bv1-13-br/gantry-v2-async-client-sales-log-activity-view.ba1b614627f70b6b0a08.min.js 
{
  "versionId": 0
}
[04/23/26, 13:38:13:330] info: Apr-23 13:38:13.330 [SERVICE-WORKER] fetching asset https://a.slack-edge.com/bv1-13-br/gantry-v2-async-client-canvas-activity-history-view.5f77697672069e8d3baf.min.js 
{
  "versionId": 0
}
[04/23/26, 13:38:13:330] info: Apr-23 13:38:13.330 [SERVICE-WORKER] fetching asset https://a.slack-edge.com/bv1-13-br/gantry-v2-async-client-canvas-automations-view.9d62de0b518dbc1d079c.min.js 
{
  "versionId": 0
}
[04/23/26, 13:38:13:334] info: Apr-23 13:38:13.333 [SERVICE-WORKER] putting asset in cache https://a.slack-edge.com/bv1-13-br/gantry-v2-async-widget-detail-view.6b2ff6ce1828a84d2ae7.min.js 
{
  "versionId": 0
}
[04/23/26, 13:38:13:335] info: Apr-23 13:38:13.334 [SERVICE-WORKER] putting asset in cache https://a.slack-edge.com/bv1-13-br/gantry-v2-async-client-canvas-comment-stream-view.8235e2828c83907b6941.min.js 
{
  "versionId": 0
}
[04/23/26, 13:38:13:335] info: Apr-23 13:38:13.335 [SERVICE-WORKER] putting asset in cache https://a.slack-edge.com/bv1-13-br/gantry-v2-async-client-canvas-automations-view.9d62de0b518dbc1d079c.min.js 
{
  "versionId": 0
}
[04/23/26, 13:38:13:335] info: Apr-23 13:38:13.335 [SERVICE-WORKER] putting asset in cache https://a.slack-edge.com/bv1-13-br/gantry-v2-async-client-canvas-activity-history-view.5f77697672069e8d3baf.min.js 
{
  "versionId": 0
}
[04/23/26, 13:38:13:338] info: Apr-23 13:38:13.337 [SERVICE-WORKER] fetching asset https://a.slack-edge.com/bv1-13-br/gantry-v2-async-client-huddle-transcript-details-view.a0925eab89c34a61f04a.min.js 
{
  "versionId": 0
}
[04/23/26, 13:38:13:338] info: Apr-23 13:38:13.338 [SERVICE-WORKER] fetching asset https://a.slack-edge.com/bv1-13-br/gantry-v2-async-client-link-details-view.0c91d7ad10b82b3b32f8.min.js 
{
  "versionId": 0
}
[04/23/26, 13:38:13:338] info: Apr-23 13:38:13.338 [SERVICE-WORKER] fetching asset https://a.slack-edge.com/bv1-13-br/gantry-v2-async-client-channel-user-group-view.a2400f8529efd9acf94d.min.js 
{
  "versionId": 0
}
[04/23/26, 13:38:13:338] info: Apr-23 13:38:13.338 [SERVICE-WORKER] fetching asset https://a.slack-edge.com/bv1-13-br/gantry-v2-async-client-search-in-channel-view.c6f6de68273cc476ca70.min.js 
{
  "versionId": 0
}
[04/23/26, 13:38:13:343] info: Apr-23 13:38:13.342 [SERVICE-WORKER] putting asset in cache https://a.slack-edge.com/bv1-13-br/gantry-v2-async-client-huddle-transcript-details-view.a0925eab89c34a61f04a.min.js 
{
  "versionId": 0
}
[04/23/26, 13:38:13:344] info: Apr-23 13:38:13.344 [SERVICE-WORKER] putting asset in cache https://a.slack-edge.com/bv1-13-br/gantry-v2-async-client-channel-user-group-view.a2400f8529efd9acf94d.min.js 
{
  "versionId": 0
}
[04/23/26, 13:38:13:345] info: Apr-23 13:38:13.345 [SERVICE-WORKER] putting asset in cache https://a.slack-edge.com/bv1-13-br/gantry-v2-async-client-link-details-view.0c91d7ad10b82b3b32f8.min.js 
{
  "versionId": 0
}
[04/23/26, 13:38:13:345] info: Apr-23 13:38:13.345 [SERVICE-WORKER] putting asset in cache https://a.slack-edge.com/bv1-13-br/gantry-v2-async-client-search-in-channel-view.c6f6de68273cc476ca70.min.js 
{
  "versionId": 0
}
[04/23/26, 13:38:13:346] info: Apr-23 13:38:13.345 [SERVICE-WORKER] fetching asset https://a.slack-edge.com/bv1-13-br/gantry-v2-async-external-workspace-allowed-org-pane-view.68082dbbac4cc852a3bf.min.js 
{
  "versionId": 0
}
[04/23/26, 13:38:13:347] info: Apr-23 13:38:13.347 [SERVICE-WORKER] fetching asset https://a.slack-edge.com/bv1-13-br/gantry-v2-async-client-feedback-view.b7444b7e8d7a1256f3ae.min.js 
{
  "versionId": 0
}
[04/23/26, 13:38:13:348] info: Apr-23 13:38:13.347 [SERVICE-WORKER] fetching asset https://a.slack-edge.com/bv1-13-br/gantry-v2-async-client-help-browser-view.ecf6bd6ee52d11fcb4e7.min.js 
{
  "versionId": 0
}
[04/23/26, 13:38:13:348] info: Apr-23 13:38:13.348 [SERVICE-WORKER] fetching asset https://a.slack-edge.com/bv1-13-br/gantry-v2-async-client-help-article-browser-view.5628403027e8e68892ea.min.js 
{
  "versionId": 0
}
[04/23/26, 13:38:13:350] info: Apr-23 13:38:13.350 [SERVICE-WORKER] putting asset in cache https://a.slack-edge.com/bv1-13-br/gantry-v2-async-external-workspace-allowed-org-pane-view.68082dbbac4cc852a3bf.min.js 
{
  "versionId": 0
}
[04/23/26, 13:38:13:351] info: Apr-23 13:38:13.351 [SERVICE-WORKER] fetching asset https://a.slack-edge.com/bv1-13-br/gantry-v2-async-client-help-category-browser-view.0b128f7274a1f49c5523.min.js 
{
  "versionId": 0
}
[04/23/26, 13:38:13:353] info: Apr-23 13:38:13.352 [SERVICE-WORKER] putting asset in cache https://a.slack-edge.com/bv1-13-br/gantry-v2-async-client-help-browser-view.ecf6bd6ee52d11fcb4e7.min.js 
{
  "versionId": 0
}
[04/23/26, 13:38:13:354] info: Apr-23 13:38:13.353 [SERVICE-WORKER] putting asset in cache https://a.slack-edge.com/bv1-13-br/gantry-v2-async-client-feedback-view.b7444b7e8d7a1256f3ae.min.js 
{
  "versionId": 0
}
[04/23/26, 13:38:13:355] info: Apr-23 13:38:13.354 [SERVICE-WORKER] putting asset in cache https://a.slack-edge.com/bv1-13-br/gantry-v2-async-client-help-article-browser-view.5628403027e8e68892ea.min.js 
{
  "versionId": 0
}
[04/23/26, 13:38:13:355] info: Apr-23 13:38:13.355 [SERVICE-WORKER] putting asset in cache https://a.slack-edge.com/bv1-13-br/gantry-v2-async-client-help-category-browser-view.0b128f7274a1f49c5523.min.js 
{
  "versionId": 0
}
[04/23/26, 13:38:13:355] info: Apr-23 13:38:13.355 [SERVICE-WORKER] fetching asset https://a.slack-edge.com/bv1-13-br/gantry-v2-async-client-whats-new-browser-view.b61d935df8adc1e5f9b0.min.js 
{
  "versionId": 0
}
[04/23/26, 13:38:13:356] info: Apr-23 13:38:13.356 [SERVICE-WORKER] fetching asset https://a.slack-edge.com/bv1-13-br/gantry-v2-async-client-keyboard-shortcuts-browser-view.d86cc5d613f8218fbea5.min.js 
{
  "versionId": 0
}
[04/23/26, 13:38:13:356] info: Apr-23 13:38:13.356 [SERVICE-WORKER] fetching asset https://a.slack-edge.com/bv1-13-br/gantry-v2-async-client-list-record-history.90ceb23ce6e7d3c7c368.min.js 
{
  "versionId": 0
}
[04/23/26, 13:38:13:356] info: Apr-23 13:38:13.356 [SERVICE-WORKER] fetching asset https://a.slack-edge.com/bv1-13-br/gantry-v2-async-client-list-history.065e5ee18ed0824de74f.min.js 
{
  "versionId": 0
}
[04/23/26, 13:38:13:360] info: Apr-23 13:38:13.360 [SERVICE-WORKER] putting asset in cache https://a.slack-edge.com/bv1-13-br/gantry-v2-async-client-whats-new-browser-view.b61d935df8adc1e5f9b0.min.js 
{
  "versionId": 0
}
[04/23/26, 13:38:13:360] info: Apr-23 13:38:13.360 [SERVICE-WORKER] putting asset in cache https://a.slack-edge.com/bv1-13-br/gantry-v2-async-client-list-record-history.90ceb23ce6e7d3c7c368.min.js 
{
  "versionId": 0
}
[04/23/26, 13:38:13:361] info: Apr-23 13:38:13.361 [SERVICE-WORKER] fetching asset https://a.slack-edge.com/bv1-13-br/gantry-v2-async-client-work-object.748a73a7519fa7afef1f.min.js 
{
  "versionId": 0
}
[04/23/26, 13:38:13:361] info: Apr-23 13:38:13.361 [SERVICE-WORKER] fetching asset https://a.slack-edge.com/bv1-13-br/gantry-v2-async-client-ai-app-view.e711dd0d20f316e68775.min.js 
{
  "versionId": 0
}
[04/23/26, 13:38:13:362] info: Apr-23 13:38:13.362 [SERVICE-WORKER] putting asset in cache https://a.slack-edge.com/bv1-13-br/gantry-v2-async-client-list-history.065e5ee18ed0824de74f.min.js 
{
  "versionId": 0
}
[04/23/26, 13:38:13:363] info: Apr-23 13:38:13.363 [SERVICE-WORKER] putting asset in cache https://a.slack-edge.com/bv1-13-br/gantry-v2-async-client-keyboard-shortcuts-browser-view.d86cc5d613f8218fbea5.min.js 
{
  "versionId": 0
}
[04/23/26, 13:38:13:364] info: Apr-23 13:38:13.364 [SERVICE-WORKER] fetching asset https://a.slack-edge.com/bv1-13-br/gantry-v2-async-client-about-ai-app-view.eb9acfaf3ab970393df0.min.js 
{
  "versionId": 0
}
[04/23/26, 13:38:13:364] info: Apr-23 13:38:13.364 [SERVICE-WORKER] fetching asset https://a.slack-edge.com/bv1-13-br/gantry-v2-async-workflow-details.0226f238f72f8c2fabc9.min.js 
{
  "versionId": 0
}
[04/23/26, 13:38:13:366] info: Apr-23 13:38:13.365 [SERVICE-WORKER] putting asset in cache https://a.slack-edge.com/bv1-13-br/gantry-v2-async-client-work-object.748a73a7519fa7afef1f.min.js 
{
  "versionId": 0
}
[04/23/26, 13:38:13:367] info: Apr-23 13:38:13.366 [SERVICE-WORKER] putting asset in cache https://a.slack-edge.com/bv1-13-br/gantry-v2-async-client-ai-app-view.e711dd0d20f316e68775.min.js 
{
  "versionId": 0
}
[04/23/26, 13:38:13:368] info: Apr-23 13:38:13.368 [SERVICE-WORKER] fetching asset https://a.slack-edge.com/bv1-13-br/gantry-v2-async-client-workflow-builder-agent-view.b80f4db82fb5c7095b61.min.js 
{
  "versionId": 0
}
[04/23/26, 13:38:13:368] info: Apr-23 13:38:13.368 [SERVICE-WORKER] fetching asset https://a.slack-edge.com/bv1-13-br/gantry-v2-async-app-details.8348a43d112e08b8bc44.min.js 
{
  "versionId": 0
}
[04/23/26, 13:38:13:370] info: Apr-23 13:38:13.370 [SERVICE-WORKER] putting asset in cache https://a.slack-edge.com/bv1-13-br/gantry-v2-async-client-about-ai-app-view.eb9acfaf3ab970393df0.min.js 
{
  "versionId": 0
}
[04/23/26, 13:38:13:370] info: Apr-23 13:38:13.370 [SERVICE-WORKER] putting asset in cache https://a.slack-edge.com/bv1-13-br/gantry-v2-async-workflow-details.0226f238f72f8c2fabc9.min.js 
{
  "versionId": 0
}
[04/23/26, 13:38:13:371] info: Apr-23 13:38:13.371 [SERVICE-WORKER] fetching asset https://a.slack-edge.com/bv1-13-br/gantry-v2-async-meeting-details-view.8cb98e89514820fcb278.min.js 
{
  "versionId": 0
}
[04/23/26, 13:38:13:371] info: Apr-23 13:38:13.371 [SERVICE-WORKER] fetching asset https://a.slack-edge.com/bv1-13-br/gantry-v2-async-huddle-files-view.38100dbb5c6c55c494dd.min.js 
{
  "versionId": 0
}
[04/23/26, 13:38:13:372] info: Apr-23 13:38:13.372 [SERVICE-WORKER] putting asset in cache https://a.slack-edge.com/bv1-13-br/gantry-v2-async-client-workflow-builder-agent-view.b80f4db82fb5c7095b61.min.js 
{
  "versionId": 0
}
[04/23/26, 13:38:13:373] info: Apr-23 13:38:13.373 [SERVICE-WORKER] putting asset in cache https://a.slack-edge.com/bv1-13-br/gantry-v2-async-app-details.8348a43d112e08b8bc44.min.js 
{
  "versionId": 0
}
[04/23/26, 13:38:13:373] info: Apr-23 13:38:13.373 [SERVICE-WORKER] fetching asset https://a.slack-edge.com/bv1-13-br/gantry-v2-async-ai-explain-view.6e570543d64abb332157.min.js 
{
  "versionId": 0
}
[04/23/26, 13:38:13:374] info: Apr-23 13:38:13.373 [SERVICE-WORKER] fetching asset https://a.slack-edge.com/bv1-13-br/gantry-v2-async-record-related-conversations-list-all-view.4b3f0692038fe72c9643.min.js 
{
  "versionId": 0
}
[04/23/26, 13:38:13:375] info: Apr-23 13:38:13.375 [SERVICE-WORKER] putting asset in cache https://a.slack-edge.com/bv1-13-br/gantry-v2-async-meeting-details-view.8cb98e89514820fcb278.min.js 
{
  "versionId": 0
}
[04/23/26, 13:38:13:376] info: Apr-23 13:38:13.376 [SERVICE-WORKER] fetching asset https://a.slack-edge.com/bv1-13-br/gantry-v2-async-today-ai-search-view.78d7749f6360828083b2.min.js 
{
  "versionId": 0
}
[04/23/26, 13:38:13:377] info: Apr-23 13:38:13.377 [SERVICE-WORKER] putting asset in cache https://a.slack-edge.com/bv1-13-br/gantry-v2-async-huddle-files-view.38100dbb5c6c55c494dd.min.js 
{
  "versionId": 0
}
[04/23/26, 13:38:13:377] info: Apr-23 13:38:13.377 [SERVICE-WORKER] putting asset in cache https://a.slack-edge.com/bv1-13-br/gantry-v2-async-ai-explain-view.6e570543d64abb332157.min.js 
{
  "versionId": 0
}
[04/23/26, 13:38:13:378] info: Apr-23 13:38:13.378 [SERVICE-WORKER] putting asset in cache https://a.slack-edge.com/bv1-13-br/gantry-v2-async-record-related-conversations-list-all-view.4b3f0692038fe72c9643.min.js 
{
  "versionId": 0
}
[04/23/26, 13:38:13:380] info: Apr-23 13:38:13.379 [SERVICE-WORKER] fetching asset https://a.slack-edge.com/bv1-13-br/gantry-v2-async-today-agenda-detail-view.390b3b7b0981f80b6170.min.js 
{
  "versionId": 0
}
[04/23/26, 13:38:13:380] info: Apr-23 13:38:13.379 [SERVICE-WORKER] fetching asset https://a.slack-edge.com/bv1-13-br/gantry-v2-async-client-record-events-view.5f734725ffa395e1f0fd.min.js 
{
  "versionId": 0
}
[04/23/26, 13:38:13:380] info: Apr-23 13:38:13.379 [SERVICE-WORKER] fetching asset https://a.slack-edge.com/bv1-13-br/gantry-v2-async-client-channel-list-view.05b728ae0fc5af51fef4.min.js 
{
  "versionId": 0
}
[04/23/26, 13:38:13:381] info: Apr-23 13:38:13.381 [SERVICE-WORKER] putting asset in cache https://a.slack-edge.com/bv1-13-br/gantry-v2-async-today-ai-search-view.78d7749f6360828083b2.min.js 
{
  "versionId": 0
}
[04/23/26, 13:38:13:382] info: Apr-23 13:38:13.382 [SERVICE-WORKER] fetching asset https://a.slack-edge.com/bv1-13-br/gantry-v2-async-client-dms-list-view.c9537156db95d83a8e32.min.js 
{
  "versionId": 0
}
[04/23/26, 13:38:13:384] info: Apr-23 13:38:13.384 [SERVICE-WORKER] putting asset in cache https://a.slack-edge.com/bv1-13-br/gantry-v2-async-today-agenda-detail-view.390b3b7b0981f80b6170.min.js 
{
  "versionId": 0
}
[04/23/26, 13:38:13:384] info: Apr-23 13:38:13.384 [SERVICE-WORKER] putting asset in cache https://a.slack-edge.com/bv1-13-br/gantry-v2-async-client-record-events-view.5f734725ffa395e1f0fd.min.js 
{
  "versionId": 0
}
[04/23/26, 13:38:13:385] info: Apr-23 13:38:13.385 [SERVICE-WORKER] putting asset in cache https://a.slack-edge.com/bv1-13-br/gantry-v2-async-client-channel-list-view.05b728ae0fc5af51fef4.min.js 
{
  "versionId": 0
}
[04/23/26, 13:38:13:385] info: Apr-23 13:38:13.385 [SERVICE-WORKER] fetching asset https://a.slack-edge.com/bv1-13-br/gantry-v2-async-more-todos-sidebar-view.b8bc4f9e7eee0081c570.min.js 
{
  "versionId": 0
}
[04/23/26, 13:38:13:386] info: Apr-23 13:38:13.386 [SERVICE-WORKER] fetching asset https://a.slack-edge.com/bv1-13-br/gantry-v2-async-client-search-view.05cf8546ab18ca85bad9.min.js 
{
  "versionId": 0
}
[04/23/26, 13:38:13:388] info: Apr-23 13:38:13.387 [SERVICE-WORKER] fetching asset https://a.slack-edge.com/bv1-13-br/gantry-v2-async-unified-files-sidebar-view.0ade7e75755003aef272.min.js 
{
  "versionId": 0
}
[04/23/26, 13:38:13:391] info: Apr-23 13:38:13.390 [SERVICE-WORKER] putting asset in cache https://a.slack-edge.com/bv1-13-br/gantry-v2-async-client-dms-list-view.c9537156db95d83a8e32.min.js 
{
  "versionId": 0
}
[04/23/26, 13:38:13:392] info: Apr-23 13:38:13.392 [SERVICE-WORKER] putting asset in cache https://a.slack-edge.com/bv1-13-br/gantry-v2-async-more-todos-sidebar-view.b8bc4f9e7eee0081c570.min.js 
{
  "versionId": 0
}
[04/23/26, 13:38:13:393] info: Apr-23 13:38:13.393 [SERVICE-WORKER] putting asset in cache https://a.slack-edge.com/bv1-13-br/gantry-v2-async-client-search-view.05cf8546ab18ca85bad9.min.js 
{
  "versionId": 0
}
[04/23/26, 13:38:13:395] info: Apr-23 13:38:13.395 [SERVICE-WORKER] fetching asset https://a.slack-edge.com/bv1-13-br/gantry-v2-async-more-platform-sidebar-view.fa124f82dfba8af70464.min.js 
{
  "versionId": 0
}
[04/23/26, 13:38:13:395] info: Apr-23 13:38:13.395 [SERVICE-WORKER] fetching asset https://a.slack-edge.com/bv1-13-br/gantry-v2-async-sales-sidebar-view.ef65812066d40bd1eede.min.js 
{
  "versionId": 0
}
[04/23/26, 13:38:13:396] info: Apr-23 13:38:13.395 [SERVICE-WORKER] fetching asset https://a.slack-edge.com/bv1-13-br/gantry-v2-async-external-connections-sidebar-view.10be74b51b10a26e15d0.min.js 
{
  "versionId": 0
}
[04/23/26, 13:38:13:396] info: Apr-23 13:38:13.396 [SERVICE-WORKER] putting asset in cache https://a.slack-edge.com/bv1-13-br/gantry-v2-async-unified-files-sidebar-view.0ade7e75755003aef272.min.js 
{
  "versionId": 0
}
[04/23/26, 13:38:13:399] info: Apr-23 13:38:13.399 [SERVICE-WORKER] fetching asset https://a.slack-edge.com/bv1-13-br/gantry-v2-async-client-bbm-main-view.a97e1743cd6363cab454.min.js 
{
  "versionId": 0
}
[04/23/26, 13:38:13:401] info: Apr-23 13:38:13.401 [SERVICE-WORKER] putting asset in cache https://a.slack-edge.com/bv1-13-br/gantry-v2-async-more-platform-sidebar-view.fa124f82dfba8af70464.min.js 
{
  "versionId": 0
}
[04/23/26, 13:38:13:402] info: Apr-23 13:38:13.402 [SERVICE-WORKER] putting asset in cache https://a.slack-edge.com/bv1-13-br/gantry-v2-async-external-connections-sidebar-view.10be74b51b10a26e15d0.min.js 
{
  "versionId": 0
}
[04/23/26, 13:38:13:403] info: Apr-23 13:38:13.403 [SERVICE-WORKER] putting asset in cache https://a.slack-edge.com/bv1-13-br/gantry-v2-async-sales-sidebar-view.ef65812066d40bd1eede.min.js 
{
  "versionId": 0
}
[04/23/26, 13:38:13:406] info: Apr-23 13:38:13.406 [SERVICE-WORKER] fetching asset https://a.slack-edge.com/bv1-13-br/gantry-v2-async-client-bbm-workspace-switcher-view.f36931b8a80e862dda66.min.js 
{
  "versionId": 0
}
[04/23/26, 13:38:13:407] info: Apr-23 13:38:13.406 [SERVICE-WORKER] putting asset in cache https://a.slack-edge.com/bv1-13-br/gantry-v2-async-client-bbm-main-view.a97e1743cd6363cab454.min.js 
{
  "versionId": 0
}
[04/23/26, 13:38:13:407] info: Apr-23 13:38:13.407 [SERVICE-WORKER] fetching asset https://a.slack-edge.com/bv1-13-br/gantry-v2-async-client-bbm-more-view.d606a080117b04c8d8a4.min.js 
{
  "versionId": 0
}
[04/23/26, 13:38:13:407] info: Apr-23 13:38:13.407 [SERVICE-WORKER] fetching asset https://a.slack-edge.com/bv1-13-br/gantry-v2-async-client-later-sidebar-prototype-view.041ea28dde8fe138ec8f.min.js 
{
  "versionId": 0
}
[04/23/26, 13:38:13:407] info: Apr-23 13:38:13.407 [SERVICE-WORKER] fetching asset https://a.slack-edge.com/bv1-13-br/gantry-v2-async-client-activity-sidebar-prototype-view.44451904f2d04f1340e9.min.js 
{
  "versionId": 0
}
[04/23/26, 13:38:13:412] info: Apr-23 13:38:13.411 [SERVICE-WORKER] putting asset in cache https://a.slack-edge.com/bv1-13-br/gantry-v2-async-client-bbm-workspace-switcher-view.f36931b8a80e862dda66.min.js 
{
  "versionId": 0
}
[04/23/26, 13:38:13:412] info: Apr-23 13:38:13.412 [SERVICE-WORKER] putting asset in cache https://a.slack-edge.com/bv1-13-br/gantry-v2-async-client-bbm-more-view.d606a080117b04c8d8a4.min.js 
{
  "versionId": 0
}
[04/23/26, 13:38:13:413] info: Apr-23 13:38:13.412 [SERVICE-WORKER] putting asset in cache https://a.slack-edge.com/bv1-13-br/gantry-v2-async-client-later-sidebar-prototype-view.041ea28dde8fe138ec8f.min.js 
{
  "versionId": 0
}
[04/23/26, 13:38:13:413] info: Apr-23 13:38:13.413 [SERVICE-WORKER] fetching asset https://a.slack-edge.com/bv1-13-br/gantry-v2-async-client-search-sidebar-prototype-view.b189f4e18347dac8d607.min.js 
{
  "versionId": 0
}
[04/23/26, 13:38:13:414] info: Apr-23 13:38:13.414 [SERVICE-WORKER] putting asset in cache https://a.slack-edge.com/bv1-13-br/gantry-v2-async-client-activity-sidebar-prototype-view.44451904f2d04f1340e9.min.js 
{
  "versionId": 0
}
[04/23/26, 13:38:13:414] info: Apr-23 13:38:13.414 [SERVICE-WORKER] fetching asset https://a.slack-edge.com/bv1-13-br/gantry-v2-async-client-agent-home-view-split.fa20efec68d5c99e7e06.min.js 
{
  "versionId": 0
}
[04/23/26, 13:38:13:415] info: Apr-23 13:38:13.414 [SERVICE-WORKER] fetching asset https://a.slack-edge.com/bv1-13-br/gantry-v2-async-slackbot-ai-split-view.f0ce5ca56e727739bd0e.min.js 
{
  "versionId": 0
}
[04/23/26, 13:38:13:416] info: Apr-23 13:38:13.416 [SERVICE-WORKER] fetching asset https://a.slack-edge.com/bv1-13-br/gantry-v2-async-client-dev-tools-panel.934414e763445f9927d4.min.js 
{
  "versionId": 0
}
[04/23/26, 13:38:13:418] info: Apr-23 13:38:13.418 [SERVICE-WORKER] putting asset in cache https://a.slack-edge.com/bv1-13-br/gantry-v2-async-client-search-sidebar-prototype-view.b189f4e18347dac8d607.min.js 
{
  "versionId": 0
}
[04/23/26, 13:38:13:419] info: Apr-23 13:38:13.418 [SERVICE-WORKER] putting asset in cache https://a.slack-edge.com/bv1-13-br/gantry-v2-async-client-agent-home-view-split.fa20efec68d5c99e7e06.min.js 
{
  "versionId": 0
}
[04/23/26, 13:38:13:420] info: Apr-23 13:38:13.419 [SERVICE-WORKER] putting asset in cache https://a.slack-edge.com/bv1-13-br/gantry-v2-async-slackbot-ai-split-view.f0ce5ca56e727739bd0e.min.js 
{
  "versionId": 0
}
[04/23/26, 13:38:13:420] info: Apr-23 13:38:13.420 [SERVICE-WORKER] fetching asset https://a.slack-edge.com/bv1-13-br/gantry-v2-async-spider-crawl.json.4a06b2e364afbe928460.min.js 
{
  "versionId": 0
}
[04/23/26, 13:38:13:420] info: Apr-23 13:38:13.420 [SERVICE-WORKER] putting asset in cache https://a.slack-edge.com/bv1-13-br/gantry-v2-async-client-dev-tools-panel.934414e763445f9927d4.min.js 
{
  "versionId": 0
}
[04/23/26, 13:38:13:421] info: Apr-23 13:38:13.421 [SERVICE-WORKER] fetching asset https://a.slack-edge.com/bv1-13-br/gantry-v2-async-spring-bloom.json.9120e8aae1597a62f33d.min.js 
{
  "versionId": 0
}
[04/23/26, 13:38:13:421] info: Apr-23 13:38:13.421 [SERVICE-WORKER] fetching asset https://a.slack-edge.com/bv1-13-br/gantry-v2-async-spring-bunny.json.8ff144fffd79ca23b18b.min.js 
{
  "versionId": 0
}
[04/23/26, 13:38:13:421] info: Apr-23 13:38:13.421 [SERVICE-WORKER] fetching asset https://a.slack-edge.com/bv1-13-br/gantry-v2-async-spring-sweep.json.2737bf36468495c44033.min.js 
{
  "versionId": 0
}
[04/23/26, 13:38:13:426] info: Apr-23 13:38:13.425 [SERVICE-WORKER] putting asset in cache https://a.slack-edge.com/bv1-13-br/gantry-v2-async-spider-crawl.json.4a06b2e364afbe928460.min.js 
{
  "versionId": 0
}
[04/23/26, 13:38:13:426] info: Apr-23 13:38:13.426 [SERVICE-WORKER] putting asset in cache https://a.slack-edge.com/bv1-13-br/gantry-v2-async-spring-bloom.json.9120e8aae1597a62f33d.min.js 
{
  "versionId": 0
}
[04/23/26, 13:38:13:426] info: Apr-23 13:38:13.426 [SERVICE-WORKER] putting asset in cache https://a.slack-edge.com/bv1-13-br/gantry-v2-async-spring-bunny.json.8ff144fffd79ca23b18b.min.js 
{
  "versionId": 0
}
[04/23/26, 13:38:13:428] info: Apr-23 13:38:13.427 [SERVICE-WORKER] putting asset in cache https://a.slack-edge.com/bv1-13-br/gantry-v2-async-spring-sweep.json.2737bf36468495c44033.min.js 
{
  "versionId": 0
}
[04/23/26, 13:38:13:428] info: Apr-23 13:38:13.428 [SERVICE-WORKER] fetching asset https://a.slack-edge.com/bv1-13-br/gantry-v2-async-client-browse-user-groups-view.838e19d7a5fac8117b6a.min.js 
{
  "versionId": 0
}
[04/23/26, 13:38:13:428] info: Apr-23 13:38:13.428 [SERVICE-WORKER] fetching asset https://a.slack-edge.com/bv1-13-br/gantry-v2-async-client-sidekicks-view.798c8288a8cbbbc6e240.min.js 
{
  "versionId": 0
}
[04/23/26, 13:38:13:429] info: Apr-23 13:38:13.428 [SERVICE-WORKER] fetching asset https://a.slack-edge.com/bv1-13-br/gantry-v2-async-client-app-popout-view.bc6243acbe1a77b76953.min.js 
{
  "versionId": 0
}
[04/23/26, 13:38:13:429] info: Apr-23 13:38:13.429 [SERVICE-WORKER] fetching asset https://a.slack-edge.com/bv1-13-br/gantry-v2-async-client-feed-item-details-view.1fbf207f0fc972d79dbe.min.js 
{
  "versionId": 0
}
[04/23/26, 13:38:13:433] info: Apr-23 13:38:13.433 [SERVICE-WORKER] putting asset in cache https://a.slack-edge.com/bv1-13-br/gantry-v2-async-client-browse-user-groups-view.838e19d7a5fac8117b6a.min.js 
{
  "versionId": 0
}
[04/23/26, 13:38:13:434] info: Apr-23 13:38:13.434 [SERVICE-WORKER] putting asset in cache https://a.slack-edge.com/bv1-13-br/gantry-v2-async-client-sidekicks-view.798c8288a8cbbbc6e240.min.js 
{
  "versionId": 0
}
[04/23/26, 13:38:13:435] info: Apr-23 13:38:13.435 [SERVICE-WORKER] putting asset in cache https://a.slack-edge.com/bv1-13-br/gantry-v2-async-client-feed-item-details-view.1fbf207f0fc972d79dbe.min.js 
{
  "versionId": 0
}
[04/23/26, 13:38:13:435] info: Apr-23 13:38:13.435 [SERVICE-WORKER] putting asset in cache https://a.slack-edge.com/bv1-13-br/gantry-v2-async-client-app-popout-view.bc6243acbe1a77b76953.min.js 
{
  "versionId": 0
}
[04/23/26, 13:38:13:438] info: Apr-23 13:38:13.438 [SERVICE-WORKER] fetching asset https://a.slack-edge.com/bv1-13-br/gantry-v2-async-client-browse-people-view.27d9c5fd9894040453a2.min.js 
{
  "versionId": 0
}
[04/23/26, 13:38:13:438] info: Apr-23 13:38:13.438 [SERVICE-WORKER] fetching asset https://a.slack-edge.com/bv1-13-br/gantry-v2-async-client-org-directory-view.6c0621b4ae518ecc671a.min.js 
{
  "versionId": 0
}
[04/23/26, 13:38:13:438] info: Apr-23 13:38:13.438 [SERVICE-WORKER] fetching asset https://a.slack-edge.com/bv1-13-br/gantry-v2-async-client-task-approval-view.d594a58c62b2ac445d51.min.js 
{
  "versionId": 0
}
[04/23/26, 13:38:13:438] info: Apr-23 13:38:13.438 [SERVICE-WORKER] fetching asset https://a.slack-edge.com/bv1-13-br/gantry-v2-async-client-agents-home-view.5fc3d90a29a895478a88.min.js 
{
  "versionId": 0
}
[04/23/26, 13:38:13:443] info: Apr-23 13:38:13.443 [SERVICE-WORKER] putting asset in cache https://a.slack-edge.com/bv1-13-br/gantry-v2-async-client-browse-people-view.27d9c5fd9894040453a2.min.js 
{
  "versionId": 0
}
[04/23/26, 13:38:13:444] info: Apr-23 13:38:13.444 [SERVICE-WORKER] putting asset in cache https://a.slack-edge.com/bv1-13-br/gantry-v2-async-client-agents-home-view.5fc3d90a29a895478a88.min.js 
{
  "versionId": 0
}
[04/23/26, 13:38:13:444] info: Apr-23 13:38:13.444 [SERVICE-WORKER] fetching asset https://a.slack-edge.com/bv1-13-br/gantry-v2-async-desktop-delegates-patching.bbeeb80a062fd3ec64fe.min.js 
{
  "versionId": 0
}
[04/23/26, 13:38:13:446] info: Apr-23 13:38:13.445 [SERVICE-WORKER] putting asset in cache https://a.slack-edge.com/bv1-13-br/gantry-v2-async-client-org-directory-view.6c0621b4ae518ecc671a.min.js 
{
  "versionId": 0
}
[04/23/26, 13:38:13:446] info: Apr-23 13:38:13.446 [SERVICE-WORKER] putting asset in cache https://a.slack-edge.com/bv1-13-br/gantry-v2-async-client-task-approval-view.d594a58c62b2ac445d51.min.js 
{
  "versionId": 0
}
[04/23/26, 13:38:13:451] info: Apr-23 13:38:13.451 [SERVICE-WORKER] putting asset in cache https://a.slack-edge.com/bv1-13-br/gantry-v2-async-desktop-delegates-patching.bbeeb80a062fd3ec64fe.min.js 
{
  "versionId": 0
}
[04/23/26, 13:38:13:451] info: Apr-23 13:38:13.451 [SERVICE-WORKER] fetching asset https://a.slack-edge.com/bv1-13-br/gantry-v2-async-vendors-node_modules_sqlite_org_sqlite-wasm_sqlite-wasm_jswasm_sqlite3-opfs-async-proxy_js.b33d22168554afa1f34c.min.js 
{
  "versionId": 0
}
[04/23/26, 13:38:13:451] info: Apr-23 13:38:13.451 [SERVICE-WORKER] fetching asset https://a.slack-edge.com/bv1-13-br/gantry-v2-async-node_modules_sqlite_org_sqlite-wasm_sqlite-wasm_jswasm_sqlite3-worker1-bundler-friendly_mjs.a9333264ff5f91f31637.min.js 
{
  "versionId": 0
}
[04/23/26, 13:38:13:452] info: Apr-23 13:38:13.451 [SERVICE-WORKER] fetching asset https://a.slack-edge.com/bv1-13-br/gantry-v2-async-straight-to-biz-plus-rocket-animation.e2640314039fc05ce192.min.js 
{
  "versionId": 0
}
[04/23/26, 13:38:13:453] info: Apr-23 13:38:13.453 [SERVICE-WORKER] fetching asset https://a.slack-edge.com/bv1-13-br/gantry-v2-async-workflow-builder-page-edit-hermes-workflow.4dc13342e85ec1bf009e.min.js 
{
  "versionId": 0
}
[04/23/26, 13:38:13:457] info: Apr-23 13:38:13.456 [SERVICE-WORKER] putting asset in cache https://a.slack-edge.com/bv1-13-br/gantry-v2-async-vendors-node_modules_sqlite_org_sqlite-wasm_sqlite-wasm_jswasm_sqlite3-opfs-async-proxy_js.b33d22168554afa1f34c.min.js 
{
  "versionId": 0
}
[04/23/26, 13:38:13:457] info: Apr-23 13:38:13.457 [SERVICE-WORKER] putting asset in cache https://a.slack-edge.com/bv1-13-br/gantry-v2-async-node_modules_sqlite_org_sqlite-wasm_sqlite-wasm_jswasm_sqlite3-worker1-bundler-friendly_mjs.a9333264ff5f91f31637.min.js 
{
  "versionId": 0
}
[04/23/26, 13:38:13:458] info: Apr-23 13:38:13.458 [SERVICE-WORKER] fetching asset https://a.slack-edge.com/bv1-13-br/gantry-v2-async-workflow-builder-page-workflow-deleted.2996a2898eb1283a61c0.min.js 
{
  "versionId": 0
}
[04/23/26, 13:38:13:459] info: Apr-23 13:38:13.458 [SERVICE-WORKER] putting asset in cache https://a.slack-edge.com/bv1-13-br/gantry-v2-async-workflow-builder-page-edit-hermes-workflow.4dc13342e85ec1bf009e.min.js 
{
  "versionId": 0
}
[04/23/26, 13:38:13:459] info: Apr-23 13:38:13.459 [SERVICE-WORKER] fetching asset https://a.slack-edge.com/bv1-13-br/gantry-v2-async-workflow-builder-page-workflow-list.688a96998fcc93b1aa31.min.js 
{
  "versionId": 0
}
[04/23/26, 13:38:13:462] info: Apr-23 13:38:13.462 [SERVICE-WORKER] putting asset in cache https://a.slack-edge.com/bv1-13-br/gantry-v2-async-straight-to-biz-plus-rocket-animation.e2640314039fc05ce192.min.js 
{
  "versionId": 0
}
[04/23/26, 13:38:13:468] info: Apr-23 13:38:13.468 [SERVICE-WORKER] putting asset in cache https://a.slack-edge.com/bv1-13-br/gantry-v2-async-workflow-builder-page-workflow-deleted.2996a2898eb1283a61c0.min.js 
{
  "versionId": 0
}
[04/23/26, 13:38:13:468] info: Apr-23 13:38:13.468 [SERVICE-WORKER] putting asset in cache https://a.slack-edge.com/bv1-13-br/gantry-v2-async-workflow-builder-page-workflow-list.688a96998fcc93b1aa31.min.js 
{
  "versionId": 0
}
[04/23/26, 13:38:13:472] info: Apr-23 13:38:13.472 [SERVICE-WORKER] fetching asset https://a.slack-edge.com/bv1-13-br/gantry-v2-async-workflow-builder-page-integrations.7f4e3ed94a27bfbe26dc.min.js 
{
  "versionId": 0
}
[04/23/26, 13:38:13:472] info: Apr-23 13:38:13.472 [SERVICE-WORKER] fetching asset https://a.slack-edge.com/bv1-13-br/gantry-v2-async-workflow-builder-page-create-empty-workflow.55698f22caddc67e818e.min.js 
{
  "versionId": 0
}
[04/23/26, 13:38:13:472] info: Apr-23 13:38:13.472 [SERVICE-WORKER] fetching asset https://a.slack-edge.com/bv1-13-br/gantry-v2-async-workflow-builder-page-url-error.4a998356024923317a75.min.js 
{
  "versionId": 0
}
[04/23/26, 13:38:13:473] info: Apr-23 13:38:13.472 [SERVICE-WORKER] fetching asset https://a.slack-edge.com/bv1-13-br/gantry-v2-async-workflow-builder-template-selection-workflow.39dae9b81f31c49ccb97.min.js 
{
  "versionId": 0
}
[04/23/26, 13:38:13:476] info: Apr-23 13:38:13.476 [SERVICE-WORKER] putting asset in cache https://a.slack-edge.com/bv1-13-br/gantry-v2-async-workflow-builder-page-integrations.7f4e3ed94a27bfbe26dc.min.js 
{
  "versionId": 0
}
[04/23/26, 13:38:13:478] info: Apr-23 13:38:13.477 [SERVICE-WORKER] putting asset in cache https://a.slack-edge.com/bv1-13-br/gantry-v2-async-workflow-builder-page-url-error.4a998356024923317a75.min.js 
{
  "versionId": 0
}
[04/23/26, 13:38:13:478] info: Apr-23 13:38:13.478 [SERVICE-WORKER] putting asset in cache https://a.slack-edge.com/bv1-13-br/gantry-v2-async-workflow-builder-template-selection-workflow.39dae9b81f31c49ccb97.min.js 
{
  "versionId": 0
}
[04/23/26, 13:38:13:480] info: Apr-23 13:38:13.479 [SERVICE-WORKER] fetching asset https://a.slack-edge.com/bv1-13-br/gantry-v2-async-workflow-builder-template-edit.d3d2f9169f884b03ab70.min.js 
{
  "versionId": 0
}
[04/23/26, 13:38:13:480] info: Apr-23 13:38:13.480 [SERVICE-WORKER] fetching asset https://a.slack-edge.com/bv1-13-br/gantry-v2-async-workflow-builder-template-steps-edit.8fa5b37f025a73c282e6.min.js 
{
  "versionId": 0
}
[04/23/26, 13:38:13:482] info: Apr-23 13:38:13.482 [SERVICE-WORKER] putting asset in cache https://a.slack-edge.com/bv1-13-br/gantry-v2-async-workflow-builder-page-create-empty-workflow.55698f22caddc67e818e.min.js 
{
  "versionId": 0
}
[04/23/26, 13:38:13:484] info: Apr-23 13:38:13.483 [SERVICE-WORKER] fetching asset https://a.slack-edge.com/bv1-13-br/gantry-v2-async-workflow-builder-page-agent.d762019aa6f9008c65ee.min.js 
{
  "versionId": 0
}
[04/23/26, 13:38:13:486] info: Apr-23 13:38:13.485 [SERVICE-WORKER] putting asset in cache https://a.slack-edge.com/bv1-13-br/gantry-v2-async-workflow-builder-template-steps-edit.8fa5b37f025a73c282e6.min.js 
{
  "versionId": 0
}
[04/23/26, 13:38:13:486] info: Apr-23 13:38:13.486 [SERVICE-WORKER] putting asset in cache https://a.slack-edge.com/bv1-13-br/gantry-v2-async-workflow-builder-template-edit.d3d2f9169f884b03ab70.min.js 
{
  "versionId": 0
}
[04/23/26, 13:38:13:486] info: Apr-23 13:38:13.486 [SERVICE-WORKER] fetching asset https://a.slack-edge.com/bv1-13-br/gantry-v2-async-slackbot-banner-animation.70613d809be533a0415b.min.js 
{
  "versionId": 0
}
[04/23/26, 13:38:13:487] info: Apr-23 13:38:13.487 [SERVICE-WORKER] fetching asset https://a.slack-edge.com/bv1-13-br/gantry-v2-async-slackbot-banner-darkmode-animation.f1844c7222bee9671cf9.min.js 
{
  "versionId": 0
}
[04/23/26, 13:38:13:489] info: Apr-23 13:38:13.489 [SERVICE-WORKER] fetching asset https://a.slack-edge.com/bv1-13-br/gantry-v2-async-mrbeast-confetti.json.a3992cc2879f6a12f971.min.js 
{
  "versionId": 0
}
[04/23/26, 13:38:13:490] info: Apr-23 13:38:13.490 [SERVICE-WORKER] putting asset in cache https://a.slack-edge.com/bv1-13-br/gantry-v2-async-workflow-builder-page-agent.d762019aa6f9008c65ee.min.js 
{
  "versionId": 0
}
[04/23/26, 13:38:13:497] info: Apr-23 13:38:13.496 [SERVICE-WORKER] putting asset in cache https://a.slack-edge.com/bv1-13-br/gantry-v2-async-slackbot-banner-animation.70613d809be533a0415b.min.js 
{
  "versionId": 0
}
[04/23/26, 13:38:13:499] info: Apr-23 13:38:13.498 [SERVICE-WORKER] putting asset in cache https://a.slack-edge.com/bv1-13-br/gantry-v2-async-slackbot-banner-darkmode-animation.f1844c7222bee9671cf9.min.js 
{
  "versionId": 0
}
[04/23/26, 13:38:13:501] info: Apr-23 13:38:13.501 [SERVICE-WORKER] fetching asset https://a.slack-edge.com/bv1-13-br/gantry-v2-async-client-browse-shortcuts-view.7f9ba6bfdf1ea294427b.min.js 
{
  "versionId": 0
}
[04/23/26, 13:38:13:503] info: Apr-23 13:38:13.502 [SERVICE-WORKER] putting asset in cache https://a.slack-edge.com/bv1-13-br/gantry-v2-async-mrbeast-confetti.json.a3992cc2879f6a12f971.min.js 
{
  "versionId": 0
}
[04/23/26, 13:38:13:504] info: Apr-23 13:38:13.503 [SERVICE-WORKER] fetching asset https://a.slack-edge.com/bv1-13-br/gantry-v2-async-client-workflow-templates-view.a2e583fa18cf95f9e69b.min.js 
{
  "versionId": 0
}
[04/23/26, 13:38:13:504] info: Apr-23 13:38:13.504 [SERVICE-WORKER] fetching asset https://a.slack-edge.com/bv1-13-br/gantry-v2-async-client-workflows-managed-by-you-view.3be1283023746f6c65af.min.js 
{
  "versionId": 0
}
[04/23/26, 13:38:13:504] info: Apr-23 13:38:13.504 [SERVICE-WORKER] fetching asset https://a.slack-edge.com/bv1-13-br/gantry-v2-async-client-your-workflow-templates-view.30f72d5d4e689770bc5f.min.js 
{
  "versionId": 0
}
[04/23/26, 13:38:13:506] info: Apr-23 13:38:13.506 [SERVICE-WORKER] putting asset in cache https://a.slack-edge.com/bv1-13-br/gantry-v2-async-client-browse-shortcuts-view.7f9ba6bfdf1ea294427b.min.js 
{
  "versionId": 0
}
[04/23/26, 13:38:13:507] info: Apr-23 13:38:13.507 [SERVICE-WORKER] fetching asset https://a.slack-edge.com/bv1-13-br/gantry-v2-async-client-agent-browser-my-agents-view.9b0bb8a28414db45c838.min.js 
{
  "versionId": 0
}
[04/23/26, 13:38:13:508] info: Apr-23 13:38:13.508 [SERVICE-WORKER] putting asset in cache https://a.slack-edge.com/bv1-13-br/gantry-v2-async-client-workflow-templates-view.a2e583fa18cf95f9e69b.min.js 
{
  "versionId": 0
}
[04/23/26, 13:38:13:509] info: Apr-23 13:38:13.508 [SERVICE-WORKER] putting asset in cache https://a.slack-edge.com/bv1-13-br/gantry-v2-async-client-your-workflow-templates-view.30f72d5d4e689770bc5f.min.js 
{
  "versionId": 0
}
[04/23/26, 13:38:13:509] info: Apr-23 13:38:13.509 [SERVICE-WORKER] putting asset in cache https://a.slack-edge.com/bv1-13-br/gantry-v2-async-client-workflows-managed-by-you-view.3be1283023746f6c65af.min.js 
{
  "versionId": 0
}
[04/23/26, 13:38:13:509] info: Apr-23 13:38:13.509 [SERVICE-WORKER] fetching asset https://a.slack-edge.com/bv1-13-br/gantry-v2-async-client-agent-browser-agent-exchange-view.0241d3d3fcc1e785c321.min.js 
{
  "versionId": 0
}
[04/23/26, 13:38:13:510] info: Apr-23 13:38:13.510 [SERVICE-WORKER] fetching asset https://a.slack-edge.com/bv1-13-br/gantry-v2-async-client-browse-sidekicks-view-content.39e27ff706ee75d634a6.min.js 
{
  "versionId": 0
}
[04/23/26, 13:38:13:510] info: Apr-23 13:38:13.510 [SERVICE-WORKER] fetching asset https://a.slack-edge.com/bv1-13-br/gantry-v2-async-workflow-builder-segment-form-loop.069f0550b170a297f468.min.js 
{
  "versionId": 0
}
[04/23/26, 13:38:13:511] info: Apr-23 13:38:13.511 [SERVICE-WORKER] putting asset in cache https://a.slack-edge.com/bv1-13-br/gantry-v2-async-client-agent-browser-my-agents-view.9b0bb8a28414db45c838.min.js 
{
  "versionId": 0
}
[04/23/26, 13:38:13:512] info: Apr-23 13:38:13.512 [SERVICE-WORKER] fetching asset https://a.slack-edge.com/bv1-13-br/gantry-v2-async-workflow-builder-segment-form-slack-function-form.b5dda013d2a16f5a45e7.min.js 
{
  "versionId": 0
}
[04/23/26, 13:38:13:513] info: Apr-23 13:38:13.513 [SERVICE-WORKER] putting asset in cache https://a.slack-edge.com/bv1-13-br/gantry-v2-async-client-agent-browser-agent-exchange-view.0241d3d3fcc1e785c321.min.js 
{
  "versionId": 0
}
[04/23/26, 13:38:13:514] info: Apr-23 13:38:13.514 [SERVICE-WORKER] putting asset in cache https://a.slack-edge.com/bv1-13-br/gantry-v2-async-client-browse-sidekicks-view-content.39e27ff706ee75d634a6.min.js 
{
  "versionId": 0
}
[04/23/26, 13:38:13:514] info: Apr-23 13:38:13.514 [SERVICE-WORKER] fetching asset https://a.slack-edge.com/bv1-13-br/gantry-v2-async-workflow-builder-segment-form-switch.b832ffb4dde9cf1208ba.min.js 
{
  "versionId": 0
}
[04/23/26, 13:38:13:515] info: Apr-23 13:38:13.515 [SERVICE-WORKER] fetching asset https://a.slack-edge.com/bv1-13-br/gantry-v2-async-workflow-builder-segment-form-third-party-event.c892c9ff533b44a54c2d.min.js 
{
  "versionId": 0
}
[04/23/26, 13:38:13:515] info: Apr-23 13:38:13.515 [SERVICE-WORKER] putting asset in cache https://a.slack-edge.com/bv1-13-br/gantry-v2-async-workflow-builder-segment-form-loop.069f0550b170a297f468.min.js 
{
  "versionId": 0
}
[04/23/26, 13:38:13:516] info: Apr-23 13:38:13.516 [SERVICE-WORKER] putting asset in cache https://a.slack-edge.com/bv1-13-br/gantry-v2-async-workflow-builder-segment-form-slack-function-form.b5dda013d2a16f5a45e7.min.js 
{
  "versionId": 0
}
[04/23/26, 13:38:13:516] info: Apr-23 13:38:13.516 [SERVICE-WORKER] fetching asset https://a.slack-edge.com/bv1-13-br/gantry-v2-async-workflow-builder-segment-form-hermes-scheduled.e5e02109d911dc375387.min.js 
{
  "versionId": 0
}
[04/23/26, 13:38:13:517] info: Apr-23 13:38:13.517 [SERVICE-WORKER] fetching asset https://a.slack-edge.com/bv1-13-br/gantry-v2-async-workflow-builder-segment-form-hermes-webhook.4efac6b521b2a3cc7e40.min.js 
{
  "versionId": 0
}
[04/23/26, 13:38:13:519] info: Apr-23 13:38:13.519 [SERVICE-WORKER] putting asset in cache https://a.slack-edge.com/bv1-13-br/gantry-v2-async-workflow-builder-segment-form-switch.b832ffb4dde9cf1208ba.min.js 
{
  "versionId": 0
}
[04/23/26, 13:38:13:520] info: Apr-23 13:38:13.520 [SERVICE-WORKER] putting asset in cache https://a.slack-edge.com/bv1-13-br/gantry-v2-async-workflow-builder-segment-form-third-party-event.c892c9ff533b44a54c2d.min.js 
{
  "versionId": 0
}
[04/23/26, 13:38:13:521] info: Apr-23 13:38:13.520 [SERVICE-WORKER] putting asset in cache https://a.slack-edge.com/bv1-13-br/gantry-v2-async-workflow-builder-segment-form-hermes-scheduled.e5e02109d911dc375387.min.js 
{
  "versionId": 0
}
[04/23/26, 13:38:13:521] info: Apr-23 13:38:13.520 [SERVICE-WORKER] fetching asset https://a.slack-edge.com/bv1-13-br/gantry-v2-async-workflow-builder-segment-form-shortcut.d4ca967d2ef4112b620f.min.js 
{
  "versionId": 0
}
[04/23/26, 13:38:13:522] info: Apr-23 13:38:13.522 [SERVICE-WORKER] putting asset in cache https://a.slack-edge.com/bv1-13-br/gantry-v2-async-workflow-builder-segment-form-hermes-webhook.4efac6b521b2a3cc7e40.min.js 
{
  "versionId": 0
}
[04/23/26, 13:38:13:522] info: Apr-23 13:38:13.522 [SERVICE-WORKER] fetching asset https://a.slack-edge.com/bv1-13-br/gantry-v2-async-workflow-builder-segment-form-slack-event.690fd3755fc0d9caece9.min.js 
{
  "versionId": 0
}
[04/23/26, 13:38:13:523] info: Apr-23 13:38:13.522 [SERVICE-WORKER] fetching asset https://a.slack-edge.com/bv1-13-br/gantry-v2-async-gantry-v2-vendors-async.0d1ad3c57f99baf695d8.min.js 
{
  "versionId": 0
}
[04/23/26, 13:38:13:523] info: Apr-23 13:38:13.523 [SERVICE-WORKER] fetching asset https://a.slack-edge.com/bv1-13-br/gantry-v2-async-gantry-v2-shared-boot-async.2f55a4550ddf536ec6bc.min.js 
{
  "versionId": 0
}
[04/23/26, 13:38:13:526] info: Apr-23 13:38:13.525 [SERVICE-WORKER] putting asset in cache https://a.slack-edge.com/bv1-13-br/gantry-v2-async-workflow-builder-segment-form-shortcut.d4ca967d2ef4112b620f.min.js 
{
  "versionId": 0
}
[04/23/26, 13:38:13:527] info: Apr-23 13:38:13.526 [SERVICE-WORKER] fetching asset https://a.slack-edge.com/bv1-13-br/gantry-v2-vendors.9d9f4032a1e11d1307e8.min.js 
{
  "versionId": 0
}
[04/23/26, 13:38:13:527] info: Apr-23 13:38:13.527 [SERVICE-WORKER] putting asset in cache https://a.slack-edge.com/bv1-13-br/gantry-v2-async-workflow-builder-segment-form-slack-event.690fd3755fc0d9caece9.min.js 
{
  "versionId": 0
}
[04/23/26, 13:38:13:528] info: Apr-23 13:38:13.527 [SERVICE-WORKER] putting asset in cache https://a.slack-edge.com/bv1-13-br/gantry-v2-async-gantry-v2-shared-boot-async.2f55a4550ddf536ec6bc.min.js 
{
  "versionId": 0
}
[04/23/26, 13:38:13:529] info: Apr-23 13:38:13.529 [SERVICE-WORKER] fetching asset https://a.slack-edge.com/bv1-13-br/gantry-v2-async-gantry-v2-vendors-async-client.59c68d72df009e51aba3.min.js 
{
  "versionId": 0
}
[04/23/26, 13:38:13:536] info: Apr-23 13:38:13.536 [SERVICE-WORKER] putting asset in cache https://a.slack-edge.com/bv1-13-br/gantry-v2-async-gantry-v2-vendors-async.0d1ad3c57f99baf695d8.min.js 
{
  "versionId": 0
}
[04/23/26, 13:38:13:557] info: Apr-23 13:38:13.557 [SERVICE-WORKER] putting asset in cache https://a.slack-edge.com/bv1-13-br/gantry-v2-vendors.9d9f4032a1e11d1307e8.min.js 
{
  "versionId": 0
}
[04/23/26, 13:38:13:560] info: Apr-23 13:38:13.559 [SERVICE-WORKER] putting asset in cache https://a.slack-edge.com/bv1-13-br/gantry-v2-async-gantry-v2-vendors-async-client.59c68d72df009e51aba3.min.js 
{
  "versionId": 0
}
[04/23/26, 13:38:13:566] info: Apr-23 13:38:13.566 [SERVICE-WORKER] fetching asset https://a.slack-edge.com/bv1-13-br/gantry-v2-async-gantry-v2-vendors-async-workflow-builder.36c4015f818705c5a3e0.min.js 
{
  "versionId": 0
}
[04/23/26, 13:38:13:586] info: Apr-23 13:38:13.585 [SERVICE-WORKER] putting asset in cache https://a.slack-edge.com/bv1-13-br/gantry-v2-async-gantry-v2-vendors-async-workflow-builder.36c4015f818705c5a3e0.min.js 
{
  "versionId": 0
}
[04/23/26, 13:38:13:587] info: Apr-23 13:38:13.587 [SERVICE-WORKER] fetching asset https://a.slack-edge.com/bv1-13-br/gantry-v2-vendors-client.fc906c160d2eb91d6a81.min.js 
{
  "versionId": 0
}
[04/23/26, 13:38:13:592] info: Apr-23 13:38:13.592 [SERVICE-WORKER] fetching asset https://a.slack-edge.com/bv1-13-br/gantry-v2-shared.b76defb2b485215b4254.min.js 
{
  "versionId": 0
}
[04/23/26, 13:38:13:623] info: Apr-23 13:38:13.622 [SERVICE-WORKER] putting asset in cache https://a.slack-edge.com/bv1-13-br/gantry-v2-vendors-client.fc906c160d2eb91d6a81.min.js 
{
  "versionId": 0
}
[04/23/26, 13:38:13:623] info: Apr-23 13:38:13.623 [SERVICE-WORKER] putting asset in cache https://a.slack-edge.com/bv1-13-br/gantry-v2-shared.b76defb2b485215b4254.min.js 
{
  "versionId": 0
}
[04/23/26, 13:38:13:714] info: Apr-23 13:38:13.714 [SERVICE-WORKER] fetching asset https://a.slack-edge.com/bv1-13-br/gantry-v2-async-vendors-node_modules_recharts_es6_cartesian_CartesianGrid_js-node_modules_recharts_es6_chart_-553340.d56eae80f59b60a70dbe.min.js 
{
  "versionId": 0
}
[04/23/26, 13:38:13:714] info: Apr-23 13:38:13.714 [SERVICE-WORKER] fetching asset https://a.slack-edge.com/bv1-13-br/gantry-v2-async-vendors-node_modules_codemirror_addon_mode_overlay_js-node_modules_codemirror_mode_htmlmixed_-38ceb7.89191c90a0deda93aeca.min.js 
{
  "versionId": 0
}
[04/23/26, 13:38:13:720] info: Apr-23 13:38:13.720 [SERVICE-WORKER] putting asset in cache https://a.slack-edge.com/bv1-13-br/gantry-v2-async-vendors-node_modules_recharts_es6_cartesian_CartesianGrid_js-node_modules_recharts_es6_chart_-553340.d56eae80f59b60a70dbe.min.js 
{
  "versionId": 0
}
[04/23/26, 13:38:13:722] info: Apr-23 13:38:13.721 [SERVICE-WORKER] putting asset in cache https://a.slack-edge.com/bv1-13-br/gantry-v2-async-vendors-node_modules_codemirror_addon_mode_overlay_js-node_modules_codemirror_mode_htmlmixed_-38ceb7.89191c90a0deda93aeca.min.js 
{
  "versionId": 0
}
[04/23/26, 13:38:13:729] info: Apr-23 13:38:13.729 [SERVICE-WORKER] fetching asset https://a.slack-edge.com/bv1-13-br/gantry-v2-async-vendors-node_modules_mediapipe_selfie_segmentation_selfie_segmentation_js-node_modules_tensor-f12dad.843def897efacb26bb27.min.js 
{
  "versionId": 0
}
[04/23/26, 13:38:13:735] info: Apr-23 13:38:13.735 [SERVICE-WORKER] fetching asset https://a.slack-edge.com/bv1-13-br/gantry-v2-async-vendors-node_modules_sqlite_org_sqlite-wasm_sqlite-wasm_jswasm_sqlite3-bundler-friendly_mjs.8c0672ada0c4db453994.min.js 
{
  "versionId": 0
}
[04/23/26, 13:38:13:735] info: Apr-23 13:38:13.735 [SERVICE-WORKER] putting asset in cache https://a.slack-edge.com/bv1-13-br/gantry-v2-async-vendors-node_modules_mediapipe_selfie_segmentation_selfie_segmentation_js-node_modules_tensor-f12dad.843def897efacb26bb27.min.js 
{
  "versionId": 0
}
[04/23/26, 13:38:13:743] info: Apr-23 13:38:13.743 [SERVICE-WORKER] putting asset in cache https://a.slack-edge.com/bv1-13-br/gantry-v2-async-vendors-node_modules_sqlite_org_sqlite-wasm_sqlite-wasm_jswasm_sqlite3-bundler-friendly_mjs.8c0672ada0c4db453994.min.js 
{
  "versionId": 0
}
[04/23/26, 13:38:13:747] info: Apr-23 13:38:13.747 [SERVICE-WORKER] fetching asset https://a.slack-edge.com/bv1-13-br/gantry-v2-async-vendors-node_modules_mcp-ui_client_dist_index_mjs.8b66fbf4870c35c5cdc6.min.js 
{
  "versionId": 0
}
[04/23/26, 13:38:13:751] info: Apr-23 13:38:13.750 [SERVICE-WORKER] fetching asset https://a.slack-edge.com/bv1-13-br/gantry-v2-async-vendors-node_modules_codemirror_addon_mode_simple_js-node_modules_codemirror_mode_clike_clike-24f51a.7184321d0964eb6b7b16.min.js 
{
  "versionId": 0
}
[04/23/26, 13:38:13:752] info: Apr-23 13:38:13.752 [SERVICE-WORKER] putting asset in cache https://a.slack-edge.com/bv1-13-br/gantry-v2-async-vendors-node_modules_mcp-ui_client_dist_index_mjs.8b66fbf4870c35c5cdc6.min.js 
{
  "versionId": 0
}
[04/23/26, 13:38:13:757] info: Apr-23 13:38:13.757 [SERVICE-WORKER] putting asset in cache https://a.slack-edge.com/bv1-13-br/gantry-v2-async-vendors-node_modules_codemirror_addon_mode_simple_js-node_modules_codemirror_mode_clike_clike-24f51a.7184321d0964eb6b7b16.min.js 
{
  "versionId": 0
}
[04/23/26, 13:38:13:798] info: Apr-23 13:38:13.798 [SERVICE-WORKER] fetching asset https://a.slack-edge.com/bv1-13-br/gantry-v2-async-vendors-node_modules_codemirror_mode_handlebars_handlebars_js-node_modules_codemirror_mode_ha-4cd3fd.5ca4a1e1f490c9c3ddec.min.js 
{
  "versionId": 0
}
[04/23/26, 13:38:13:799] info: Apr-23 13:38:13.798 [SERVICE-WORKER] fetching asset https://a.slack-edge.com/bv1-13-br/gantry-v2-async-vendors-node_modules_sqlite_org_sqlite-wasm_index_mjs-node_modules_kysely_dist_esm_dialect_sq-3ee74a.b573590758fed75567fb.min.js 
{
  "versionId": 0
}
[04/23/26, 13:38:13:799] info: Apr-23 13:38:13.799 [SERVICE-WORKER] fetching asset https://a.slack-edge.com/bv1-13-br/gantry-v2-async-vendors-node_modules_c3_c3_js-node_modules_d3-selection_index_js.a394e33e9ae7ef4705b5.min.js 
{
  "versionId": 0
}
[04/23/26, 13:38:13:799] info: Apr-23 13:38:13.799 [SERVICE-WORKER] fetching asset https://a.slack-edge.com/bv1-13-br/gantry-v2-async-vendors-node_modules_codemirror_mode_htmlmixed_htmlmixed_js-node_modules_react-codemirror2_index_js.5ab260c82a973b63a626.min.js 
{
  "versionId": 0
}
[04/23/26, 13:38:13:806] info: Apr-23 13:38:13.806 [SERVICE-WORKER] putting asset in cache https://a.slack-edge.com/bv1-13-br/gantry-v2-async-vendors-node_modules_c3_c3_js-node_modules_d3-selection_index_js.a394e33e9ae7ef4705b5.min.js 
{
  "versionId": 0
}
[04/23/26, 13:38:13:811] info: Apr-23 13:38:13.811 [SERVICE-WORKER] putting asset in cache https://a.slack-edge.com/bv1-13-br/gantry-v2-async-vendors-node_modules_codemirror_mode_htmlmixed_htmlmixed_js-node_modules_react-codemirror2_index_js.5ab260c82a973b63a626.min.js 
{
  "versionId": 0
}
[04/23/26, 13:38:13:814] info: Apr-23 13:38:13.813 [SERVICE-WORKER] putting asset in cache https://a.slack-edge.com/bv1-13-br/gantry-v2-async-vendors-node_modules_codemirror_mode_handlebars_handlebars_js-node_modules_codemirror_mode_ha-4cd3fd.5ca4a1e1f490c9c3ddec.min.js 
{
  "versionId": 0
}
[04/23/26, 13:38:13:814] info: Apr-23 13:38:13.814 [SERVICE-WORKER] putting asset in cache https://a.slack-edge.com/bv1-13-br/gantry-v2-async-vendors-node_modules_sqlite_org_sqlite-wasm_index_mjs-node_modules_kysely_dist_esm_dialect_sq-3ee74a.b573590758fed75567fb.min.js 
{
  "versionId": 0
}
[04/23/26, 13:38:13:817] info: Apr-23 13:38:13.816 [SERVICE-WORKER] fetching asset https://a.slack-edge.com/bv1-13-br/gantry-v2-async-vendors-node_modules_react-codemirror2_index_js.984ed727973e50501e1b.min.js 
{
  "versionId": 0
}
[04/23/26, 13:38:13:817] info: Apr-23 13:38:13.817 [SERVICE-WORKER] fetching asset /boot/workflow-builder.html 
{
  "versionId": 0
}
[04/23/26, 13:38:13:818] info: Apr-23 13:38:13.817 [SERVICE-WORKER] fetching asset https://a.slack-edge.com/bv1-13-br/gantry-v2-async-vendors-node_modules_mediapipe_tasks-vision_vision_bundle_mjs.534f4e957bd579a8412b.min.js 
{
  "versionId": 0
}
[04/23/26, 13:38:13:818] info: Apr-23 13:38:13.818 [SERVICE-WORKER] fetching asset /boot/client-v2.html 
{
  "versionId": 0
}
[04/23/26, 13:38:13:824] info: Apr-23 13:38:13.824 [SERVICE-WORKER] putting asset in cache https://a.slack-edge.com/bv1-13-br/gantry-v2-async-vendors-node_modules_mediapipe_tasks-vision_vision_bundle_mjs.534f4e957bd579a8412b.min.js 
{
  "versionId": 0
}
[04/23/26, 13:38:13:826] info: Apr-23 13:38:13.825 [SERVICE-WORKER] putting asset in cache https://a.slack-edge.com/bv1-13-br/gantry-v2-async-vendors-node_modules_react-codemirror2_index_js.984ed727973e50501e1b.min.js 
{
  "versionId": 0
}
[04/23/26, 13:38:13:947] info: Apr-23 13:38:13.947 [SERVICE-WORKER] putting asset in cache /boot/client-v2.html 
{
  "versionId": 0
}
[04/23/26, 13:38:13:954] info: Apr-23 13:38:13.954 [SERVICE-WORKER] putting asset in cache /boot/workflow-builder.html 
{
  "versionId": 0
}
[04/23/26, 13:38:13:964] info: Apr-23 13:38:13.964 [SERVICE-WORKER] All files fetched and put in cache in 1245.7999999998137ms 
{
  "versionId": 0
}
[04/23/26, 13:38:38:639] info: Apr-23 13:38:38.639 [SERVICE-WORKER] responding with fetch https://a.slack-edge.com/canvas_blob/RxnEyllqIW_9mizf1vEgeA-module-loader 
{
  "versionId": 0
}
[04/23/26, 13:38:38:649] info: Apr-23 13:38:38.649 [SERVICE-WORKER] responding with fetch https://a.slack-edge.com/canvas_blob/RxnEyllqIW_9mizf1vEgeA-module-loader 
{
  "versionId": 0
}
[04/23/26, 13:38:38:652] info: Apr-23 13:38:38.651 [SERVICE-WORKER] responding with fetch https://a.slack-edge.com/canvas_blob/oSYH7HJ86F3wQjt62IiWCA 
{
  "versionId": 0
}
[04/23/26, 13:38:38:674] info: Apr-23 13:38:38.674 [SERVICE-WORKER] responding with fetch https://a.slack-edge.com/canvas_blob/oSYH7HJ86F3wQjt62IiWCA 
{
  "versionId": 0
}
[04/23/26, 13:38:38:707] info: Apr-23 13:38:38.707 [SERVICE-WORKER] responding with fetch https://a.slack-edge.com/canvas_blob/S_G3Vq-_i1KffIlQQtGc8w-ancillary 
{
  "versionId": 0
}
[04/23/26, 13:38:38:797] info: Apr-23 13:38:38.797 [SERVICE-WORKER] responding with fetch https://a.slack-edge.com/canvas_blob/0QFFwVZVopw7jrqTssa31w 
{
  "versionId": 0
}
[04/23/26, 13:38:38:814] info: Apr-23 13:38:38.814 [SERVICE-WORKER] fetching asset //a.slack-edge.com/canvas_blob/vIxJDX5kaIEah2oF_sJ3lg-chunk 
{
  "versionId": 0
}
[04/23/26, 13:38:38:814] info: Apr-23 13:38:38.814 [SERVICE-WORKER] fetching asset //a.slack-edge.com/canvas_blob/S_G3Vq-_i1KffIlQQtGc8w-ancillary 
{
  "versionId": 0
}
[04/23/26, 13:38:38:814] info: Apr-23 13:38:38.814 [SERVICE-WORKER] fetching asset //a.slack-edge.com/canvas_blob/iuFng8_P8CbbHNx_hTq0HA-chunk 
{
  "versionId": 0
}
[04/23/26, 13:38:38:814] info: Apr-23 13:38:38.814 [SERVICE-WORKER] fetching asset //a.slack-edge.com/canvas_blob/37geItnwJmlY_iT5zfWh5A-chunk 
{
  "versionId": 0
}
[04/23/26, 13:38:38:815] info: Apr-23 13:38:38.814 [SERVICE-WORKER] responding with fetch https://a.slack-edge.com/canvas_blob/vIxJDX5kaIEah2oF_sJ3lg-chunk 
{
  "versionId": 0
}
[04/23/26, 13:38:38:816] info: Apr-23 13:38:38.815 [SERVICE-WORKER] putting asset in cache //a.slack-edge.com/canvas_blob/S_G3Vq-_i1KffIlQQtGc8w-ancillary 
{
  "versionId": 0
}
[04/23/26, 13:38:38:819] info: Apr-23 13:38:38.819 [SERVICE-WORKER] fetching asset //a.slack-edge.com/canvas_blob/mp1W-zURFQPLNDCmtP9Dqw-chunk 
{
  "versionId": 0
}
[04/23/26, 13:38:38:820] info: Apr-23 13:38:38.820 [SERVICE-WORKER] putting asset in cache //a.slack-edge.com/canvas_blob/vIxJDX5kaIEah2oF_sJ3lg-chunk 
{
  "versionId": 0
}
[04/23/26, 13:38:38:820] info: Apr-23 13:38:38.820 [SERVICE-WORKER] putting asset in cache //a.slack-edge.com/canvas_blob/37geItnwJmlY_iT5zfWh5A-chunk 
{
  "versionId": 0
}
[04/23/26, 13:38:38:821] info: Apr-23 13:38:38.821 [SERVICE-WORKER] putting asset in cache //a.slack-edge.com/canvas_blob/iuFng8_P8CbbHNx_hTq0HA-chunk 
{
  "versionId": 0
}
[04/23/26, 13:38:38:822] info: Apr-23 13:38:38.822 [SERVICE-WORKER] fetching asset //a.slack-edge.com/canvas_blob/kaNPLFodzRSI0qiaN3AbIQ-chunk 
{
  "versionId": 0
}
[04/23/26, 13:38:38:824] info: Apr-23 13:38:38.824 [SERVICE-WORKER] fetching asset //a.slack-edge.com/canvas_blob/Eg61ziYCh5ErOffGvkWGug-chunk 
{
  "versionId": 0
}
[04/23/26, 13:38:38:825] info: Apr-23 13:38:38.825 [SERVICE-WORKER] responding from cache https://a.slack-edge.com/bv1-13-br/lato-regular-f1aa7a0.woff2 
{
  "versionId": 0
}
[04/23/26, 13:38:38:833] info: Apr-23 13:38:38.833 [SERVICE-WORKER] responding from cache https://a.slack-edge.com/bv1-13-br/lato-bold-31816c2.woff2 
{
  "versionId": 0
}
[04/23/26, 13:38:38:837] info: Apr-23 13:38:38.837 [SERVICE-WORKER] responding from cache https://a.slack-edge.com/bv1-13-br/lato-black-d3e44e6.woff2 
{
  "versionId": 0
}
[04/23/26, 13:38:38:837] info: Apr-23 13:38:38.837 [SERVICE-WORKER] putting asset in cache //a.slack-edge.com/canvas_blob/mp1W-zURFQPLNDCmtP9Dqw-chunk 
{
  "versionId": 0
}
[04/23/26, 13:38:38:838] info: Apr-23 13:38:38.837 [SERVICE-WORKER] putting asset in cache //a.slack-edge.com/canvas_blob/kaNPLFodzRSI0qiaN3AbIQ-chunk 
{
  "versionId": 0
}
[04/23/26, 13:38:38:838] info: Apr-23 13:38:38.838 [SERVICE-WORKER] responding from cache https://a.slack-edge.com/bv1-13-br/slack-icons-v2-913df50.woff2 
{
  "versionId": 0
}
[04/23/26, 13:38:38:838] info: Apr-23 13:38:38.838 [SERVICE-WORKER] putting asset in cache //a.slack-edge.com/canvas_blob/Eg61ziYCh5ErOffGvkWGug-chunk 
{
  "versionId": 0
}
[04/23/26, 13:38:38:839] info: Apr-23 13:38:38.839 [SERVICE-WORKER] fetching asset //a.slack-edge.com/canvas_blob/hbX7iWtaxXOEHKgO4QMZGw-chunk 
{
  "versionId": 0
}
[04/23/26, 13:38:38:840] info: Apr-23 13:38:38.839 [SERVICE-WORKER] fetching asset //a.slack-edge.com/canvas_blob/Xdi8zb__uv-i5y3n0VPS-A-chunk 
{
  "versionId": 0
}
[04/23/26, 13:38:38:840] info: Apr-23 13:38:38.840 [SERVICE-WORKER] fetching asset //a.slack-edge.com/canvas_blob/zQKHockVf0hALPE0k4hcJQ-chunk 
{
  "versionId": 0
}
[04/23/26, 13:38:38:844] info: Apr-23 13:38:38.843 [SERVICE-WORKER] fetching asset //a.slack-edge.com/canvas_blob/_82dPNszy6x1sgYXC9AfAA-chunk 
{
  "versionId": 0
}
[04/23/26, 13:38:38:844] info: Apr-23 13:38:38.844 [SERVICE-WORKER] putting asset in cache //a.slack-edge.com/canvas_blob/hbX7iWtaxXOEHKgO4QMZGw-chunk 
{
  "versionId": 0
}
[04/23/26, 13:38:38:845] info: Apr-23 13:38:38.845 [SERVICE-WORKER] putting asset in cache //a.slack-edge.com/canvas_blob/Xdi8zb__uv-i5y3n0VPS-A-chunk 
{
  "versionId": 0
}
[04/23/26, 13:38:38:846] info: Apr-23 13:38:38.845 [SERVICE-WORKER] fetching asset //a.slack-edge.com/canvas_blob/6qt-W9GTWSWLUdM8S46Sjw-chunk 
{
  "versionId": 0
}
[04/23/26, 13:38:38:846] info: Apr-23 13:38:38.846 [SERVICE-WORKER] putting asset in cache //a.slack-edge.com/canvas_blob/zQKHockVf0hALPE0k4hcJQ-chunk 
{
  "versionId": 0
}
[04/23/26, 13:38:38:847] info: Apr-23 13:38:38.847 [SERVICE-WORKER] fetching asset //a.slack-edge.com/canvas_blob/4KieTuhgp5DQ-uTrmLPf8w-chunk 
{
  "versionId": 0
}
[04/23/26, 13:38:38:847] info: Apr-23 13:38:38.847 [SERVICE-WORKER] fetching asset //a.slack-edge.com/canvas_blob/E_fpFaDTrT5O-2qWw2dw2w-chunk 
{
  "versionId": 0
}
[04/23/26, 13:38:38:849] info: Apr-23 13:38:38.849 [SERVICE-WORKER] putting asset in cache //a.slack-edge.com/canvas_blob/_82dPNszy6x1sgYXC9AfAA-chunk 
{
  "versionId": 0
}
[04/23/26, 13:38:38:850] info: Apr-23 13:38:38.850 [SERVICE-WORKER] putting asset in cache //a.slack-edge.com/canvas_blob/6qt-W9GTWSWLUdM8S46Sjw-chunk 
{
  "versionId": 0
}
[04/23/26, 13:38:38:851] info: Apr-23 13:38:38.850 [SERVICE-WORKER] fetching asset //a.slack-edge.com/canvas_blob/WbPyjDMtlN7GXuHde-ATyw-chunk 
{
  "versionId": 0
}
[04/23/26, 13:38:38:851] info: Apr-23 13:38:38.851 [SERVICE-WORKER] fetching asset //a.slack-edge.com/canvas_blob/WIAx5gmMNy3cAnCk3uZWqg-chunk 
{
  "versionId": 0
}
[04/23/26, 13:38:38:852] info: Apr-23 13:38:38.852 [SERVICE-WORKER] putting asset in cache //a.slack-edge.com/canvas_blob/E_fpFaDTrT5O-2qWw2dw2w-chunk 
{
  "versionId": 0
}
[04/23/26, 13:38:38:852] info: Apr-23 13:38:38.852 [SERVICE-WORKER] putting asset in cache //a.slack-edge.com/canvas_blob/4KieTuhgp5DQ-uTrmLPf8w-chunk 
{
  "versionId": 0
}
[04/23/26, 13:38:38:853] info: Apr-23 13:38:38.853 [SERVICE-WORKER] fetching asset //a.slack-edge.com/canvas_blob/ZG6GeIcSreKpfnZO9JWOhA-chunk 
{
  "versionId": 0
}
[04/23/26, 13:38:38:853] info: Apr-23 13:38:38.853 [SERVICE-WORKER] fetching asset //a.slack-edge.com/canvas_blob/5JReYbiN_kAXi5moQsdDVA-chunk 
{
  "versionId": 0
}
[04/23/26, 13:38:38:856] info: Apr-23 13:38:38.855 [SERVICE-WORKER] putting asset in cache //a.slack-edge.com/canvas_blob/WIAx5gmMNy3cAnCk3uZWqg-chunk 
{
  "versionId": 0
}
[04/23/26, 13:38:38:856] info: Apr-23 13:38:38.856 [SERVICE-WORKER] putting asset in cache //a.slack-edge.com/canvas_blob/WbPyjDMtlN7GXuHde-ATyw-chunk 
{
  "versionId": 0
}
[04/23/26, 13:38:38:857] info: Apr-23 13:38:38.857 [SERVICE-WORKER] fetching asset //a.slack-edge.com/canvas_blob/XTh-xwjzrPQeBhtFrUXOiw-chunk 
{
  "versionId": 0
}
[04/23/26, 13:38:38:869] info: Apr-23 13:38:38.869 [SERVICE-WORKER] putting asset in cache //a.slack-edge.com/canvas_blob/5JReYbiN_kAXi5moQsdDVA-chunk 
{
  "versionId": 0
}
[04/23/26, 13:38:38:870] info: Apr-23 13:38:38.870 [SERVICE-WORKER] putting asset in cache //a.slack-edge.com/canvas_blob/ZG6GeIcSreKpfnZO9JWOhA-chunk 
{
  "versionId": 0
}
[04/23/26, 13:38:38:871] info: Apr-23 13:38:38.870 [SERVICE-WORKER] putting asset in cache //a.slack-edge.com/canvas_blob/XTh-xwjzrPQeBhtFrUXOiw-chunk 
{
  "versionId": 0
}
[04/23/26, 13:38:38:872] info: Apr-23 13:38:38.872 [SERVICE-WORKER] fetching asset //a.slack-edge.com/canvas_blob/Y7DpcR9I_B9MY8ez1TAO6Q-chunk 
{
  "versionId": 0
}
[04/23/26, 13:38:38:874] info: Apr-23 13:38:38.874 [SERVICE-WORKER] fetching asset //a.slack-edge.com/canvas_blob/sSG_K1ua2NGWyQ_kDvbvqA-chunk 
{
  "versionId": 0
}
[04/23/26, 13:38:38:875] info: Apr-23 13:38:38.874 [SERVICE-WORKER] fetching asset //a.slack-edge.com/canvas_blob/vDx_0qqYuTWAxGPqAbOvIg-chunk 
{
  "versionId": 0
}
[04/23/26, 13:38:38:875] info: Apr-23 13:38:38.874 [SERVICE-WORKER] fetching asset //a.slack-edge.com/canvas_blob/5w255YpeKtObQxGaHbe2aA-chunk 
{
  "versionId": 0
}
[04/23/26, 13:38:38:878] info: Apr-23 13:38:38.878 [SERVICE-WORKER] putting asset in cache //a.slack-edge.com/canvas_blob/Y7DpcR9I_B9MY8ez1TAO6Q-chunk 
{
  "versionId": 0
}
[04/23/26, 13:38:38:879] info: Apr-23 13:38:38.879 [SERVICE-WORKER] fetching asset //a.slack-edge.com/canvas_blob/dKRXP8C1gEJnEK12s8n99w-chunk 
{
  "versionId": 0
}
[04/23/26, 13:38:38:880] info: Apr-23 13:38:38.880 [SERVICE-WORKER] putting asset in cache //a.slack-edge.com/canvas_blob/5w255YpeKtObQxGaHbe2aA-chunk 
{
  "versionId": 0
}
[04/23/26, 13:38:38:881] info: Apr-23 13:38:38.880 [SERVICE-WORKER] putting asset in cache //a.slack-edge.com/canvas_blob/sSG_K1ua2NGWyQ_kDvbvqA-chunk 
{
  "versionId": 0
}
[04/23/26, 13:38:38:881] info: Apr-23 13:38:38.881 [SERVICE-WORKER] putting asset in cache //a.slack-edge.com/canvas_blob/vDx_0qqYuTWAxGPqAbOvIg-chunk 
{
  "versionId": 0
}
[04/23/26, 13:38:38:882] info: Apr-23 13:38:38.882 [SERVICE-WORKER] fetching asset //a.slack-edge.com/canvas_blob/Ld3jUKUgwdk3kgZe6G9inA-chunk 
{
  "versionId": 0
}
[04/23/26, 13:38:38:882] info: Apr-23 13:38:38.882 [SERVICE-WORKER] fetching asset //a.slack-edge.com/canvas_blob/vrR-nKQOYZzx2bsG8w4m2g-chunk 
{
  "versionId": 0
}
[04/23/26, 13:38:38:883] info: Apr-23 13:38:38.882 [SERVICE-WORKER] fetching asset //a.slack-edge.com/canvas_blob/aDujTszlvwOogFuZFC-8rQ-chunk 
{
  "versionId": 0
}
[04/23/26, 13:38:38:885] info: Apr-23 13:38:38.885 [SERVICE-WORKER] putting asset in cache //a.slack-edge.com/canvas_blob/dKRXP8C1gEJnEK12s8n99w-chunk 
{
  "versionId": 0
}
[04/23/26, 13:38:38:886] info: Apr-23 13:38:38.886 [SERVICE-WORKER] fetching asset //a.slack-edge.com/canvas_blob/PeAsiCT4ifSneW4WqYaAEQ-chunk 
{
  "versionId": 0
}
[04/23/26, 13:38:38:890] info: Apr-23 13:38:38.890 [SERVICE-WORKER] putting asset in cache //a.slack-edge.com/canvas_blob/Ld3jUKUgwdk3kgZe6G9inA-chunk 
{
  "versionId": 0
}
[04/23/26, 13:38:38:890] info: Apr-23 13:38:38.890 [SERVICE-WORKER] putting asset in cache //a.slack-edge.com/canvas_blob/vrR-nKQOYZzx2bsG8w4m2g-chunk 
{
  "versionId": 0
}
[04/23/26, 13:38:38:891] info: Apr-23 13:38:38.891 [SERVICE-WORKER] putting asset in cache //a.slack-edge.com/canvas_blob/aDujTszlvwOogFuZFC-8rQ-chunk 
{
  "versionId": 0
}
[04/23/26, 13:38:38:892] info: Apr-23 13:38:38.892 [SERVICE-WORKER] fetching asset //a.slack-edge.com/canvas_blob/lVG4_D_vkis0VEYZnFJnBQ-chunk 
{
  "versionId": 0
}
[04/23/26, 13:38:38:893] info: Apr-23 13:38:38.892 [SERVICE-WORKER] fetching asset //a.slack-edge.com/canvas_blob/59yBEaQG4pxGFe0zZotNJA-chunk 
{
  "versionId": 0
}
[04/23/26, 13:38:38:893] info: Apr-23 13:38:38.893 [SERVICE-WORKER] fetching asset //a.slack-edge.com/canvas_blob/KP_Isnj1IN-NH71pfsnB6Q-chunk 
{
  "versionId": 0
}
[04/23/26, 13:38:38:893] info: Apr-23 13:38:38.893 [SERVICE-WORKER] putting asset in cache //a.slack-edge.com/canvas_blob/PeAsiCT4ifSneW4WqYaAEQ-chunk 
{
  "versionId": 0
}
[04/23/26, 13:38:38:895] info: Apr-23 13:38:38.894 [SERVICE-WORKER] fetching asset //a.slack-edge.com/canvas_blob/1UZ09hF7pSGVgiWp5FDtKQ-chunk 
{
  "versionId": 0
}
[04/23/26, 13:38:38:899] info: Apr-23 13:38:38.899 [SERVICE-WORKER] putting asset in cache //a.slack-edge.com/canvas_blob/59yBEaQG4pxGFe0zZotNJA-chunk 
{
  "versionId": 0
}
[04/23/26, 13:38:38:899] info: Apr-23 13:38:38.899 [SERVICE-WORKER] putting asset in cache //a.slack-edge.com/canvas_blob/lVG4_D_vkis0VEYZnFJnBQ-chunk 
{
  "versionId": 0
}
[04/23/26, 13:38:38:900] info: Apr-23 13:38:38.899 [SERVICE-WORKER] putting asset in cache //a.slack-edge.com/canvas_blob/KP_Isnj1IN-NH71pfsnB6Q-chunk 
{
  "versionId": 0
}
[04/23/26, 13:38:38:900] info: Apr-23 13:38:38.900 [SERVICE-WORKER] putting asset in cache //a.slack-edge.com/canvas_blob/1UZ09hF7pSGVgiWp5FDtKQ-chunk 
{
  "versionId": 0
}
[04/23/26, 13:38:38:901] info: Apr-23 13:38:38.901 [SERVICE-WORKER] fetching asset //a.slack-edge.com/canvas_blob/yg7EgAGiF-uBAkh9O6OPyA-chunk 
{
  "versionId": 0
}
[04/23/26, 13:38:38:901] info: Apr-23 13:38:38.901 [SERVICE-WORKER] fetching asset //a.slack-edge.com/canvas_blob/4EKph6AyzfbefZQ7iSEhiQ-chunk 
{
  "versionId": 0
}
[04/23/26, 13:38:38:901] info: Apr-23 13:38:38.901 [SERVICE-WORKER] fetching asset //a.slack-edge.com/canvas_blob/HiztfOLmPalCDB4gkBXLQw-chunk 
{
  "versionId": 0
}
[04/23/26, 13:38:38:901] info: Apr-23 13:38:38.901 [SERVICE-WORKER] fetching asset //a.slack-edge.com/canvas_blob/9V7EfXCIKT-tens8XG2feQ-chunk 
{
  "versionId": 0
}
[04/23/26, 13:38:38:906] info: Apr-23 13:38:38.906 [SERVICE-WORKER] putting asset in cache //a.slack-edge.com/canvas_blob/yg7EgAGiF-uBAkh9O6OPyA-chunk 
{
  "versionId": 0
}
[04/23/26, 13:38:38:907] info: Apr-23 13:38:38.907 [SERVICE-WORKER] putting asset in cache //a.slack-edge.com/canvas_blob/9V7EfXCIKT-tens8XG2feQ-chunk 
{
  "versionId": 0
}
[04/23/26, 13:38:38:908] info: Apr-23 13:38:38.908 [SERVICE-WORKER] fetching asset //a.slack-edge.com/canvas_blob/ia5LDsiS3dtz_cIX-T3DHQ-chunk 
{
  "versionId": 0
}
[04/23/26, 13:38:38:908] info: Apr-23 13:38:38.908 [SERVICE-WORKER] putting asset in cache //a.slack-edge.com/canvas_blob/4EKph6AyzfbefZQ7iSEhiQ-chunk 
{
  "versionId": 0
}
[04/23/26, 13:38:38:908] info: Apr-23 13:38:38.908 [SERVICE-WORKER] fetching asset //a.slack-edge.com/canvas_blob/LgI-CC3kiHvwC-Dd3rmRZA-chunk 
{
  "versionId": 0
}
[04/23/26, 13:38:38:908] info: Apr-23 13:38:38.908 [SERVICE-WORKER] putting asset in cache //a.slack-edge.com/canvas_blob/HiztfOLmPalCDB4gkBXLQw-chunk 
{
  "versionId": 0
}
[04/23/26, 13:38:38:909] info: Apr-23 13:38:38.909 [SERVICE-WORKER] fetching asset //a.slack-edge.com/canvas_blob/FOFesxDxj_ZGGJBPSpM0ng-chunk 
{
  "versionId": 0
}
[04/23/26, 13:38:38:910] info: Apr-23 13:38:38.910 [SERVICE-WORKER] fetching asset //a.slack-edge.com/canvas_blob/x5p9mmZ195HUNuw_q_bfVQ-chunk 
{
  "versionId": 0
}
[04/23/26, 13:38:38:914] info: Apr-23 13:38:38.914 [SERVICE-WORKER] putting asset in cache //a.slack-edge.com/canvas_blob/ia5LDsiS3dtz_cIX-T3DHQ-chunk 
{
  "versionId": 0
}
[04/23/26, 13:38:38:914] info: Apr-23 13:38:38.914 [SERVICE-WORKER] putting asset in cache //a.slack-edge.com/canvas_blob/FOFesxDxj_ZGGJBPSpM0ng-chunk 
{
  "versionId": 0
}
[04/23/26, 13:38:38:915] info: Apr-23 13:38:38.915 [SERVICE-WORKER] putting asset in cache //a.slack-edge.com/canvas_blob/LgI-CC3kiHvwC-Dd3rmRZA-chunk 
{
  "versionId": 0
}
[04/23/26, 13:38:38:916] info: Apr-23 13:38:38.915 [SERVICE-WORKER] putting asset in cache //a.slack-edge.com/canvas_blob/x5p9mmZ195HUNuw_q_bfVQ-chunk 
{
  "versionId": 0
}
[04/23/26, 13:38:38:916] info: Apr-23 13:38:38.916 [SERVICE-WORKER] fetching asset //a.slack-edge.com/canvas_blob/1rIky2iQnpCX8VFAqNTbaw-chunk 
{
  "versionId": 0
}
[04/23/26, 13:38:38:917] info: Apr-23 13:38:38.916 [SERVICE-WORKER] fetching asset //a.slack-edge.com/canvas_blob/TJWJ_ctolIk71vMfdR8-1g-chunk 
{
  "versionId": 0
}
[04/23/26, 13:38:38:917] info: Apr-23 13:38:38.917 [SERVICE-WORKER] fetching asset //a.slack-edge.com/canvas_blob/Tkun7yJokql_VqbQJB18PA-chunk 
{
  "versionId": 0
}
[04/23/26, 13:38:38:917] info: Apr-23 13:38:38.917 [SERVICE-WORKER] fetching asset //a.slack-edge.com/canvas_blob/s9YPxnV6pPWhgynU1bS7Rw-chunk 
{
  "versionId": 0
}
[04/23/26, 13:38:38:922] info: Apr-23 13:38:38.921 [SERVICE-WORKER] putting asset in cache //a.slack-edge.com/canvas_blob/1rIky2iQnpCX8VFAqNTbaw-chunk 
{
  "versionId": 0
}
[04/23/26, 13:38:38:923] info: Apr-23 13:38:38.923 [SERVICE-WORKER] fetching asset //a.slack-edge.com/canvas_blob/qVqZHIilrEKZD9pjEZWENA-chunk 
{
  "versionId": 0
}
[04/23/26, 13:38:38:923] info: Apr-23 13:38:38.923 [SERVICE-WORKER] putting asset in cache //a.slack-edge.com/canvas_blob/Tkun7yJokql_VqbQJB18PA-chunk 
{
  "versionId": 0
}
[04/23/26, 13:38:38:925] info: Apr-23 13:38:38.925 [SERVICE-WORKER] putting asset in cache //a.slack-edge.com/canvas_blob/TJWJ_ctolIk71vMfdR8-1g-chunk 
{
  "versionId": 0
}
[04/23/26, 13:38:38:926] info: Apr-23 13:38:38.926 [SERVICE-WORKER] putting asset in cache //a.slack-edge.com/canvas_blob/s9YPxnV6pPWhgynU1bS7Rw-chunk 
{
  "versionId": 0
}
[04/23/26, 13:38:38:928] info: Apr-23 13:38:38.927 [SERVICE-WORKER] fetching asset //a.slack-edge.com/canvas_blob/_tpMJnwjFILkOsUJBbd0Xg-chunk 
{
  "versionId": 0
}
[04/23/26, 13:38:38:928] info: Apr-23 13:38:38.928 [SERVICE-WORKER] fetching asset //a.slack-edge.com/canvas_blob/oSYH7HJ86F3wQjt62IiWCA 
{
  "versionId": 0
}
[04/23/26, 13:38:38:931] info: Apr-23 13:38:38.930 [SERVICE-WORKER] putting asset in cache //a.slack-edge.com/canvas_blob/oSYH7HJ86F3wQjt62IiWCA 
{
  "versionId": 0
}
[04/23/26, 13:38:38:934] info: Apr-23 13:38:38.933 [SERVICE-WORKER] putting asset in cache //a.slack-edge.com/canvas_blob/_tpMJnwjFILkOsUJBbd0Xg-chunk 
{
  "versionId": 0
}
[04/23/26, 13:38:38:934] info: Apr-23 13:38:38.934 [SERVICE-WORKER] putting asset in cache //a.slack-edge.com/canvas_blob/qVqZHIilrEKZD9pjEZWENA-chunk 
{
  "versionId": 0
}
[04/23/26, 13:38:38:943] info: Apr-23 13:38:38.943 [SERVICE-WORKER] All canvas files fetched 
{
  "versionId": 0
}
[04/23/26, 13:38:38:955] info: Apr-23 13:38:38.955 [SERVICE-WORKER] responding from cache https://a.slack-edge.com/canvas_blob/iuFng8_P8CbbHNx_hTq0HA-chunk 
{
  "versionId": 0
}
[04/24/26, 09:07:56:991] info: 
╔═══════════════════════════════════════════════════════╗
║      Slack 4.49.81, linux 6.19.12-arch1-1 on x64      ║
╚═══════════════════════════════════════════════════════╝ 
[04/24/26, 09:07:56:992] info: Configured logger via 
{
  "enableConsoleTransport": true,
  "identifierOverride": "webapp-service-worker-console",
  "loggerInstanceCount": 2
}
[04/24/26, 09:07:56:992] info: Predefined values for process 
{
  "NODE_ENV": "production",
  "platform": "linux",
  "type": "browser",
  "timeZone": "Europe/Brussels",
  "PACKAGE_MANIFEST.productName": "Slack",
  "PACKAGE_MANIFEST.version": "4.49.81",
  "PACKAGE_MANIFEST.commit": "8f0440b",
  "PACKAGE_MANIFEST.branch": "HEAD"
}
[04/24/26, 09:07:57:156] info: Boots up new service worker version 
{
  "scriptUrl": "https://app.slack.com/service-worker.js",
  "scope": "https://app.slack.com/",
  "renderProcessId": 4,
  "versionId": 0
}
[04/24/26, 09:07:57:156] info: Apr-24 09:07:57.153 [SERVICE-WORKER] normalizing request URL for cache https://app.slack.com/client/TP17WPBDX 
{
  "versionId": 0
}
[04/24/26, 09:07:57:156] info: Apr-24 09:07:57.153 [SERVICE-WORKER] Sonic on Gantry-v2 Enabled, serving client-v2.html 
{
  "versionId": 0
}
[04/24/26, 09:07:57:156] info: Apr-24 09:07:57.153 [SERVICE-WORKER] responding from cache (normalized) /boot/client-v2.html 
{
  "versionId": 0
}
[04/24/26, 09:07:57:320] info: Apr-24 09:07:57.320 [SERVICE-WORKER] responding from cache https://a.slack-edge.com/bv1-13-br/slack-icons-v2-913df50.woff2 
{
  "versionId": 0
}
[04/24/26, 09:07:57:321] info: Apr-24 09:07:57.321 [SERVICE-WORKER] responding from cache https://a.slack-edge.com/bv1-13-br/lato-regular-f1aa7a0.woff2 
{
  "versionId": 0
}
[04/24/26, 09:07:57:321] info: Apr-24 09:07:57.321 [SERVICE-WORKER] responding from cache https://a.slack-edge.com/bv1-13-br/lato-black-d3e44e6.woff2 
{
  "versionId": 0
}
[04/24/26, 09:07:57:341] info: Apr-24 09:07:57.340 [SERVICE-WORKER] responding from cache https://a.slack-edge.com/bv1-13-br/slack-kit-gantry-v2-styles.7ee4798346e4da1f4599.min.css 
{
  "versionId": 0
}
[04/24/26, 09:07:57:341] info: Apr-24 09:07:57.340 [SERVICE-WORKER] responding from cache https://a.slack-edge.com/bv1-13-br/helper-gantry-v2-styles.c686ab9ef318efe0ebcd.min.css 
{
  "versionId": 0
}
[04/24/26, 09:07:57:342] info: Apr-24 09:07:57.340 [SERVICE-WORKER] responding from cache https://a.slack-edge.com/bv1-13-br/client-boot-styles.100fe02951a906866480.min.css 
{
  "versionId": 0
}
[04/24/26, 09:07:57:342] info: Apr-24 09:07:57.340 [SERVICE-WORKER] responding from cache https://a.slack-edge.com/bv1-13-br/lato-bold-31816c2.woff2 
{
  "versionId": 0
}
[04/24/26, 09:07:57:342] info: Apr-24 09:07:57.340 [SERVICE-WORKER] responding from cache https://a.slack-edge.com/bv1-13-br/client-boot.814ab3c8cbeae72d5069.min.js 
{
  "versionId": 0
}
[04/24/26, 09:07:57:342] info: Apr-24 09:07:57.340 [SERVICE-WORKER] responding from cache https://a.slack-edge.com/bv1-13-br/gantry-v2-vendors.9d9f4032a1e11d1307e8.min.js 
{
  "versionId": 0
}
[04/24/26, 09:07:57:342] info: Apr-24 09:07:57.340 [SERVICE-WORKER] responding from cache https://a.slack-edge.com/bv1-13-br/gantry-v2-vendors-client.fc906c160d2eb91d6a81.min.js 
{
  "versionId": 0
}
[04/24/26, 09:07:57:342] info: Apr-24 09:07:57.341 [SERVICE-WORKER] responding from cache https://a.slack-edge.com/bv1-13-br/gantry-v2-shared.b76defb2b485215b4254.min.js 
{
  "versionId": 0
}
[04/24/26, 09:07:58:438] info: Apr-24 09:07:58.438 [SERVICE-WORKER] responding from cache https://a.slack-edge.com/bv1-13-br/gantry-v2-async-gantry-v2-shared-boot-async.2f55a4550ddf536ec6bc.min.js 
{
  "versionId": 0
}
[04/24/26, 09:07:58:439] info: Apr-24 09:07:58.438 [SERVICE-WORKER] responding from cache https://a.slack-edge.com/bv1-13-br/gantry-v2-async-client-boot-apis.b59102fb5ad213b33d26.min.js 
{
  "versionId": 0
}
[04/24/26, 09:07:58:439] info: Apr-24 09:07:58.439 [SERVICE-WORKER] responding from cache https://a.slack-edge.com/bv1-13-br/gantry-v2-async-gantry-v2-vendors-async.0d1ad3c57f99baf695d8.min.js 
{
  "versionId": 0
}
[04/24/26, 09:07:58:439] info: Apr-24 09:07:58.439 [SERVICE-WORKER] responding from cache https://a.slack-edge.com/bv1-13-br/gantry-v2-async-gantry-v2-vendors-async-client.59c68d72df009e51aba3.min.js 
{
  "versionId": 0
}
[04/24/26, 09:07:58:440] info: Apr-24 09:07:58.440 [SERVICE-WORKER] responding from cache https://a.slack-edge.com/bv1-13-br/gantry-v2-async-client-boot-data.6db3e007a3796c630074.min.js 
{
  "versionId": 0
}
[04/24/26, 09:07:58:441] info: Apr-24 09:07:58.440 [SERVICE-WORKER] responding from cache https://a.slack-edge.com/bv1-13-br/gantry-v2-async-gantry-v2-default-boot-shared.bc3d2d2fb89431dbb068.min.js 
{
  "versionId": 0
}
[04/24/26, 09:07:58:441] info: Apr-24 09:07:58.440 [SERVICE-WORKER] responding from cache https://a.slack-edge.com/bv1-13-br/gantry-v2-async-client-boot-render.fb8aec14f4824331e01c.min.js 
{
  "versionId": 0
}
[04/24/26, 09:07:58:443] info: Apr-24 09:07:58.441 [SERVICE-WORKER] responding from cache https://a.slack-edge.com/bv1-13-br/gantry-v2-async-client-boot-deferred.5acc4cdd554e3a69effc.min.js 
{
  "versionId": 0
}
[04/24/26, 09:07:59:687] info: Apr-24 09:07:59.687 [SERVICE-WORKER] responding from cache https://a.slack-edge.com/bv1-13-br/gantry-v2-async-client-channel-list-view.05b728ae0fc5af51fef4.min.js 
{
  "versionId": 0
}
[04/24/26, 09:07:59:693] info: Apr-24 09:07:59.693 [SERVICE-WORKER] responding from cache https://a.slack-edge.com/bv1-13-br/gantry-v2-async-client-channel-view.549958f0b299577e1a85.min.js 
{
  "versionId": 0
}
[04/24/26, 09:08:00:129] info: Apr-24 09:08:00.128 [SERVICE-WORKER] responding from cache https://a.slack-edge.com/bv1-13-br/lato-italic-4484c42.woff2 
{
  "versionId": 0
}
[04/24/26, 09:08:00:290] info: Apr-24 09:08:00.290 [SERVICE-WORKER] responding from cache https://a.slack-edge.com/bv1-13-br/lato-italic-bold-365ea5a.woff2 
{
  "versionId": 0
}
[04/24/26, 09:08:03:313] info: Boots up new service worker version 
{
  "scriptUrl": "https://app.slack.com/service-worker.js",
  "scope": "https://app.slack.com/",
  "renderProcessId": 4,
  "versionId": 1
}
[04/24/26, 09:08:03:313] info: Apr-24 09:08:03.313 [SERVICE-WORKER] install event [object ServiceWorkerGlobalScope] 
{
  "versionId": 1
}
[04/24/26, 09:08:03:313] info: Apr-24 09:08:03.313 [SERVICE-WORKER] SimpleMetrics starting interval 
{
  "versionId": 1
}
[04/24/26, 09:08:03:323] info: Apr-24 09:08:03.323 [SERVICE-WORKER] asset found in existing cache bucket, adding to new bucket https://a.slack-edge.com/bv1-13-br/lato-regular-f1aa7a0.woff2 
{
  "versionId": 1
}
[04/24/26, 09:08:03:323] info: Apr-24 09:08:03.323 [SERVICE-WORKER] asset found in existing cache bucket, adding to new bucket https://a.slack-edge.com/bv1-13-br/lato-bold-31816c2.woff2 
{
  "versionId": 1
}
[04/24/26, 09:08:03:324] info: Apr-24 09:08:03.323 [SERVICE-WORKER] asset found in existing cache bucket, adding to new bucket https://a.slack-edge.com/bv1-13-br/lato-black-d3e44e6.woff2 
{
  "versionId": 1
}
[04/24/26, 09:08:03:324] info: Apr-24 09:08:03.324 [SERVICE-WORKER] asset found in existing cache bucket, adding to new bucket https://a.slack-edge.com/bv1-13-br/lato-light-2815bd9.woff2 
{
  "versionId": 1
}
[04/24/26, 09:08:03:328] info: Apr-24 09:08:03.327 [SERVICE-WORKER] asset found in existing cache bucket, adding to new bucket https://a.slack-edge.com/bv1-13-br/lato-italic-4484c42.woff2 
{
  "versionId": 1
}
[04/24/26, 09:08:03:328] info: Apr-24 09:08:03.328 [SERVICE-WORKER] asset found in existing cache bucket, adding to new bucket https://a.slack-edge.com/bv1-13-br/lato-italic-bold-365ea5a.woff2 
{
  "versionId": 1
}
[04/24/26, 09:08:03:328] info: Apr-24 09:08:03.328 [SERVICE-WORKER] asset found in existing cache bucket, adding to new bucket https://a.slack-edge.com/bv1-13-br/lato-italic-light-074c7fc.woff2 
{
  "versionId": 1
}
[04/24/26, 09:08:03:328] info: Apr-24 09:08:03.328 [SERVICE-WORKER] asset found in existing cache bucket, adding to new bucket https://a.slack-edge.com/bv1-13-br/lato-italic-black-62bc5da.woff2 
{
  "versionId": 1
}
[04/24/26, 09:08:03:332] info: Apr-24 09:08:03.332 [SERVICE-WORKER] asset not found in an existing cache bucket https://a.slack-edge.com/bv1-13-br/NotoSansJP-Regular.min-441edbf.woff2 
{
  "versionId": 1
}
[04/24/26, 09:08:03:332] info: Apr-24 09:08:03.332 [SERVICE-WORKER] asset not found in an existing cache bucket https://a.slack-edge.com/bv1-13-br/NotoSansJP-Bold.min-23e0995.woff2 
{
  "versionId": 1
}
[04/24/26, 09:08:03:332] info: Apr-24 09:08:03.332 [SERVICE-WORKER] asset found in existing cache bucket, adding to new bucket https://a.slack-edge.com/bv1-13-br/lato-latin-latin-ext-b488bf4.woff2 
{
  "versionId": 1
}
[04/24/26, 09:08:03:332] info: Apr-24 09:08:03.332 [SERVICE-WORKER] asset found in existing cache bucket, adding to new bucket https://a.slack-edge.com/bv1-13-br/Slack-Fractions-9dd968e.woff2 
{
  "versionId": 1
}
[04/24/26, 09:08:03:333] info: Apr-24 09:08:03.333 [SERVICE-WORKER] asset found in existing cache bucket, adding to new bucket https://a.slack-edge.com/bv1-13-br/RobotoMono-Regular-3655dff.woff2 
{
  "versionId": 1
}
[04/24/26, 09:08:03:333] info: Apr-24 09:08:03.333 [SERVICE-WORKER] asset found in existing cache bucket, adding to new bucket https://a.slack-edge.com/bv1-13-br/RobotoMono-Cyrillic-Regular-d4ad495.woff2 
{
  "versionId": 1
}
[04/24/26, 09:08:03:335] info: Apr-24 09:08:03.335 [SERVICE-WORKER] asset not found in an existing cache bucket https://a.slack-edge.com/bv1-13-br/NotoSans-Regular-f15ade3.woff2 
{
  "versionId": 1
}
[04/24/26, 09:08:03:335] info: Apr-24 09:08:03.335 [SERVICE-WORKER] asset not found in an existing cache bucket https://a.slack-edge.com/bv1-13-br/NotoSans-Italic-6b028cb.woff2 
{
  "versionId": 1
}
[04/24/26, 09:08:03:335] info: Apr-24 09:08:03.335 [SERVICE-WORKER] asset found in existing cache bucket, adding to new bucket https://a.slack-edge.com/bv1-13-br/RobotoMono-Italic-986643e.woff2 
{
  "versionId": 1
}
[04/24/26, 09:08:03:335] info: Apr-24 09:08:03.335 [SERVICE-WORKER] asset found in existing cache bucket, adding to new bucket https://a.slack-edge.com/bv1-13-br/RobotoMono-Cyrillic-Italic-88b76d1.woff2 
{
  "versionId": 1
}
[04/24/26, 09:08:03:336] info: Apr-24 09:08:03.336 [SERVICE-WORKER] asset found in existing cache bucket, adding to new bucket https://a.slack-edge.com/bv1-13-br/AtkinsonHyperlegibleNext-90e45b6.woff2 
{
  "versionId": 1
}
[04/24/26, 09:08:03:337] info: Apr-24 09:08:03.336 [SERVICE-WORKER] asset not found in an existing cache bucket https://a.slack-edge.com/bv1-13-br/NotoSansKR-Regular.min-043fb8d.woff2 
{
  "versionId": 1
}
[04/24/26, 09:08:03:337] info: Apr-24 09:08:03.337 [SERVICE-WORKER] asset not found in an existing cache bucket https://a.slack-edge.com/bv1-13-br/NotoSansKR-Bold.min-990c700.woff2 
{
  "versionId": 1
}
[04/24/26, 09:08:03:339] info: Apr-24 09:08:03.339 [SERVICE-WORKER] asset not found in an existing cache bucket https://a.slack-edge.com/bv1-13-br/NotoSansSC-Regular.min-7f0eac4.woff2 
{
  "versionId": 1
}
[04/24/26, 09:08:03:340] info: Apr-24 09:08:03.339 [SERVICE-WORKER] asset not found in an existing cache bucket https://a.slack-edge.com/bv1-13-br/NotoSansSC-Bold.min-8ee7b97.woff2 
{
  "versionId": 1
}
[04/24/26, 09:08:03:340] info: Apr-24 09:08:03.339 [SERVICE-WORKER] asset not found in an existing cache bucket https://a.slack-edge.com/bv1-13-br/NotoSansTC-Regular.min-606e9a6.woff2 
{
  "versionId": 1
}
[04/24/26, 09:08:03:340] info: Apr-24 09:08:03.339 [SERVICE-WORKER] asset not found in an existing cache bucket https://a.slack-edge.com/bv1-13-br/NotoSansTC-Bold.min-bf6f9a3.woff2 
{
  "versionId": 1
}
[04/24/26, 09:08:03:340] info: Apr-24 09:08:03.340 [SERVICE-WORKER] asset not found in an existing cache bucket https://a.slack-edge.com/bv1-13-br/gantry-v2-translations_en-GB.gantry-v2.740dbd8e6cb0b3c471b5.min.json 
{
  "versionId": 1
}
[04/24/26, 09:08:03:341] info: Apr-24 09:08:03.340 [SERVICE-WORKER] asset not found in an existing cache bucket https://a.slack-edge.com/bv1-13-br/gantry-v2-translations_de-DE.gantry-v2.859e91daa6284c13460e.min.json 
{
  "versionId": 1
}
[04/24/26, 09:08:03:341] info: Apr-24 09:08:03.340 [SERVICE-WORKER] asset found in existing cache bucket, adding to new bucket https://a.slack-edge.com/bv1-13-br/slack-icons-v2-913df50.woff2 
{
  "versionId": 1
}
[04/24/26, 09:08:03:341] info: Apr-24 09:08:03.340 [SERVICE-WORKER] asset not found in an existing cache bucket https://a.slack-edge.com/bv1-13-br/gantry-v2-translations_es-ES.gantry-v2.afef288e6b9cc9fb274e.min.json 
{
  "versionId": 1
}
[04/24/26, 09:08:03:341] info: Apr-24 09:08:03.341 [SERVICE-WORKER] asset not found in an existing cache bucket https://a.slack-edge.com/bv1-13-br/gantry-v2-translations_es-LA.gantry-v2.24bccf79b19e4dcda4bb.min.json 
{
  "versionId": 1
}
[04/24/26, 09:08:03:342] info: Apr-24 09:08:03.341 [SERVICE-WORKER] asset not found in an existing cache bucket https://a.slack-edge.com/bv1-13-br/gantry-v2-translations_fr-FR.gantry-v2.0f9bfff23282fd7ec2af.min.json 
{
  "versionId": 1
}
[04/24/26, 09:08:03:342] info: Apr-24 09:08:03.341 [SERVICE-WORKER] asset not found in an existing cache bucket https://a.slack-edge.com/bv1-13-br/gantry-v2-translations_pt-BR.gantry-v2.9b80d47243f1f603e8aa.min.json 
{
  "versionId": 1
}
[04/24/26, 09:08:03:342] info: Apr-24 09:08:03.342 [SERVICE-WORKER] asset not found in an existing cache bucket https://a.slack-edge.com/bv1-13-br/gantry-v2-translations_ja-JP.gantry-v2.2d438bd32a2f47c5e6ba.min.json 
{
  "versionId": 1
}
[04/24/26, 09:08:03:342] info: Apr-24 09:08:03.342 [SERVICE-WORKER] asset not found in an existing cache bucket https://a.slack-edge.com/bv1-13-br/gantry-v2-translations_ko-KR.gantry-v2.3eea140ba89076f2a002.min.json 
{
  "versionId": 1
}
[04/24/26, 09:08:03:342] info: Apr-24 09:08:03.342 [SERVICE-WORKER] asset not found in an existing cache bucket https://a.slack-edge.com/bv1-13-br/gantry-v2-translations_it-IT.gantry-v2.1bf382dfeba4902e3fc5.min.json 
{
  "versionId": 1
}
[04/24/26, 09:08:03:343] info: Apr-24 09:08:03.342 [SERVICE-WORKER] asset not found in an existing cache bucket https://a.slack-edge.com/bv1-13-br/gantry-v2-translations_zh-CN.gantry-v2.aafac86ad3312613f740.min.json 
{
  "versionId": 1
}
[04/24/26, 09:08:03:343] info: Apr-24 09:08:03.342 [SERVICE-WORKER] asset not found in an existing cache bucket https://a.slack-edge.com/bv1-13-br/gantry-v2-translations_zh-TW.gantry-v2.e1e5d3afcf5b2ab79b82.min.json 
{
  "versionId": 1
}
[04/24/26, 09:08:03:343] info: Apr-24 09:08:03.343 [SERVICE-WORKER] asset found in existing cache bucket, adding to new bucket https://a.slack-edge.com/bv1-13-br/slack-kit-gantry-v2-styles.7ee4798346e4da1f4599.min.css 
{
  "versionId": 1
}
[04/24/26, 09:08:03:343] info: Apr-24 09:08:03.343 [SERVICE-WORKER] asset found in existing cache bucket, adding to new bucket https://a.slack-edge.com/bv1-13-br/slack-kit-gantry-v2-styles.4c8f00d3b1aa62947eb2.min.js 
{
  "versionId": 1
}
[04/24/26, 09:08:03:343] info: Apr-24 09:08:03.343 [SERVICE-WORKER] asset found in existing cache bucket, adding to new bucket https://a.slack-edge.com/bv1-13-br/helper-gantry-v2-styles.c686ab9ef318efe0ebcd.min.css 
{
  "versionId": 1
}
[04/24/26, 09:08:03:343] info: Apr-24 09:08:03.343 [SERVICE-WORKER] asset found in existing cache bucket, adding to new bucket https://a.slack-edge.com/bv1-13-br/model32-2a8ae1f.tfjson 
{
  "versionId": 1
}
[04/24/26, 09:08:03:346] info: Apr-24 09:08:03.345 [SERVICE-WORKER] asset not found in an existing cache bucket https://a.slack-edge.com/bv1-13-br/gantry-v2-async-gantry-v2-default-boot-data.5f1c7754975dbea06ebc.min.css 
{
  "versionId": 1
}
[04/24/26, 09:08:03:346] info: Apr-24 09:08:03.345 [SERVICE-WORKER] fetching asset https://a.slack-edge.com/bv1-13-br/gantry-v2-async-gantry-v2-default-boot-data.5f1c7754975dbea06ebc.min.css 
{
  "versionId": 1
}
[04/24/26, 09:08:03:346] info: Apr-24 09:08:03.346 [SERVICE-WORKER] asset not found in an existing cache bucket https://a.slack-edge.com/bv1-13-br/gantry-v2-async-lottie-inviter-joiner-first-dm-welcome-card.json.5489a3aeec304d5847f9.min.js 
{
  "versionId": 1
}
[04/24/26, 09:08:03:346] info: Apr-24 09:08:03.346 [SERVICE-WORKER] asset found in existing cache bucket, adding to new bucket https://a.slack-edge.com/bv1-13-br/helper-gantry-v2-styles.a8c377fa957b535517c5.min.js 
{
  "versionId": 1
}
[04/24/26, 09:08:03:346] info: Apr-24 09:08:03.346 [SERVICE-WORKER] asset not found in an existing cache bucket https://a.slack-edge.com/bv1-13-br/gantry-v2-async-lottie-slackbot-thinking.json.d14e4a51482a5538916b.min.js 
{
  "versionId": 1
}
[04/24/26, 09:08:03:347] info: Apr-24 09:08:03.347 [SERVICE-WORKER] asset not found in an existing cache bucket https://a.slack-edge.com/bv1-13-br/gantry-v2-async-lottie-use-ai-assistant-apps-de-DE.json.40700b002d63b4635786.min.js 
{
  "versionId": 1
}
[04/24/26, 09:08:03:347] info: Apr-24 09:08:03.347 [SERVICE-WORKER] asset not found in an existing cache bucket https://a.slack-edge.com/bv1-13-br/gantry-v2-async-lottie-use-ai-assistant-apps-en-GB.json.677095cb2adf6a912052.min.js 
{
  "versionId": 1
}
[04/24/26, 09:08:03:347] info: Apr-24 09:08:03.347 [SERVICE-WORKER] asset not found in an existing cache bucket https://a.slack-edge.com/bv1-13-br/gantry-v2-async-lottie-use-ai-assistant-apps-en-US.json.9c2b4421efd620b065f7.min.js 
{
  "versionId": 1
}
[04/24/26, 09:08:03:347] info: Apr-24 09:08:03.347 [SERVICE-WORKER] asset not found in an existing cache bucket https://a.slack-edge.com/bv1-13-br/gantry-v2-async-lottie-use-ai-assistant-apps-es-ES.json.879b5b4e2927f51827c8.min.js 
{
  "versionId": 1
}
[04/24/26, 09:08:03:348] info: Apr-24 09:08:03.347 [SERVICE-WORKER] asset not found in an existing cache bucket https://a.slack-edge.com/bv1-13-br/gantry-v2-async-lottie-use-ai-assistant-apps-es-LA.json.685edf39c5b16c558109.min.js 
{
  "versionId": 1
}
[04/24/26, 09:08:03:348] info: Apr-24 09:08:03.347 [SERVICE-WORKER] asset not found in an existing cache bucket https://a.slack-edge.com/bv1-13-br/gantry-v2-async-lottie-use-ai-assistant-apps-fr-FR.json.0c1681cb0c8b08a3e85f.min.js 
{
  "versionId": 1
}
[04/24/26, 09:08:03:348] info: Apr-24 09:08:03.347 [SERVICE-WORKER] asset not found in an existing cache bucket https://a.slack-edge.com/bv1-13-br/gantry-v2-async-lottie-use-ai-assistant-apps-ja-JP.json.cec9e976fe69c4f57b06.min.js 
{
  "versionId": 1
}
[04/24/26, 09:08:03:348] info: Apr-24 09:08:03.348 [SERVICE-WORKER] asset not found in an existing cache bucket https://a.slack-edge.com/bv1-13-br/gantry-v2-async-lottie-use-ai-assistant-apps-pt-BR.json.3cb200fb7d005f576f2f.min.js 
{
  "versionId": 1
}
[04/24/26, 09:08:03:348] info: Apr-24 09:08:03.348 [SERVICE-WORKER] asset not found in an existing cache bucket https://a.slack-edge.com/bv1-13-br/gantry-v2-async-lottie-use-ai-assistant-apps-ko-KR.json.9767f967e8f0542bde9e.min.js 
{
  "versionId": 1
}
[04/24/26, 09:08:03:348] info: Apr-24 09:08:03.348 [SERVICE-WORKER] asset not found in an existing cache bucket https://a.slack-edge.com/bv1-13-br/gantry-v2-async-lottie-use-ai-assistant-apps-it-IT.json.eb9efc1acaacdbc71721.min.js 
{
  "versionId": 1
}
[04/24/26, 09:08:03:349] info: Apr-24 09:08:03.348 [SERVICE-WORKER] asset not found in an existing cache bucket https://a.slack-edge.com/bv1-13-br/gantry-v2-async-lottie-use-ai-assistant-apps-zh-CN.json.095d66622505237637dc.min.js 
{
  "versionId": 1
}
[04/24/26, 09:08:03:349] info: Apr-24 09:08:03.348 [SERVICE-WORKER] asset not found in an existing cache bucket https://a.slack-edge.com/bv1-13-br/gantry-v2-async-lottie-use-ai-assistant-apps-zh-TW.json.4384d86dfb1098dd45d5.min.js 
{
  "versionId": 1
}
[04/24/26, 09:08:03:349] info: Apr-24 09:08:03.348 [SERVICE-WORKER] asset not found in an existing cache bucket https://a.slack-edge.com/bv1-13-br/gantry-v2-async-lottie-use-ai-language-translations-de-DE.json.821c953125f205ed22d0.min.js 
{
  "versionId": 1
}
[04/24/26, 09:08:03:349] info: Apr-24 09:08:03.349 [SERVICE-WORKER] asset not found in an existing cache bucket https://a.slack-edge.com/bv1-13-br/gantry-v2-async-lottie-use-ai-language-translations-en-GB.json.2c2317bef3c1cbc39f07.min.js 
{
  "versionId": 1
}
[04/24/26, 09:08:03:349] info: Apr-24 09:08:03.349 [SERVICE-WORKER] asset not found in an existing cache bucket https://a.slack-edge.com/bv1-13-br/gantry-v2-async-lottie-use-ai-language-translations-en-US.json.1a1acd7c55e1cf1d78b3.min.js 
{
  "versionId": 1
}
[04/24/26, 09:08:03:350] info: Apr-24 09:08:03.349 [SERVICE-WORKER] asset not found in an existing cache bucket https://a.slack-edge.com/bv1-13-br/gantry-v2-async-lottie-use-ai-language-translations-es-ES.json.0d5d669506f27109708e.min.js 
{
  "versionId": 1
}
[04/24/26, 09:08:03:350] info: Apr-24 09:08:03.349 [SERVICE-WORKER] asset not found in an existing cache bucket https://a.slack-edge.com/bv1-13-br/gantry-v2-async-lottie-use-ai-language-translations-es-LA.json.70e12b40b8aea90eb736.min.js 
{
  "versionId": 1
}
[04/24/26, 09:08:03:350] info: Apr-24 09:08:03.349 [SERVICE-WORKER] asset not found in an existing cache bucket https://a.slack-edge.com/bv1-13-br/gantry-v2-async-lottie-use-ai-language-translations-fr-FR.json.2c248df7b3bbfeb4b5dc.min.js 
{
  "versionId": 1
}
[04/24/26, 09:08:03:350] info: Apr-24 09:08:03.349 [SERVICE-WORKER] asset not found in an existing cache bucket https://a.slack-edge.com/bv1-13-br/gantry-v2-async-lottie-use-ai-language-translations-ja-JP.json.7fb267c9c5e61350a15a.min.js 
{
  "versionId": 1
}
[04/24/26, 09:08:03:350] info: Apr-24 09:08:03.349 [SERVICE-WORKER] asset not found in an existing cache bucket https://a.slack-edge.com/bv1-13-br/gantry-v2-async-lottie-use-ai-language-translations-pt-BR.json.3deba5be1e7ec5ba0635.min.js 
{
  "versionId": 1
}
[04/24/26, 09:08:03:350] info: Apr-24 09:08:03.350 [SERVICE-WORKER] asset not found in an existing cache bucket https://a.slack-edge.com/bv1-13-br/gantry-v2-async-lottie-use-ai-language-translations-ko-KR.json.b0aa3faff949b4ab51c3.min.js 
{
  "versionId": 1
}
[04/24/26, 09:08:03:351] info: Apr-24 09:08:03.350 [SERVICE-WORKER] asset not found in an existing cache bucket https://a.slack-edge.com/bv1-13-br/gantry-v2-async-lottie-use-ai-language-translations-it-IT.json.0b203338b9c42da6295d.min.js 
{
  "versionId": 1
}
[04/24/26, 09:08:03:351] info: Apr-24 09:08:03.350 [SERVICE-WORKER] asset not found in an existing cache bucket https://a.slack-edge.com/bv1-13-br/gantry-v2-async-lottie-use-ai-language-translations-zh-CN.json.58783938b2fd283d9ede.min.js 
{
  "versionId": 1
}
[04/24/26, 09:08:03:351] info: Apr-24 09:08:03.350 [SERVICE-WORKER] asset not found in an existing cache bucket https://a.slack-edge.com/bv1-13-br/gantry-v2-async-lottie-use-ai-language-translations-zh-TW.json.3d52163512be5571f8e9.min.js 
{
  "versionId": 1
}
[04/24/26, 09:08:03:351] info: Apr-24 09:08:03.350 [SERVICE-WORKER] asset not found in an existing cache bucket https://a.slack-edge.com/bv1-13-br/gantry-v2-async-lottie-use-ai-search-de-DE.json.2de353a6eb7f3dd7610a.min.js 
{
  "versionId": 1
}
[04/24/26, 09:08:03:351] info: Apr-24 09:08:03.350 [SERVICE-WORKER] asset not found in an existing cache bucket https://a.slack-edge.com/bv1-13-br/gantry-v2-async-lottie-use-ai-search-en-GB.json.f29cf36495c1011ddb4f.min.js 
{
  "versionId": 1
}
[04/24/26, 09:08:03:351] info: Apr-24 09:08:03.350 [SERVICE-WORKER] asset not found in an existing cache bucket https://a.slack-edge.com/bv1-13-br/gantry-v2-async-lottie-use-ai-search-en-US.json.03bb1fb1d7cd42c58fce.min.js 
{
  "versionId": 1
}
[04/24/26, 09:08:03:351] info: Apr-24 09:08:03.350 [SERVICE-WORKER] asset not found in an existing cache bucket https://a.slack-edge.com/bv1-13-br/gantry-v2-async-lottie-use-ai-search-es-ES.json.dda3138abeacde157e56.min.js 
{
  "versionId": 1
}
[04/24/26, 09:08:03:352] info: Apr-24 09:08:03.351 [SERVICE-WORKER] asset not found in an existing cache bucket https://a.slack-edge.com/bv1-13-br/gantry-v2-async-lottie-use-ai-search-es-LA.json.fd9e636395b31dac1c30.min.js 
{
  "versionId": 1
}
[04/24/26, 09:08:03:352] info: Apr-24 09:08:03.351 [SERVICE-WORKER] asset not found in an existing cache bucket https://a.slack-edge.com/bv1-13-br/gantry-v2-async-lottie-use-ai-search-fr-FR.json.6da9d70b684c3ab04e72.min.js 
{
  "versionId": 1
}
[04/24/26, 09:08:03:352] info: Apr-24 09:08:03.351 [SERVICE-WORKER] asset not found in an existing cache bucket https://a.slack-edge.com/bv1-13-br/gantry-v2-async-lottie-use-ai-search-ja-JP.json.5199ad5c100ea6a8fffc.min.js 
{
  "versionId": 1
}
[04/24/26, 09:08:03:352] info: Apr-24 09:08:03.351 [SERVICE-WORKER] asset not found in an existing cache bucket https://a.slack-edge.com/bv1-13-br/gantry-v2-async-lottie-use-ai-search-pt-BR.json.f11ee6d6caf14ca55448.min.js 
{
  "versionId": 1
}
[04/24/26, 09:08:03:352] info: Apr-24 09:08:03.351 [SERVICE-WORKER] asset not found in an existing cache bucket https://a.slack-edge.com/bv1-13-br/gantry-v2-async-lottie-use-ai-search-ko-KR.json.900e5682ba157f75de46.min.js 
{
  "versionId": 1
}
[04/24/26, 09:08:03:352] info: Apr-24 09:08:03.351 [SERVICE-WORKER] asset not found in an existing cache bucket https://a.slack-edge.com/bv1-13-br/gantry-v2-async-lottie-use-ai-search-it-IT.json.a94f5effb6c0a5175e25.min.js 
{
  "versionId": 1
}
[04/24/26, 09:08:03:353] info: Apr-24 09:08:03.352 [SERVICE-WORKER] asset not found in an existing cache bucket https://a.slack-edge.com/bv1-13-br/gantry-v2-async-lottie-use-ai-search-zh-CN.json.d8316c5361a0a9d01f41.min.js 
{
  "versionId": 1
}
[04/24/26, 09:08:03:353] info: Apr-24 09:08:03.352 [SERVICE-WORKER] asset not found in an existing cache bucket https://a.slack-edge.com/bv1-13-br/gantry-v2-async-lottie-use-ai-search-zh-TW.json.49a9a0fa0c1572011083.min.js 
{
  "versionId": 1
}
[04/24/26, 09:08:03:353] info: Apr-24 09:08:03.352 [SERVICE-WORKER] asset not found in an existing cache bucket https://a.slack-edge.com/bv1-13-br/gantry-v2-async-lottie-use-ai-steps-in-workflow-builder-de-DE.json.1a24a7d5ff3f2b505b83.min.js 
{
  "versionId": 1
}
[04/24/26, 09:08:03:353] info: Apr-24 09:08:03.353 [SERVICE-WORKER] asset not found in an existing cache bucket https://a.slack-edge.com/bv1-13-br/gantry-v2-async-lottie-use-ai-steps-in-workflow-builder-en-GB.json.5618bbfa894e3c44f460.min.js 
{
  "versionId": 1
}
[04/24/26, 09:08:03:353] info: Apr-24 09:08:03.353 [SERVICE-WORKER] asset not found in an existing cache bucket https://a.slack-edge.com/bv1-13-br/gantry-v2-async-lottie-use-ai-steps-in-workflow-builder-en-US.json.e87cd54c94cd0fe4a750.min.js 
{
  "versionId": 1
}
[04/24/26, 09:08:03:353] info: Apr-24 09:08:03.353 [SERVICE-WORKER] asset not found in an existing cache bucket https://a.slack-edge.com/bv1-13-br/gantry-v2-async-lottie-use-ai-steps-in-workflow-builder-es-ES.json.2aec2ea076e00442ea7e.min.js 
{
  "versionId": 1
}
[04/24/26, 09:08:03:354] info: Apr-24 09:08:03.353 [SERVICE-WORKER] asset not found in an existing cache bucket https://a.slack-edge.com/bv1-13-br/gantry-v2-async-lottie-use-ai-steps-in-workflow-builder-es-LA.json.6d0901e7b17dda503747.min.js 
{
  "versionId": 1
}
[04/24/26, 09:08:03:354] info: Apr-24 09:08:03.353 [SERVICE-WORKER] asset not found in an existing cache bucket https://a.slack-edge.com/bv1-13-br/gantry-v2-async-lottie-use-ai-steps-in-workflow-builder-fr-FR.json.1b2760db1796d1b0aaab.min.js 
{
  "versionId": 1
}
[04/24/26, 09:08:03:354] info: Apr-24 09:08:03.353 [SERVICE-WORKER] asset not found in an existing cache bucket https://a.slack-edge.com/bv1-13-br/gantry-v2-async-lottie-use-ai-steps-in-workflow-builder-ja-JP.json.4149692a3b73248f52e7.min.js 
{
  "versionId": 1
}
[04/24/26, 09:08:03:354] info: Apr-24 09:08:03.354 [SERVICE-WORKER] asset not found in an existing cache bucket https://a.slack-edge.com/bv1-13-br/gantry-v2-async-lottie-use-ai-steps-in-workflow-builder-pt-BR.json.fdd6e664a453753d9988.min.js 
{
  "versionId": 1
}
[04/24/26, 09:08:03:355] info: Apr-24 09:08:03.354 [SERVICE-WORKER] asset not found in an existing cache bucket https://a.slack-edge.com/bv1-13-br/gantry-v2-async-lottie-use-ai-steps-in-workflow-builder-ko-KR.json.2d257196bf67b9f65399.min.js 
{
  "versionId": 1
}
[04/24/26, 09:08:03:355] info: Apr-24 09:08:03.354 [SERVICE-WORKER] asset not found in an existing cache bucket https://a.slack-edge.com/bv1-13-br/gantry-v2-async-lottie-use-ai-steps-in-workflow-builder-it-IT.json.c3fdc2e96ab47c67109f.min.js 
{
  "versionId": 1
}
[04/24/26, 09:08:03:355] info: Apr-24 09:08:03.354 [SERVICE-WORKER] asset not found in an existing cache bucket https://a.slack-edge.com/bv1-13-br/gantry-v2-async-lottie-use-ai-steps-in-workflow-builder-zh-CN.json.dc9ce892806fb7c33014.min.js 
{
  "versionId": 1
}
[04/24/26, 09:08:03:356] info: Apr-24 09:08:03.354 [SERVICE-WORKER] asset not found in an existing cache bucket https://a.slack-edge.com/bv1-13-br/gantry-v2-async-lottie-use-ai-steps-in-workflow-builder-zh-TW.json.3ab609f79d7a4976d024.min.js 
{
  "versionId": 1
}
[04/24/26, 09:08:03:356] info: Apr-24 09:08:03.354 [SERVICE-WORKER] asset not found in an existing cache bucket https://a.slack-edge.com/bv1-13-br/gantry-v2-async-lottie-use-ai-workflow-builder-de-DE.json.4b4fbdf983474444d719.min.js 
{
  "versionId": 1
}
[04/24/26, 09:08:03:356] info: Apr-24 09:08:03.355 [SERVICE-WORKER] asset not found in an existing cache bucket https://a.slack-edge.com/bv1-13-br/gantry-v2-async-lottie-use-ai-workflow-builder-en-GB.json.1c1728c2c520b57b000e.min.js 
{
  "versionId": 1
}
[04/24/26, 09:08:03:356] info: Apr-24 09:08:03.355 [SERVICE-WORKER] asset not found in an existing cache bucket https://a.slack-edge.com/bv1-13-br/gantry-v2-async-lottie-use-ai-workflow-builder-en-US.json.f6d7fcfa83c117910520.min.js 
{
  "versionId": 1
}
[04/24/26, 09:08:03:356] info: Apr-24 09:08:03.355 [SERVICE-WORKER] asset not found in an existing cache bucket https://a.slack-edge.com/bv1-13-br/gantry-v2-async-lottie-use-ai-workflow-builder-es-ES.json.26fdb39eea17ad1e353c.min.js 
{
  "versionId": 1
}
[04/24/26, 09:08:03:357] info: Apr-24 09:08:03.355 [SERVICE-WORKER] asset not found in an existing cache bucket https://a.slack-edge.com/bv1-13-br/gantry-v2-async-lottie-use-ai-workflow-builder-es-LA.json.0a14d31cb5564b63c28b.min.js 
{
  "versionId": 1
}
[04/24/26, 09:08:03:357] info: Apr-24 09:08:03.355 [SERVICE-WORKER] asset not found in an existing cache bucket https://a.slack-edge.com/bv1-13-br/gantry-v2-async-lottie-use-ai-workflow-builder-fr-FR.json.44d3ed9e1643fc44cef3.min.js 
{
  "versionId": 1
}
[04/24/26, 09:08:03:357] info: Apr-24 09:08:03.355 [SERVICE-WORKER] asset not found in an existing cache bucket https://a.slack-edge.com/bv1-13-br/gantry-v2-async-lottie-use-ai-workflow-builder-ja-JP.json.ef368f5ea1fde37bfea4.min.js 
{
  "versionId": 1
}
[04/24/26, 09:08:03:357] info: Apr-24 09:08:03.356 [SERVICE-WORKER] asset not found in an existing cache bucket https://a.slack-edge.com/bv1-13-br/gantry-v2-async-lottie-use-ai-workflow-builder-pt-BR.json.6e4fa073d1cd5ca595f5.min.js 
{
  "versionId": 1
}
[04/24/26, 09:08:03:357] info: Apr-24 09:08:03.356 [SERVICE-WORKER] asset not found in an existing cache bucket https://a.slack-edge.com/bv1-13-br/gantry-v2-async-lottie-use-ai-workflow-builder-ko-KR.json.d261509fe42e5f1ea078.min.js 
{
  "versionId": 1
}
[04/24/26, 09:08:03:357] info: Apr-24 09:08:03.356 [SERVICE-WORKER] asset not found in an existing cache bucket https://a.slack-edge.com/bv1-13-br/gantry-v2-async-lottie-use-ai-workflow-builder-it-IT.json.f1e1cebc803e5f6b5030.min.js 
{
  "versionId": 1
}
[04/24/26, 09:08:03:358] info: Apr-24 09:08:03.356 [SERVICE-WORKER] asset not found in an existing cache bucket https://a.slack-edge.com/bv1-13-br/gantry-v2-async-lottie-use-ai-workflow-builder-zh-CN.json.80d6678f8139830bf5f3.min.js 
{
  "versionId": 1
}
[04/24/26, 09:08:03:358] info: Apr-24 09:08:03.356 [SERVICE-WORKER] asset not found in an existing cache bucket https://a.slack-edge.com/bv1-13-br/gantry-v2-async-lottie-use-ai-workflow-builder-zh-TW.json.11161e8f215bdbf34275.min.js 
{
  "versionId": 1
}
[04/24/26, 09:08:03:358] info: Apr-24 09:08:03.357 [SERVICE-WORKER] asset not found in an existing cache bucket https://a.slack-edge.com/bv1-13-br/gantry-v2-async-lottie-use-canvases-de-DE.json.509a2833674b6d680620.min.js 
{
  "versionId": 1
}
[04/24/26, 09:08:03:358] info: Apr-24 09:08:03.357 [SERVICE-WORKER] asset not found in an existing cache bucket https://a.slack-edge.com/bv1-13-br/gantry-v2-async-lottie-use-daily-recaps-de-DE.json.e5b3556532c44052939f.min.js 
{
  "versionId": 1
}
[04/24/26, 09:08:03:358] info: Apr-24 09:08:03.358 [SERVICE-WORKER] asset not found in an existing cache bucket https://a.slack-edge.com/bv1-13-br/gantry-v2-async-lottie-use-daily-recaps-en-GB.json.fde6b6033d28fbed7766.min.js 
{
  "versionId": 1
}
[04/24/26, 09:08:03:358] info: Apr-24 09:08:03.358 [SERVICE-WORKER] asset not found in an existing cache bucket https://a.slack-edge.com/bv1-13-br/gantry-v2-async-lottie-use-daily-recaps-en-US.json.1cedb3a65108b43bdf5a.min.js 
{
  "versionId": 1
}
[04/24/26, 09:08:03:359] info: Apr-24 09:08:03.358 [SERVICE-WORKER] asset not found in an existing cache bucket https://a.slack-edge.com/bv1-13-br/gantry-v2-async-lottie-use-daily-recaps-es-ES.json.d5de3289f5b364fbff4e.min.js 
{
  "versionId": 1
}
[04/24/26, 09:08:03:359] info: Apr-24 09:08:03.358 [SERVICE-WORKER] asset not found in an existing cache bucket https://a.slack-edge.com/bv1-13-br/gantry-v2-async-lottie-use-daily-recaps-es-LA.json.cdc2acb47cc821a4dad7.min.js 
{
  "versionId": 1
}
[04/24/26, 09:08:03:359] info: Apr-24 09:08:03.358 [SERVICE-WORKER] asset not found in an existing cache bucket https://a.slack-edge.com/bv1-13-br/gantry-v2-async-lottie-use-daily-recaps-fr-FR.json.798ce235020225567746.min.js 
{
  "versionId": 1
}
[04/24/26, 09:08:03:359] info: Apr-24 09:08:03.358 [SERVICE-WORKER] asset not found in an existing cache bucket https://a.slack-edge.com/bv1-13-br/gantry-v2-async-lottie-use-daily-recaps-ja-JP.json.a83e59121c7dac59acd6.min.js 
{
  "versionId": 1
}
[04/24/26, 09:08:03:359] info: Apr-24 09:08:03.359 [SERVICE-WORKER] asset not found in an existing cache bucket https://a.slack-edge.com/bv1-13-br/gantry-v2-async-lottie-use-daily-recaps-pt-BR.json.cf06cf41e828615a949f.min.js 
{
  "versionId": 1
}
[04/24/26, 09:08:03:359] info: Apr-24 09:08:03.359 [SERVICE-WORKER] asset not found in an existing cache bucket https://a.slack-edge.com/bv1-13-br/gantry-v2-async-lottie-use-daily-recaps-ko-KR.json.7a82eaa180f8102f2f3c.min.js 
{
  "versionId": 1
}
[04/24/26, 09:08:03:359] info: Apr-24 09:08:03.359 [SERVICE-WORKER] asset not found in an existing cache bucket https://a.slack-edge.com/bv1-13-br/gantry-v2-async-lottie-use-daily-recaps-it-IT.json.fb10a42e276d89054c35.min.js 
{
  "versionId": 1
}
[04/24/26, 09:08:03:360] info: Apr-24 09:08:03.359 [SERVICE-WORKER] asset not found in an existing cache bucket https://a.slack-edge.com/bv1-13-br/gantry-v2-async-lottie-use-daily-recaps-zh-CN.json.6c83b9c4fb4fc7550092.min.js 
{
  "versionId": 1
}
[04/24/26, 09:08:03:360] info: Apr-24 09:08:03.359 [SERVICE-WORKER] asset not found in an existing cache bucket https://a.slack-edge.com/bv1-13-br/gantry-v2-async-lottie-use-daily-recaps-zh-TW.json.f633d7ce28f680c914be.min.js 
{
  "versionId": 1
}
[04/24/26, 09:08:03:360] info: Apr-24 09:08:03.359 [SERVICE-WORKER] asset not found in an existing cache bucket https://a.slack-edge.com/bv1-13-br/gantry-v2-async-lottie-use-data-residency-de-DE.json.89448b43c576fcb889a2.min.js 
{
  "versionId": 1
}
[04/24/26, 09:08:03:360] info: Apr-24 09:08:03.360 [SERVICE-WORKER] asset not found in an existing cache bucket https://a.slack-edge.com/bv1-13-br/gantry-v2-async-lottie-use-enterprise-search-de-DE.json.d938fc2ba62b14fb7ed3.min.js 
{
  "versionId": 1
}
[04/24/26, 09:08:03:360] info: Apr-24 09:08:03.360 [SERVICE-WORKER] asset not found in an existing cache bucket https://a.slack-edge.com/bv1-13-br/gantry-v2-async-lottie-use-enterprise-search-en-GB.json.9ed6c5a704eb88f869c8.min.js 
{
  "versionId": 1
}
[04/24/26, 09:08:03:360] info: Apr-24 09:08:03.360 [SERVICE-WORKER] asset not found in an existing cache bucket https://a.slack-edge.com/bv1-13-br/gantry-v2-async-lottie-use-enterprise-search-en-US.json.d79e6846c431269b1f12.min.js 
{
  "versionId": 1
}
[04/24/26, 09:08:03:360] info: Apr-24 09:08:03.360 [SERVICE-WORKER] asset not found in an existing cache bucket https://a.slack-edge.com/bv1-13-br/gantry-v2-async-lottie-use-enterprise-search-es-ES.json.51895ce228bcd5e0b70e.min.js 
{
  "versionId": 1
}
[04/24/26, 09:08:03:361] info: Apr-24 09:08:03.360 [SERVICE-WORKER] asset not found in an existing cache bucket https://a.slack-edge.com/bv1-13-br/gantry-v2-async-lottie-use-enterprise-search-es-LA.json.9140b2e6b530a06e67ab.min.js 
{
  "versionId": 1
}
[04/24/26, 09:08:03:361] info: Apr-24 09:08:03.360 [SERVICE-WORKER] asset not found in an existing cache bucket https://a.slack-edge.com/bv1-13-br/gantry-v2-async-lottie-use-enterprise-search-fr-FR.json.fa0af9adad05214b0a74.min.js 
{
  "versionId": 1
}
[04/24/26, 09:08:03:361] info: Apr-24 09:08:03.360 [SERVICE-WORKER] asset not found in an existing cache bucket https://a.slack-edge.com/bv1-13-br/gantry-v2-async-lottie-use-enterprise-search-ja-JP.json.6e6216be859292435201.min.js 
{
  "versionId": 1
}
[04/24/26, 09:08:03:361] info: Apr-24 09:08:03.360 [SERVICE-WORKER] asset not found in an existing cache bucket https://a.slack-edge.com/bv1-13-br/gantry-v2-async-lottie-use-enterprise-search-pt-BR.json.e584df7a2757c61ab333.min.js 
{
  "versionId": 1
}
[04/24/26, 09:08:03:361] info: Apr-24 09:08:03.361 [SERVICE-WORKER] asset not found in an existing cache bucket https://a.slack-edge.com/bv1-13-br/gantry-v2-async-lottie-use-enterprise-search-ko-KR.json.106b8cd066f304cf69fa.min.js 
{
  "versionId": 1
}
[04/24/26, 09:08:03:361] info: Apr-24 09:08:03.361 [SERVICE-WORKER] asset not found in an existing cache bucket https://a.slack-edge.com/bv1-13-br/gantry-v2-async-lottie-use-enterprise-search-it-IT.json.183fa72efda440400420.min.js 
{
  "versionId": 1
}
[04/24/26, 09:08:03:361] info: Apr-24 09:08:03.361 [SERVICE-WORKER] asset not found in an existing cache bucket https://a.slack-edge.com/bv1-13-br/gantry-v2-async-lottie-use-enterprise-search-zh-CN.json.fc93aba8f2f7b7b378f8.min.js 
{
  "versionId": 1
}
[04/24/26, 09:08:03:362] info: Apr-24 09:08:03.361 [SERVICE-WORKER] asset not found in an existing cache bucket https://a.slack-edge.com/bv1-13-br/gantry-v2-async-lottie-use-enterprise-search-zh-TW.json.12d0733392587f63d42c.min.js 
{
  "versionId": 1
}
[04/24/26, 09:08:03:362] info: Apr-24 09:08:03.361 [SERVICE-WORKER] asset not found in an existing cache bucket https://a.slack-edge.com/bv1-13-br/gantry-v2-async-lottie-use-file-summaries-de-DE.json.0ff94c9a7342903325ec.min.js 
{
  "versionId": 1
}
[04/24/26, 09:08:03:362] info: Apr-24 09:08:03.361 [SERVICE-WORKER] asset not found in an existing cache bucket https://a.slack-edge.com/bv1-13-br/gantry-v2-async-lottie-use-file-summaries-en-GB.json.a9766336bab61930bdef.min.js 
{
  "versionId": 1
}
[04/24/26, 09:08:03:362] info: Apr-24 09:08:03.362 [SERVICE-WORKER] asset not found in an existing cache bucket https://a.slack-edge.com/bv1-13-br/gantry-v2-async-lottie-use-file-summaries-en-US.json.bac7f6b0ebe32b3e39ed.min.js 
{
  "versionId": 1
}
[04/24/26, 09:08:03:362] info: Apr-24 09:08:03.362 [SERVICE-WORKER] asset not found in an existing cache bucket https://a.slack-edge.com/bv1-13-br/gantry-v2-async-lottie-use-file-summaries-es-ES.json.89715f6d6bb9a5bae224.min.js 
{
  "versionId": 1
}
[04/24/26, 09:08:03:362] info: Apr-24 09:08:03.362 [SERVICE-WORKER] asset not found in an existing cache bucket https://a.slack-edge.com/bv1-13-br/gantry-v2-async-lottie-use-file-summaries-es-LA.json.0cf173eaa491893205e8.min.js 
{
  "versionId": 1
}
[04/24/26, 09:08:03:363] info: Apr-24 09:08:03.362 [SERVICE-WORKER] asset not found in an existing cache bucket https://a.slack-edge.com/bv1-13-br/gantry-v2-async-lottie-use-file-summaries-fr-FR.json.ea722b6a53db61c1d70f.min.js 
{
  "versionId": 1
}
[04/24/26, 09:08:03:363] info: Apr-24 09:08:03.362 [SERVICE-WORKER] asset not found in an existing cache bucket https://a.slack-edge.com/bv1-13-br/gantry-v2-async-lottie-use-file-summaries-ja-JP.json.c400eda0da0d9570f403.min.js 
{
  "versionId": 1
}
[04/24/26, 09:08:03:363] info: Apr-24 09:08:03.362 [SERVICE-WORKER] asset not found in an existing cache bucket https://a.slack-edge.com/bv1-13-br/gantry-v2-async-lottie-use-file-summaries-pt-BR.json.cf151d4eee5397428549.min.js 
{
  "versionId": 1
}
[04/24/26, 09:08:03:363] info: Apr-24 09:08:03.363 [SERVICE-WORKER] asset not found in an existing cache bucket https://a.slack-edge.com/bv1-13-br/gantry-v2-async-lottie-use-file-summaries-ko-KR.json.cb6a2b873c2cc88ad162.min.js 
{
  "versionId": 1
}
[04/24/26, 09:08:03:363] info: Apr-24 09:08:03.363 [SERVICE-WORKER] asset not found in an existing cache bucket https://a.slack-edge.com/bv1-13-br/gantry-v2-async-lottie-use-file-summaries-it-IT.json.94f16c67ec61915abf20.min.js 
{
  "versionId": 1
}
[04/24/26, 09:08:03:363] info: Apr-24 09:08:03.363 [SERVICE-WORKER] asset not found in an existing cache bucket https://a.slack-edge.com/bv1-13-br/gantry-v2-async-lottie-use-file-summaries-zh-CN.json.c09babdd2a8bdf753958.min.js 
{
  "versionId": 1
}
[04/24/26, 09:08:03:363] info: Apr-24 09:08:03.363 [SERVICE-WORKER] asset not found in an existing cache bucket https://a.slack-edge.com/bv1-13-br/gantry-v2-async-lottie-use-file-summaries-zh-TW.json.0941b6e76a103261d6de.min.js 
{
  "versionId": 1
}
[04/24/26, 09:08:03:364] info: Apr-24 09:08:03.363 [SERVICE-WORKER] asset not found in an existing cache bucket https://a.slack-edge.com/bv1-13-br/gantry-v2-async-lottie-use-huddles-notes-de-DE.json.afbd43a43cc51cc5ec8e.min.js 
{
  "versionId": 1
}
[04/24/26, 09:08:03:364] info: Apr-24 09:08:03.363 [SERVICE-WORKER] asset not found in an existing cache bucket https://a.slack-edge.com/bv1-13-br/gantry-v2-async-lottie-use-huddles-notes-en-GB.json.a582170c3304867ba663.min.js 
{
  "versionId": 1
}
[04/24/26, 09:08:03:364] info: Apr-24 09:08:03.363 [SERVICE-WORKER] asset not found in an existing cache bucket https://a.slack-edge.com/bv1-13-br/gantry-v2-async-lottie-use-huddles-notes-en-US.json.f3cfa1b2ad40a0dc02ea.min.js 
{
  "versionId": 1
}
[04/24/26, 09:08:03:371] info: Apr-24 09:08:03.363 [SERVICE-WORKER] asset not found in an existing cache bucket https://a.slack-edge.com/bv1-13-br/gantry-v2-async-lottie-use-huddles-notes-es-ES.json.27cfe3bb6993b0ce4d7a.min.js 
{
  "versionId": 1
}
[04/24/26, 09:08:03:371] info: Apr-24 09:08:03.364 [SERVICE-WORKER] asset not found in an existing cache bucket https://a.slack-edge.com/bv1-13-br/gantry-v2-async-lottie-use-huddles-notes-es-LA.json.10c097bf8b9a82f3f0c7.min.js 
{
  "versionId": 1
}
[04/24/26, 09:08:03:373] info: Apr-24 09:08:03.364 [SERVICE-WORKER] asset not found in an existing cache bucket https://a.slack-edge.com/bv1-13-br/gantry-v2-async-lottie-use-huddles-notes-fr-FR.json.2ff794c4e3acbf66c3c7.min.js 
{
  "versionId": 1
}
[04/24/26, 09:08:03:376] info: Apr-24 09:08:03.364 [SERVICE-WORKER] asset not found in an existing cache bucket https://a.slack-edge.com/bv1-13-br/gantry-v2-async-lottie-use-huddles-notes-ja-JP.json.15d0bb76175a21e4f7ac.min.js 
{
  "versionId": 1
}
[04/24/26, 09:08:03:376] info: Apr-24 09:08:03.364 [SERVICE-WORKER] asset not found in an existing cache bucket https://a.slack-edge.com/bv1-13-br/gantry-v2-async-lottie-use-huddles-notes-pt-BR.json.ffe0019d9e843b75a0ac.min.js 
{
  "versionId": 1
}
[04/24/26, 09:08:03:376] info: Apr-24 09:08:03.364 [SERVICE-WORKER] asset not found in an existing cache bucket https://a.slack-edge.com/bv1-13-br/gantry-v2-async-lottie-use-huddles-notes-ko-KR.json.5d7d8191e0fe007005c4.min.js 
{
  "versionId": 1
}
[04/24/26, 09:08:03:376] info: Apr-24 09:08:03.365 [SERVICE-WORKER] asset not found in an existing cache bucket https://a.slack-edge.com/bv1-13-br/gantry-v2-async-lottie-use-huddles-notes-it-IT.json.7d3399ddcc80194955a2.min.js 
{
  "versionId": 1
}
[04/24/26, 09:08:03:376] info: Apr-24 09:08:03.365 [SERVICE-WORKER] asset not found in an existing cache bucket https://a.slack-edge.com/bv1-13-br/gantry-v2-async-lottie-use-huddles-notes-zh-CN.json.769467548de6db10482f.min.js 
{
  "versionId": 1
}
[04/24/26, 09:08:03:376] info: Apr-24 09:08:03.365 [SERVICE-WORKER] asset not found in an existing cache bucket https://a.slack-edge.com/bv1-13-br/gantry-v2-async-lottie-use-huddles-notes-zh-TW.json.de55e4a137ded8c350ef.min.js 
{
  "versionId": 1
}
[04/24/26, 09:08:03:376] info: Apr-24 09:08:03.365 [SERVICE-WORKER] asset not found in an existing cache bucket https://a.slack-edge.com/bv1-13-br/gantry-v2-async-lottie-use-huddles-de-DE.json.875d27a28978779448fa.min.js 
{
  "versionId": 1
}
[04/24/26, 09:08:03:376] info: Apr-24 09:08:03.365 [SERVICE-WORKER] asset not found in an existing cache bucket https://a.slack-edge.com/bv1-13-br/gantry-v2-async-lottie-use-integrations-with-other-apps-de-DE.json.f0d46d843b2df7016a50.min.js 
{
  "versionId": 1
}
[04/24/26, 09:08:03:376] info: Apr-24 09:08:03.365 [SERVICE-WORKER] asset not found in an existing cache bucket https://a.slack-edge.com/bv1-13-br/gantry-v2-async-lottie-use-lists-de-DE.json.4ef2553e4f77eb440bf6.min.js 
{
  "versionId": 1
}
[04/24/26, 09:08:03:376] info: Apr-24 09:08:03.366 [SERVICE-WORKER] asset not found in an existing cache bucket https://a.slack-edge.com/bv1-13-br/gantry-v2-async-lottie-use-manage-channel-posting-permissions-de-DE.json.8101dd9cd9e4598292f5.min.js 
{
  "versionId": 1
}
[04/24/26, 09:08:03:376] info: Apr-24 09:08:03.366 [SERVICE-WORKER] asset not found in an existing cache bucket https://a.slack-edge.com/bv1-13-br/gantry-v2-async-lottie-use-message-activity-analytics-de-DE.json.cedd047233ccfdb049ce.min.js 
{
  "versionId": 1
}
[04/24/26, 09:08:03:376] info: Apr-24 09:08:03.366 [SERVICE-WORKER] asset not found in an existing cache bucket https://a.slack-edge.com/bv1-13-br/gantry-v2-async-lottie-use-message-and-file-history-de-DE.json.7e2e3ab4a174578ece1a.min.js 
{
  "versionId": 1
}
[04/24/26, 09:08:03:377] info: Apr-24 09:08:03.366 [SERVICE-WORKER] asset not found in an existing cache bucket https://a.slack-edge.com/bv1-13-br/gantry-v2-async-lottie-use-message-and-file-history-en-GB.json.fc1adf91ed912e4e9c95.min.js 
{
  "versionId": 1
}
[04/24/26, 09:08:03:377] info: Apr-24 09:08:03.366 [SERVICE-WORKER] asset not found in an existing cache bucket https://a.slack-edge.com/bv1-13-br/gantry-v2-async-lottie-use-message-and-file-history-en-US.json.375f64f9d57acee4bec5.min.js 
{
  "versionId": 1
}
[04/24/26, 09:08:03:377] info: Apr-24 09:08:03.366 [SERVICE-WORKER] asset not found in an existing cache bucket https://a.slack-edge.com/bv1-13-br/gantry-v2-async-lottie-use-message-and-file-history-es-ES.json.92b86c9a0f3199ae5cb6.min.js 
{
  "versionId": 1
}
[04/24/26, 09:08:03:377] info: Apr-24 09:08:03.367 [SERVICE-WORKER] asset not found in an existing cache bucket https://a.slack-edge.com/bv1-13-br/gantry-v2-async-lottie-use-message-and-file-history-es-LA.json.367b901aa5cccc3cd3b5.min.js 
{
  "versionId": 1
}
[04/24/26, 09:08:03:377] info: Apr-24 09:08:03.367 [SERVICE-WORKER] asset not found in an existing cache bucket https://a.slack-edge.com/bv1-13-br/gantry-v2-async-lottie-use-message-and-file-history-fr-FR.json.a15f9c8b12859a930c84.min.js 
{
  "versionId": 1
}
[04/24/26, 09:08:03:377] info: Apr-24 09:08:03.367 [SERVICE-WORKER] asset not found in an existing cache bucket https://a.slack-edge.com/bv1-13-br/gantry-v2-async-lottie-use-message-and-file-history-ja-JP.json.5ffded80e08883ed4443.min.js 
{
  "versionId": 1
}
[04/24/26, 09:08:03:377] info: Apr-24 09:08:03.367 [SERVICE-WORKER] asset not found in an existing cache bucket https://a.slack-edge.com/bv1-13-br/gantry-v2-async-lottie-use-message-and-file-history-pt-BR.json.4bd673d4fea62e35625c.min.js 
{
  "versionId": 1
}
[04/24/26, 09:08:03:377] info: Apr-24 09:08:03.367 [SERVICE-WORKER] asset not found in an existing cache bucket https://a.slack-edge.com/bv1-13-br/gantry-v2-async-lottie-use-message-and-file-history-ko-KR.json.8579f5284ec79046e7de.min.js 
{
  "versionId": 1
}
[04/24/26, 09:08:03:377] info: Apr-24 09:08:03.367 [SERVICE-WORKER] asset not found in an existing cache bucket https://a.slack-edge.com/bv1-13-br/gantry-v2-async-lottie-use-message-and-file-history-it-IT.json.ef97b523cddff5f11150.min.js 
{
  "versionId": 1
}
[04/24/26, 09:08:03:377] info: Apr-24 09:08:03.368 [SERVICE-WORKER] asset not found in an existing cache bucket https://a.slack-edge.com/bv1-13-br/gantry-v2-async-lottie-use-message-and-file-history-zh-CN.json.b3a0f10eae971abc4b34.min.js 
{
  "versionId": 1
}
[04/24/26, 09:08:03:377] info: Apr-24 09:08:03.368 [SERVICE-WORKER] asset not found in an existing cache bucket https://a.slack-edge.com/bv1-13-br/gantry-v2-async-lottie-use-message-and-file-history-zh-TW.json.9f1f9a97ed14ce885975.min.js 
{
  "versionId": 1
}
[04/24/26, 09:08:03:377] info: Apr-24 09:08:03.368 [SERVICE-WORKER] asset not found in an existing cache bucket https://a.slack-edge.com/bv1-13-br/gantry-v2-async-lottie-use-scim-user-management-de-DE.json.1b8a9fc4cd25f2563ada.min.js 
{
  "versionId": 1
}
[04/24/26, 09:08:03:377] info: Apr-24 09:08:03.368 [SERVICE-WORKER] asset not found in an existing cache bucket https://a.slack-edge.com/bv1-13-br/gantry-v2-async-lottie-crm-animation-de-DE.json.c9fd15f7d5e8f4e46828.min.js 
{
  "versionId": 1
}
[04/24/26, 09:08:03:377] info: Apr-24 09:08:03.368 [SERVICE-WORKER] asset not found in an existing cache bucket https://a.slack-edge.com/bv1-13-br/gantry-v2-async-lottie-use-single-sign-on-sso-de-DE.json.2aef8f7efde96883541d.min.js 
{
  "versionId": 1
}
[04/24/26, 09:08:03:377] info: Apr-24 09:08:03.368 [SERVICE-WORKER] asset not found in an existing cache bucket https://a.slack-edge.com/bv1-13-br/gantry-v2-async-lottie-use-slack-connect-de-DE.json.7ea6bc378f917c1909d4.min.js 
{
  "versionId": 1
}
[04/24/26, 09:08:03:377] info: Apr-24 09:08:03.369 [SERVICE-WORKER] asset not found in an existing cache bucket https://a.slack-edge.com/bv1-13-br/gantry-v2-async-lottie-use-slack-connect-en-GB.json.b95f3e3df7e21dc9a215.min.js 
{
  "versionId": 1
}
[04/24/26, 09:08:03:377] info: Apr-24 09:08:03.369 [SERVICE-WORKER] asset not found in an existing cache bucket https://a.slack-edge.com/bv1-13-br/gantry-v2-async-lottie-use-slack-connect-en-US.json.c382b110e8796a559977.min.js 
{
  "versionId": 1
}
[04/24/26, 09:08:03:377] info: Apr-24 09:08:03.369 [SERVICE-WORKER] asset not found in an existing cache bucket https://a.slack-edge.com/bv1-13-br/gantry-v2-async-lottie-use-slack-connect-es-ES.json.baa23372666ae8df9494.min.js 
{
  "versionId": 1
}
[04/24/26, 09:08:03:377] info: Apr-24 09:08:03.369 [SERVICE-WORKER] asset not found in an existing cache bucket https://a.slack-edge.com/bv1-13-br/gantry-v2-async-lottie-use-slack-connect-es-LA.json.c7bf56c15becfa361147.min.js 
{
  "versionId": 1
}
[04/24/26, 09:08:03:378] info: Apr-24 09:08:03.369 [SERVICE-WORKER] asset not found in an existing cache bucket https://a.slack-edge.com/bv1-13-br/gantry-v2-async-lottie-use-slack-connect-fr-FR.json.697e5b3352b12a0038cb.min.js 
{
  "versionId": 1
}
[04/24/26, 09:08:03:378] info: Apr-24 09:08:03.369 [SERVICE-WORKER] asset not found in an existing cache bucket https://a.slack-edge.com/bv1-13-br/gantry-v2-async-lottie-use-slack-connect-ja-JP.json.ec09937392edf1e4bea0.min.js 
{
  "versionId": 1
}
[04/24/26, 09:08:03:378] info: Apr-24 09:08:03.369 [SERVICE-WORKER] asset not found in an existing cache bucket https://a.slack-edge.com/bv1-13-br/gantry-v2-async-lottie-use-slack-connect-pt-BR.json.d6c4e1631594ab816ca5.min.js 
{
  "versionId": 1
}
[04/24/26, 09:08:03:378] info: Apr-24 09:08:03.369 [SERVICE-WORKER] asset not found in an existing cache bucket https://a.slack-edge.com/bv1-13-br/gantry-v2-async-lottie-use-slack-connect-ko-KR.json.0624d1001e5998b52939.min.js 
{
  "versionId": 1
}
[04/24/26, 09:08:03:378] info: Apr-24 09:08:03.370 [SERVICE-WORKER] asset not found in an existing cache bucket https://a.slack-edge.com/bv1-13-br/gantry-v2-async-lottie-use-slack-connect-it-IT.json.31b5516f8426aaa5e4a5.min.js 
{
  "versionId": 1
}
[04/24/26, 09:08:03:378] info: Apr-24 09:08:03.370 [SERVICE-WORKER] asset not found in an existing cache bucket https://a.slack-edge.com/bv1-13-br/gantry-v2-async-lottie-use-slack-connect-zh-CN.json.e06565a71d1aedf6d1ef.min.js 
{
  "versionId": 1
}
[04/24/26, 09:08:03:378] info: Apr-24 09:08:03.370 [SERVICE-WORKER] asset not found in an existing cache bucket https://a.slack-edge.com/bv1-13-br/gantry-v2-async-lottie-use-slack-connect-zh-TW.json.3f2f1dabd4499d553855.min.js 
{
  "versionId": 1
}
[04/24/26, 09:08:03:378] info: Apr-24 09:08:03.370 [SERVICE-WORKER] asset not found in an existing cache bucket https://a.slack-edge.com/bv1-13-br/gantry-v2-async-lottie-use-thread-and-channel-summaries-de-DE.json.cd5e50c7b6e91d8afb60.min.js 
{
  "versionId": 1
}
[04/24/26, 09:08:03:378] info: Apr-24 09:08:03.370 [SERVICE-WORKER] asset not found in an existing cache bucket https://a.slack-edge.com/bv1-13-br/gantry-v2-async-lottie-use-thread-and-channel-summaries-en-GB.json.81294256c4c40c902f64.min.js 
{
  "versionId": 1
}
[04/24/26, 09:08:03:378] info: Apr-24 09:08:03.370 [SERVICE-WORKER] asset not found in an existing cache bucket https://a.slack-edge.com/bv1-13-br/gantry-v2-async-lottie-use-thread-and-channel-summaries-en-US.json.ee4c9c8d387646f2ac4d.min.js 
{
  "versionId": 1
}
[04/24/26, 09:08:03:378] info: Apr-24 09:08:03.370 [SERVICE-WORKER] asset not found in an existing cache bucket https://a.slack-edge.com/bv1-13-br/gantry-v2-async-lottie-use-thread-and-channel-summaries-es-ES.json.0df55b874d060cd45b6c.min.js 
{
  "versionId": 1
}
[04/24/26, 09:08:03:378] info: Apr-24 09:08:03.371 [SERVICE-WORKER] asset not found in an existing cache bucket https://a.slack-edge.com/bv1-13-br/gantry-v2-async-lottie-use-thread-and-channel-summaries-es-LA.json.198df6b39dfc8c8bfbb8.min.js 
{
  "versionId": 1
}
[04/24/26, 09:08:03:378] info: Apr-24 09:08:03.371 [SERVICE-WORKER] asset not found in an existing cache bucket https://a.slack-edge.com/bv1-13-br/gantry-v2-async-lottie-use-thread-and-channel-summaries-fr-FR.json.ec1cbfa484b52fbe2ed9.min.js 
{
  "versionId": 1
}
[04/24/26, 09:08:03:378] info: Apr-24 09:08:03.371 [SERVICE-WORKER] asset not found in an existing cache bucket https://a.slack-edge.com/bv1-13-br/gantry-v2-async-lottie-use-thread-and-channel-summaries-ja-JP.json.399a43804ea55f0f6d9f.min.js 
{
  "versionId": 1
}
[04/24/26, 09:08:03:378] info: Apr-24 09:08:03.371 [SERVICE-WORKER] asset not found in an existing cache bucket https://a.slack-edge.com/bv1-13-br/gantry-v2-async-lottie-use-thread-and-channel-summaries-pt-BR.json.205c5d8629daf0b0d2cb.min.js 
{
  "versionId": 1
}
[04/24/26, 09:08:03:378] info: Apr-24 09:08:03.371 [SERVICE-WORKER] asset not found in an existing cache bucket https://a.slack-edge.com/bv1-13-br/gantry-v2-async-lottie-use-thread-and-channel-summaries-ko-KR.json.78f29d4df3de8fe3d68b.min.js 
{
  "versionId": 1
}
[04/24/26, 09:08:03:378] info: Apr-24 09:08:03.371 [SERVICE-WORKER] asset not found in an existing cache bucket https://a.slack-edge.com/bv1-13-br/gantry-v2-async-lottie-use-thread-and-channel-summaries-it-IT.json.87f1d891f00acc22610d.min.js 
{
  "versionId": 1
}
[04/24/26, 09:08:03:379] info: Apr-24 09:08:03.371 [SERVICE-WORKER] asset not found in an existing cache bucket https://a.slack-edge.com/bv1-13-br/gantry-v2-async-lottie-use-thread-and-channel-summaries-zh-CN.json.9ce66e9d2c5f44c38004.min.js 
{
  "versionId": 1
}
[04/24/26, 09:08:03:379] info: Apr-24 09:08:03.371 [SERVICE-WORKER] asset not found in an existing cache bucket https://a.slack-edge.com/bv1-13-br/gantry-v2-async-lottie-use-thread-and-channel-summaries-zh-TW.json.2b9fd36f22f54dbd3bc8.min.js 
{
  "versionId": 1
}
[04/24/26, 09:08:03:379] info: Apr-24 09:08:03.371 [SERVICE-WORKER] asset not found in an existing cache bucket https://a.slack-edge.com/bv1-13-br/gantry-v2-async-lottie-use-workflow-builder-de-DE.json.3f3c88fb6f06342c0d69.min.js 
{
  "versionId": 1
}
[04/24/26, 09:08:03:379] info: Apr-24 09:08:03.372 [SERVICE-WORKER] asset not found in an existing cache bucket https://a.slack-edge.com/bv1-13-br/gantry-v2-async-lottie-huddles-trial.45b2558c9f1832c1a7fd.min.js 
{
  "versionId": 1
}
[04/24/26, 09:08:03:380] info: Apr-24 09:08:03.372 [SERVICE-WORKER] asset not found in an existing cache bucket https://a.slack-edge.com/bv1-13-br/gantry-v2-async-lottie-huddles-confetti.json.20d91db6c4c471cec7f9.min.js 
{
  "versionId": 1
}
[04/24/26, 09:08:03:380] info: Apr-24 09:08:03.372 [SERVICE-WORKER] asset found in existing cache bucket, adding to new bucket https://a.slack-edge.com/bv1-13-br/gantry-v2-async-customer-relationships-management-image-en-US.c9bb054ac213b28dd35a.min.js 
{
  "versionId": 1
}
[04/24/26, 09:08:03:380] info: Apr-24 09:08:03.373 [SERVICE-WORKER] asset found in existing cache bucket, adding to new bucket https://a.slack-edge.com/bv1-13-br/gantry-v2-async-client-explore-paid-feature-critical-apps-img-en-US.3dadd79edc510a189133.min.js 
{
  "versionId": 1
}
[04/24/26, 09:08:03:380] info: Apr-24 09:08:03.373 [SERVICE-WORKER] asset found in existing cache bucket, adding to new bucket https://a.slack-edge.com/bv1-13-br/gantry-v2-async-client-explore-paid-feature-full-context-img-en-US.b3c100be58435111a11a.min.js 
{
  "versionId": 1
}
[04/24/26, 09:08:03:380] info: Apr-24 09:08:03.374 [SERVICE-WORKER] asset found in existing cache bucket, adding to new bucket https://a.slack-edge.com/bv1-13-br/gantry-v2-async-client-explore-paid-feature-page-hero-en-US.a3a907f83090dbece3fb.min.js 
{
  "versionId": 1
}
[04/24/26, 09:08:03:380] info: Apr-24 09:08:03.375 [SERVICE-WORKER] asset found in existing cache bucket, adding to new bucket https://a.slack-edge.com/bv1-13-br/gantry-v2-async-client-explore-paid-feature-free-to-plus-page-hero-en-US.3c30daadcae411862b65.min.js 
{
  "versionId": 1
}
[04/24/26, 09:08:03:380] info: Apr-24 09:08:03.375 [SERVICE-WORKER] asset found in existing cache bucket, adding to new bucket https://a.slack-edge.com/bv1-13-br/gantry-v2-async-client-explore-paid-feature-slack-ai-img-en-US.5933af1ca8f96563504c.min.js 
{
  "versionId": 1
}
[04/24/26, 09:08:03:381] info: Apr-24 09:08:03.376 [SERVICE-WORKER] asset not found in an existing cache bucket https://a.slack-edge.com/bv1-13-br/gantry-v2-async-client-explore-paid-feature-slack-connect-img-de-DE.9745be4fe6d742b5d890.min.js 
{
  "versionId": 1
}
[04/24/26, 09:08:03:381] info: Apr-24 09:08:03.376 [SERVICE-WORKER] asset found in existing cache bucket, adding to new bucket https://a.slack-edge.com/bv1-13-br/gantry-v2-async-client-explore-paid-feature-slack-connect-hover-img-en-US.249712876921d0fe9483.min.js 
{
  "versionId": 1
}
[04/24/26, 09:08:03:381] info: Apr-24 09:08:03.377 [SERVICE-WORKER] asset found in existing cache bucket, adding to new bucket https://a.slack-edge.com/bv1-13-br/gantry-v2-async-client-explore-paid-feature-ai-hero-en-US.5a8b29ea728773ea46c4.min.js 
{
  "versionId": 1
}
[04/24/26, 09:08:03:381] info: Apr-24 09:08:03.378 [SERVICE-WORKER] asset found in existing cache bucket, adding to new bucket https://a.slack-edge.com/bv1-13-br/gantry-v2-async-client-explore-paid-feature-security-img-en-US.2940c6fb9abf57b9547d.min.js 
{
  "versionId": 1
}
[04/24/26, 09:08:03:381] info: Apr-24 09:08:03.378 [SERVICE-WORKER] asset found in existing cache bucket, adding to new bucket https://a.slack-edge.com/bv1-13-br/gantry-v2-async-client-explore-paid-feature-security-hover-img-en-US.615e826f0598e94d3481.min.js 
{
  "versionId": 1
}
[04/24/26, 09:08:03:381] info: Apr-24 09:08:03.378 [SERVICE-WORKER] asset found in existing cache bucket, adding to new bucket https://a.slack-edge.com/bv1-13-br/gantry-v2-async-client-explore-paid-feature-productivity-img-en-US.5b35fd6a78b5a7016666.min.js 
{
  "versionId": 1
}
[04/24/26, 09:08:03:382] info: Apr-24 09:08:03.380 [SERVICE-WORKER] asset not found in an existing cache bucket https://a.slack-edge.com/bv1-13-br/gantry-v2-async-customer-relationships-management-image-de-DE.9d9306142b02f49e276d.min.js 
{
  "versionId": 1
}
[04/24/26, 09:08:03:382] info: Apr-24 09:08:03.380 [SERVICE-WORKER] asset not found in an existing cache bucket https://a.slack-edge.com/bv1-13-br/gantry-v2-async-client-explore-paid-feature-critical-apps-img-de-DE.e897570306cd1a30a33c.min.js 
{
  "versionId": 1
}
[04/24/26, 09:08:03:382] info: Apr-24 09:08:03.380 [SERVICE-WORKER] asset not found in an existing cache bucket https://a.slack-edge.com/bv1-13-br/gantry-v2-async-client-explore-paid-feature-full-context-img-de-DE.c8d170c030a33febc67b.min.js 
{
  "versionId": 1
}
[04/24/26, 09:08:03:382] info: Apr-24 09:08:03.380 [SERVICE-WORKER] asset not found in an existing cache bucket https://a.slack-edge.com/bv1-13-br/gantry-v2-async-client-explore-paid-feature-page-hero-de-DE.5b5020bf6d379b075e45.min.js 
{
  "versionId": 1
}
[04/24/26, 09:08:03:382] info: Apr-24 09:08:03.380 [SERVICE-WORKER] asset not found in an existing cache bucket https://a.slack-edge.com/bv1-13-br/gantry-v2-async-client-explore-paid-feature-free-to-plus-page-hero-de-DE.4ed6eb1bf6a358b54db7.min.js 
{
  "versionId": 1
}
[04/24/26, 09:08:03:382] info: Apr-24 09:08:03.380 [SERVICE-WORKER] asset not found in an existing cache bucket https://a.slack-edge.com/bv1-13-br/gantry-v2-async-client-explore-paid-feature-slack-ai-img-de-DE.fd4a0b7581ebb3169da9.min.js 
{
  "versionId": 1
}
[04/24/26, 09:08:03:383] info: Apr-24 09:08:03.380 [SERVICE-WORKER] asset not found in an existing cache bucket https://a.slack-edge.com/bv1-13-br/gantry-v2-async-client-explore-paid-feature-ai-hero-de-DE.01825b0497a25da5c641.min.js 
{
  "versionId": 1
}
[04/24/26, 09:08:03:383] info: Apr-24 09:08:03.380 [SERVICE-WORKER] asset not found in an existing cache bucket https://a.slack-edge.com/bv1-13-br/gantry-v2-async-customer-relationships-management-image-en-GB.3e16c975bf9ccd2863f0.min.js 
{
  "versionId": 1
}
[04/24/26, 09:08:03:383] info: Apr-24 09:08:03.381 [SERVICE-WORKER] asset not found in an existing cache bucket https://a.slack-edge.com/bv1-13-br/gantry-v2-async-client-explore-paid-feature-critical-apps-img-en-GB.dc86b8961023538a1093.min.js 
{
  "versionId": 1
}
[04/24/26, 09:08:03:383] info: Apr-24 09:08:03.381 [SERVICE-WORKER] asset not found in an existing cache bucket https://a.slack-edge.com/bv1-13-br/gantry-v2-async-client-explore-paid-feature-full-context-img-en-GB.08ae127155b69f82e256.min.js 
{
  "versionId": 1
}
[04/24/26, 09:08:03:383] info: Apr-24 09:08:03.381 [SERVICE-WORKER] asset not found in an existing cache bucket https://a.slack-edge.com/bv1-13-br/gantry-v2-async-client-explore-paid-feature-page-hero-en-GB.04a409efabcf1559e644.min.js 
{
  "versionId": 1
}
[04/24/26, 09:08:03:385] info: Apr-24 09:08:03.381 [SERVICE-WORKER] asset not found in an existing cache bucket https://a.slack-edge.com/bv1-13-br/gantry-v2-async-client-explore-paid-feature-free-to-plus-page-hero-en-GB.76ee1bed2fe2ae8a6ef7.min.js 
{
  "versionId": 1
}
[04/24/26, 09:08:03:385] info: Apr-24 09:08:03.381 [SERVICE-WORKER] asset not found in an existing cache bucket https://a.slack-edge.com/bv1-13-br/gantry-v2-async-client-explore-paid-feature-slack-ai-img-en-GB.3f24e250b6fe8e3640c8.min.js 
{
  "versionId": 1
}
[04/24/26, 09:08:03:385] info: Apr-24 09:08:03.381 [SERVICE-WORKER] asset not found in an existing cache bucket https://a.slack-edge.com/bv1-13-br/gantry-v2-async-client-explore-paid-feature-ai-hero-en-GB.c05a6e93a0219466ca20.min.js 
{
  "versionId": 1
}
[04/24/26, 09:08:03:385] info: Apr-24 09:08:03.381 [SERVICE-WORKER] asset not found in an existing cache bucket https://a.slack-edge.com/bv1-13-br/gantry-v2-async-customer-relationships-management-image-es-ES.10d0587bf2790bdcac1a.min.js 
{
  "versionId": 1
}
[04/24/26, 09:08:03:385] info: Apr-24 09:08:03.382 [SERVICE-WORKER] asset not found in an existing cache bucket https://a.slack-edge.com/bv1-13-br/gantry-v2-async-client-explore-paid-feature-critical-apps-img-es-ES.6b7679b5c6a58638df2a.min.js 
{
  "versionId": 1
}
[04/24/26, 09:08:03:385] info: Apr-24 09:08:03.382 [SERVICE-WORKER] asset not found in an existing cache bucket https://a.slack-edge.com/bv1-13-br/gantry-v2-async-client-explore-paid-feature-full-context-img-es-ES.ae7332d3022156635c79.min.js 
{
  "versionId": 1
}
[04/24/26, 09:08:03:386] info: Apr-24 09:08:03.382 [SERVICE-WORKER] asset not found in an existing cache bucket https://a.slack-edge.com/bv1-13-br/gantry-v2-async-client-explore-paid-feature-page-hero-es-ES.96e54ca7a88a5dc6d6e3.min.js 
{
  "versionId": 1
}
[04/24/26, 09:08:03:386] info: Apr-24 09:08:03.382 [SERVICE-WORKER] asset not found in an existing cache bucket https://a.slack-edge.com/bv1-13-br/gantry-v2-async-client-explore-paid-feature-free-to-plus-page-hero-es-ES.e2430ea74436aa71e7b7.min.js 
{
  "versionId": 1
}
[04/24/26, 09:08:03:386] info: Apr-24 09:08:03.382 [SERVICE-WORKER] asset not found in an existing cache bucket https://a.slack-edge.com/bv1-13-br/gantry-v2-async-client-explore-paid-feature-slack-ai-img-es-ES.24ac0957b7c5881f6702.min.js 
{
  "versionId": 1
}
[04/24/26, 09:08:03:386] info: Apr-24 09:08:03.382 [SERVICE-WORKER] asset not found in an existing cache bucket https://a.slack-edge.com/bv1-13-br/gantry-v2-async-client-explore-paid-feature-ai-hero-es-ES.52dd7240ef325c575373.min.js 
{
  "versionId": 1
}
[04/24/26, 09:08:03:387] info: Apr-24 09:08:03.383 [SERVICE-WORKER] asset not found in an existing cache bucket https://a.slack-edge.com/bv1-13-br/gantry-v2-async-customer-relationships-management-image-es-LA.a1b1bc257e70c647b474.min.js 
{
  "versionId": 1
}
[04/24/26, 09:08:03:387] info: Apr-24 09:08:03.383 [SERVICE-WORKER] asset not found in an existing cache bucket https://a.slack-edge.com/bv1-13-br/gantry-v2-async-client-explore-paid-feature-critical-apps-img-es-LA.bb9ad1c80c610df514ed.min.js 
{
  "versionId": 1
}
[04/24/26, 09:08:03:388] info: Apr-24 09:08:03.383 [SERVICE-WORKER] asset not found in an existing cache bucket https://a.slack-edge.com/bv1-13-br/gantry-v2-async-client-explore-paid-feature-full-context-img-es-LA.3714f430fc795b8bb2e8.min.js 
{
  "versionId": 1
}
[04/24/26, 09:08:03:388] info: Apr-24 09:08:03.383 [SERVICE-WORKER] asset not found in an existing cache bucket https://a.slack-edge.com/bv1-13-br/gantry-v2-async-client-explore-paid-feature-page-hero-es-LA.b6a115f94957a15a4477.min.js 
{
  "versionId": 1
}
[04/24/26, 09:08:03:388] info: Apr-24 09:08:03.383 [SERVICE-WORKER] asset not found in an existing cache bucket https://a.slack-edge.com/bv1-13-br/gantry-v2-async-client-explore-paid-feature-free-to-plus-page-hero-es-LA.a135fad393777c931301.min.js 
{
  "versionId": 1
}
[04/24/26, 09:08:03:388] info: Apr-24 09:08:03.383 [SERVICE-WORKER] asset not found in an existing cache bucket https://a.slack-edge.com/bv1-13-br/gantry-v2-async-client-explore-paid-feature-slack-ai-img-es-LA.683925db466a4ee4404e.min.js 
{
  "versionId": 1
}
[04/24/26, 09:08:03:388] info: Apr-24 09:08:03.384 [SERVICE-WORKER] asset not found in an existing cache bucket https://a.slack-edge.com/bv1-13-br/gantry-v2-async-client-explore-paid-feature-ai-hero-es-LA.33802aad6edbb2344efd.min.js 
{
  "versionId": 1
}
[04/24/26, 09:08:03:388] info: Apr-24 09:08:03.384 [SERVICE-WORKER] asset not found in an existing cache bucket https://a.slack-edge.com/bv1-13-br/gantry-v2-async-customer-relationships-management-image-fr-FR.e6c8ab1f1c95ca730746.min.js 
{
  "versionId": 1
}
[04/24/26, 09:08:03:388] info: Apr-24 09:08:03.384 [SERVICE-WORKER] asset not found in an existing cache bucket https://a.slack-edge.com/bv1-13-br/gantry-v2-async-client-explore-paid-feature-critical-apps-img-fr-FR.abd9f4cc78b7ac3e5fe1.min.js 
{
  "versionId": 1
}
[04/24/26, 09:08:03:388] info: Apr-24 09:08:03.384 [SERVICE-WORKER] asset not found in an existing cache bucket https://a.slack-edge.com/bv1-13-br/gantry-v2-async-client-explore-paid-feature-full-context-img-fr-FR.b73188d9a6e08ee5c68e.min.js 
{
  "versionId": 1
}
[04/24/26, 09:08:03:388] info: Apr-24 09:08:03.384 [SERVICE-WORKER] asset not found in an existing cache bucket https://a.slack-edge.com/bv1-13-br/gantry-v2-async-client-explore-paid-feature-page-hero-fr-FR.2ffc2a74675b6b13482a.min.js 
{
  "versionId": 1
}
[04/24/26, 09:08:03:388] info: Apr-24 09:08:03.384 [SERVICE-WORKER] asset not found in an existing cache bucket https://a.slack-edge.com/bv1-13-br/gantry-v2-async-client-explore-paid-feature-free-to-plus-page-hero-fr-FR.63c0c3d00eebb1f6dbce.min.js 
{
  "versionId": 1
}
[04/24/26, 09:08:03:389] info: Apr-24 09:08:03.384 [SERVICE-WORKER] asset not found in an existing cache bucket https://a.slack-edge.com/bv1-13-br/gantry-v2-async-client-explore-paid-feature-slack-ai-img-fr-FR.007dcc0c5e7eee3b962c.min.js 
{
  "versionId": 1
}
[04/24/26, 09:08:03:389] info: Apr-24 09:08:03.384 [SERVICE-WORKER] asset not found in an existing cache bucket https://a.slack-edge.com/bv1-13-br/gantry-v2-async-client-explore-paid-feature-ai-hero-fr-FR.94043ef30126e1d12db8.min.js 
{
  "versionId": 1
}
[04/24/26, 09:08:03:389] info: Apr-24 09:08:03.385 [SERVICE-WORKER] asset not found in an existing cache bucket https://a.slack-edge.com/bv1-13-br/gantry-v2-async-customer-relationships-management-image-ja-JP.a5953e8c08247fc66c25.min.js 
{
  "versionId": 1
}
[04/24/26, 09:08:03:389] info: Apr-24 09:08:03.385 [SERVICE-WORKER] asset not found in an existing cache bucket https://a.slack-edge.com/bv1-13-br/gantry-v2-async-client-explore-paid-feature-critical-apps-img-ja-JP.9d9748781d62c6ee5504.min.js 
{
  "versionId": 1
}
[04/24/26, 09:08:03:389] info: Apr-24 09:08:03.385 [SERVICE-WORKER] asset not found in an existing cache bucket https://a.slack-edge.com/bv1-13-br/gantry-v2-async-client-explore-paid-feature-full-context-img-ja-JP.98801306c93ffa37f7be.min.js 
{
  "versionId": 1
}
[04/24/26, 09:08:03:389] info: Apr-24 09:08:03.385 [SERVICE-WORKER] asset not found in an existing cache bucket https://a.slack-edge.com/bv1-13-br/gantry-v2-async-client-explore-paid-feature-page-hero-ja-JP.0da4af99bd30abc40b12.min.js 
{
  "versionId": 1
}
[04/24/26, 09:08:03:389] info: Apr-24 09:08:03.385 [SERVICE-WORKER] asset not found in an existing cache bucket https://a.slack-edge.com/bv1-13-br/gantry-v2-async-client-explore-paid-feature-free-to-plus-page-hero-ja-JP.6e9074a298f590572df0.min.js 
{
  "versionId": 1
}
[04/24/26, 09:08:03:389] info: Apr-24 09:08:03.385 [SERVICE-WORKER] asset not found in an existing cache bucket https://a.slack-edge.com/bv1-13-br/gantry-v2-async-client-explore-paid-feature-slack-ai-img-ja-JP.9b8c2a027fa218144b27.min.js 
{
  "versionId": 1
}
[04/24/26, 09:08:03:389] info: Apr-24 09:08:03.385 [SERVICE-WORKER] asset not found in an existing cache bucket https://a.slack-edge.com/bv1-13-br/gantry-v2-async-client-explore-paid-feature-ai-hero-ja-JP.077bee361c0392f03d1d.min.js 
{
  "versionId": 1
}
[04/24/26, 09:08:03:390] info: Apr-24 09:08:03.386 [SERVICE-WORKER] asset not found in an existing cache bucket https://a.slack-edge.com/bv1-13-br/gantry-v2-async-customer-relationships-management-image-pt-BR.aed40d170c8d5fbf951a.min.js 
{
  "versionId": 1
}
[04/24/26, 09:08:03:390] info: Apr-24 09:08:03.386 [SERVICE-WORKER] asset not found in an existing cache bucket https://a.slack-edge.com/bv1-13-br/gantry-v2-async-client-explore-paid-feature-critical-apps-img-pt-BR.19f264dc83d54191cc5e.min.js 
{
  "versionId": 1
}
[04/24/26, 09:08:03:390] info: Apr-24 09:08:03.386 [SERVICE-WORKER] asset not found in an existing cache bucket https://a.slack-edge.com/bv1-13-br/gantry-v2-async-client-explore-paid-feature-full-context-img-pt-BR.55e5e8985f21f15d8029.min.js 
{
  "versionId": 1
}
[04/24/26, 09:08:03:390] info: Apr-24 09:08:03.386 [SERVICE-WORKER] asset not found in an existing cache bucket https://a.slack-edge.com/bv1-13-br/gantry-v2-async-client-explore-paid-feature-page-hero-pt-BR.0cb716318769f017d371.min.js 
{
  "versionId": 1
}
[04/24/26, 09:08:03:390] info: Apr-24 09:08:03.386 [SERVICE-WORKER] asset not found in an existing cache bucket https://a.slack-edge.com/bv1-13-br/gantry-v2-async-client-explore-paid-feature-free-to-plus-page-hero-pt-BR.a2076bf399fa52e40a01.min.js 
{
  "versionId": 1
}
[04/24/26, 09:08:03:390] info: Apr-24 09:08:03.386 [SERVICE-WORKER] asset not found in an existing cache bucket https://a.slack-edge.com/bv1-13-br/gantry-v2-async-client-explore-paid-feature-slack-ai-img-pt-BR.9f70c590d0eee49e18d1.min.js 
{
  "versionId": 1
}
[04/24/26, 09:08:03:390] info: Apr-24 09:08:03.386 [SERVICE-WORKER] asset not found in an existing cache bucket https://a.slack-edge.com/bv1-13-br/gantry-v2-async-client-explore-paid-feature-ai-hero-pt-BR.5e847fc8698729ae6dad.min.js 
{
  "versionId": 1
}
[04/24/26, 09:08:03:390] info: Apr-24 09:08:03.387 [SERVICE-WORKER] asset not found in an existing cache bucket https://a.slack-edge.com/bv1-13-br/gantry-v2-async-customer-relationships-management-image-ko-KR.e98b9d0177dd7db29a2b.min.js 
{
  "versionId": 1
}
[04/24/26, 09:08:03:390] info: Apr-24 09:08:03.387 [SERVICE-WORKER] asset not found in an existing cache bucket https://a.slack-edge.com/bv1-13-br/gantry-v2-async-client-explore-paid-feature-critical-apps-img-ko-KR.0a21bd20549da4d57471.min.js 
{
  "versionId": 1
}
[04/24/26, 09:08:03:391] info: Apr-24 09:08:03.387 [SERVICE-WORKER] asset not found in an existing cache bucket https://a.slack-edge.com/bv1-13-br/gantry-v2-async-client-explore-paid-feature-full-context-img-ko-KR.8cef24384c8215f924fe.min.js 
{
  "versionId": 1
}
[04/24/26, 09:08:03:391] info: Apr-24 09:08:03.387 [SERVICE-WORKER] asset not found in an existing cache bucket https://a.slack-edge.com/bv1-13-br/gantry-v2-async-client-explore-paid-feature-page-hero-ko-KR.e67e1d15e9bdc0327504.min.js 
{
  "versionId": 1
}
[04/24/26, 09:08:03:391] info: Apr-24 09:08:03.387 [SERVICE-WORKER] asset not found in an existing cache bucket https://a.slack-edge.com/bv1-13-br/gantry-v2-async-client-explore-paid-feature-free-to-plus-page-hero-ko-KR.8d4015158eecf87c375b.min.js 
{
  "versionId": 1
}
[04/24/26, 09:08:03:392] info: Apr-24 09:08:03.387 [SERVICE-WORKER] asset not found in an existing cache bucket https://a.slack-edge.com/bv1-13-br/gantry-v2-async-client-explore-paid-feature-slack-ai-img-ko-KR.14b0ac9f66ded12cd8bf.min.js 
{
  "versionId": 1
}
[04/24/26, 09:08:03:392] info: Apr-24 09:08:03.387 [SERVICE-WORKER] asset not found in an existing cache bucket https://a.slack-edge.com/bv1-13-br/gantry-v2-async-client-explore-paid-feature-ai-hero-ko-KR.e6c435ccb643f02b5949.min.js 
{
  "versionId": 1
}
[04/24/26, 09:08:03:392] info: Apr-24 09:08:03.387 [SERVICE-WORKER] asset not found in an existing cache bucket https://a.slack-edge.com/bv1-13-br/gantry-v2-async-customer-relationships-management-image-it-IT.12e7cbeb2f29f45bffef.min.js 
{
  "versionId": 1
}
[04/24/26, 09:08:03:392] info: Apr-24 09:08:03.388 [SERVICE-WORKER] asset not found in an existing cache bucket https://a.slack-edge.com/bv1-13-br/gantry-v2-async-client-explore-paid-feature-critical-apps-img-it-IT.0d76dacb909162704a2f.min.js 
{
  "versionId": 1
}
[04/24/26, 09:08:03:392] info: Apr-24 09:08:03.388 [SERVICE-WORKER] asset not found in an existing cache bucket https://a.slack-edge.com/bv1-13-br/gantry-v2-async-client-explore-paid-feature-full-context-img-it-IT.e5658c50926c6ae176b1.min.js 
{
  "versionId": 1
}
[04/24/26, 09:08:03:392] info: Apr-24 09:08:03.388 [SERVICE-WORKER] asset not found in an existing cache bucket https://a.slack-edge.com/bv1-13-br/gantry-v2-async-client-explore-paid-feature-page-hero-it-IT.b31602a921c0956ae966.min.js 
{
  "versionId": 1
}
[04/24/26, 09:08:03:392] info: Apr-24 09:08:03.388 [SERVICE-WORKER] asset not found in an existing cache bucket https://a.slack-edge.com/bv1-13-br/gantry-v2-async-client-explore-paid-feature-free-to-plus-page-hero-it-IT.c8f9c59bcca56ac4b645.min.js 
{
  "versionId": 1
}
[04/24/26, 09:08:03:392] info: Apr-24 09:08:03.388 [SERVICE-WORKER] asset not found in an existing cache bucket https://a.slack-edge.com/bv1-13-br/gantry-v2-async-client-explore-paid-feature-slack-ai-img-it-IT.a02e0a56bb07fe7becf0.min.js 
{
  "versionId": 1
}
[04/24/26, 09:08:03:392] info: Apr-24 09:08:03.388 [SERVICE-WORKER] asset not found in an existing cache bucket https://a.slack-edge.com/bv1-13-br/gantry-v2-async-client-explore-paid-feature-ai-hero-it-IT.45719cca41c1bcc492e8.min.js 
{
  "versionId": 1
}
[04/24/26, 09:08:03:392] info: Apr-24 09:08:03.388 [SERVICE-WORKER] asset not found in an existing cache bucket https://a.slack-edge.com/bv1-13-br/gantry-v2-async-customer-relationships-management-image-zh-CN.2f296fe71ca85f4b869f.min.js 
{
  "versionId": 1
}
[04/24/26, 09:08:03:392] info: Apr-24 09:08:03.388 [SERVICE-WORKER] asset not found in an existing cache bucket https://a.slack-edge.com/bv1-13-br/gantry-v2-async-client-explore-paid-feature-critical-apps-img-zh-CN.1bb205059886d6a5faf2.min.js 
{
  "versionId": 1
}
[04/24/26, 09:08:03:392] info: Apr-24 09:08:03.389 [SERVICE-WORKER] asset not found in an existing cache bucket https://a.slack-edge.com/bv1-13-br/gantry-v2-async-client-explore-paid-feature-full-context-img-zh-CN.467e48936f3472c41d95.min.js 
{
  "versionId": 1
}
[04/24/26, 09:08:03:392] info: Apr-24 09:08:03.389 [SERVICE-WORKER] asset not found in an existing cache bucket https://a.slack-edge.com/bv1-13-br/gantry-v2-async-client-explore-paid-feature-page-hero-zh-CN.b5e84105ad3b6a8f87ab.min.js 
{
  "versionId": 1
}
[04/24/26, 09:08:03:392] info: Apr-24 09:08:03.389 [SERVICE-WORKER] asset not found in an existing cache bucket https://a.slack-edge.com/bv1-13-br/gantry-v2-async-client-explore-paid-feature-free-to-plus-page-hero-zh-CN.520737bb69bb8140fe36.min.js 
{
  "versionId": 1
}
[04/24/26, 09:08:03:392] info: Apr-24 09:08:03.389 [SERVICE-WORKER] asset not found in an existing cache bucket https://a.slack-edge.com/bv1-13-br/gantry-v2-async-client-explore-paid-feature-slack-ai-img-zh-CN.3932ec35b235d2f00ad3.min.js 
{
  "versionId": 1
}
[04/24/26, 09:08:03:393] info: Apr-24 09:08:03.389 [SERVICE-WORKER] asset not found in an existing cache bucket https://a.slack-edge.com/bv1-13-br/gantry-v2-async-client-explore-paid-feature-ai-hero-zh-CN.fbea1db5271dc8091145.min.js 
{
  "versionId": 1
}
[04/24/26, 09:08:03:393] info: Apr-24 09:08:03.389 [SERVICE-WORKER] asset not found in an existing cache bucket https://a.slack-edge.com/bv1-13-br/gantry-v2-async-customer-relationships-management-image-zh-TW.88cd9abe78ace730f006.min.js 
{
  "versionId": 1
}
[04/24/26, 09:08:03:393] info: Apr-24 09:08:03.389 [SERVICE-WORKER] asset not found in an existing cache bucket https://a.slack-edge.com/bv1-13-br/gantry-v2-async-client-explore-paid-feature-critical-apps-img-zh-TW.e0843917b083ded94239.min.js 
{
  "versionId": 1
}
[04/24/26, 09:08:03:393] info: Apr-24 09:08:03.390 [SERVICE-WORKER] asset not found in an existing cache bucket https://a.slack-edge.com/bv1-13-br/gantry-v2-async-client-explore-paid-feature-full-context-img-zh-TW.ce4380b3d01389f1ebc0.min.js 
{
  "versionId": 1
}
[04/24/26, 09:08:03:393] info: Apr-24 09:08:03.390 [SERVICE-WORKER] asset not found in an existing cache bucket https://a.slack-edge.com/bv1-13-br/gantry-v2-async-client-explore-paid-feature-page-hero-zh-TW.7e4030d0e5dc7f1f9934.min.js 
{
  "versionId": 1
}
[04/24/26, 09:08:03:393] info: Apr-24 09:08:03.390 [SERVICE-WORKER] asset not found in an existing cache bucket https://a.slack-edge.com/bv1-13-br/gantry-v2-async-client-explore-paid-feature-free-to-plus-page-hero-zh-TW.ad20c663877f17670d1a.min.js 
{
  "versionId": 1
}
[04/24/26, 09:08:03:393] info: Apr-24 09:08:03.390 [SERVICE-WORKER] asset not found in an existing cache bucket https://a.slack-edge.com/bv1-13-br/gantry-v2-async-client-explore-paid-feature-slack-ai-img-zh-TW.f1fc492028d8ee862a00.min.js 
{
  "versionId": 1
}
[04/24/26, 09:08:03:393] info: Apr-24 09:08:03.390 [SERVICE-WORKER] asset not found in an existing cache bucket https://a.slack-edge.com/bv1-13-br/gantry-v2-async-client-explore-paid-feature-ai-hero-zh-TW.cfccef7443343b21bfc4.min.js 
{
  "versionId": 1
}
[04/24/26, 09:08:03:394] info: Apr-24 09:08:03.390 [SERVICE-WORKER] asset not found in an existing cache bucket https://a.slack-edge.com/bv1-13-br/gantry-v2-async-lottie-explore-paid-feature-critical-apps-en-US.json.3188c2593852c01f979b.min.js 
{
  "versionId": 1
}
[04/24/26, 09:08:03:394] info: Apr-24 09:08:03.390 [SERVICE-WORKER] asset not found in an existing cache bucket https://a.slack-edge.com/bv1-13-br/gantry-v2-async-lottie-explore-paid-feature-slack-connect-en-US.json.396d4909a1c715b014f1.min.js 
{
  "versionId": 1
}
[04/24/26, 09:08:03:394] info: Apr-24 09:08:03.390 [SERVICE-WORKER] asset not found in an existing cache bucket https://a.slack-edge.com/bv1-13-br/gantry-v2-async-lottie-explore-paid-feature-message-history-en-US.json.e47bf473f874013e3c87.min.js 
{
  "versionId": 1
}
[04/24/26, 09:08:03:394] info: Apr-24 09:08:03.390 [SERVICE-WORKER] asset not found in an existing cache bucket https://a.slack-edge.com/bv1-13-br/gantry-v2-async-lottie-explore-paid-feature-productivity-en-US.json.a9bd7ef2ee3da5a25821.min.js 
{
  "versionId": 1
}
[04/24/26, 09:08:03:395] info: Apr-24 09:08:03.391 [SERVICE-WORKER] asset not found in an existing cache bucket https://a.slack-edge.com/bv1-13-br/gantry-v2-async-lottie-explore-paid-feature-security-en-US.json.672154b8403e2dae7730.min.js 
{
  "versionId": 1
}
[04/24/26, 09:08:03:395] info: Apr-24 09:08:03.391 [SERVICE-WORKER] asset not found in an existing cache bucket https://a.slack-edge.com/bv1-13-br/gantry-v2-async-lottie-explore-paid-feature-critical-apps-de-DE.json.f64b666f96f04f12e76c.min.js 
{
  "versionId": 1
}
[04/24/26, 09:08:03:395] info: Apr-24 09:08:03.391 [SERVICE-WORKER] asset not found in an existing cache bucket https://a.slack-edge.com/bv1-13-br/gantry-v2-async-lottie-explore-paid-feature-slack-connect-de-DE.json.23f48ec90cbe3c3c3508.min.js 
{
  "versionId": 1
}
[04/24/26, 09:08:03:396] info: Apr-24 09:08:03.391 [SERVICE-WORKER] asset not found in an existing cache bucket https://a.slack-edge.com/bv1-13-br/gantry-v2-async-lottie-explore-paid-feature-message-history-de-DE.json.7abeaaa92ef1135c7a5b.min.js 
{
  "versionId": 1
}
[04/24/26, 09:08:03:396] info: Apr-24 09:08:03.391 [SERVICE-WORKER] asset not found in an existing cache bucket https://a.slack-edge.com/bv1-13-br/gantry-v2-async-lottie-explore-paid-feature-critical-apps-en-GB.json.e3248d4b688e8670e5f3.min.js 
{
  "versionId": 1
}
[04/24/26, 09:08:03:396] info: Apr-24 09:08:03.391 [SERVICE-WORKER] asset not found in an existing cache bucket https://a.slack-edge.com/bv1-13-br/gantry-v2-async-lottie-explore-paid-feature-slack-connect-en-GB.json.fa317cf4aa1a180a2384.min.js 
{
  "versionId": 1
}
[04/24/26, 09:08:03:396] info: Apr-24 09:08:03.391 [SERVICE-WORKER] asset not found in an existing cache bucket https://a.slack-edge.com/bv1-13-br/gantry-v2-async-lottie-explore-paid-feature-message-history-en-GB.json.9b689b2c633e9dc9ce68.min.js 
{
  "versionId": 1
}
[04/24/26, 09:08:03:396] info: Apr-24 09:08:03.391 [SERVICE-WORKER] asset not found in an existing cache bucket https://a.slack-edge.com/bv1-13-br/gantry-v2-async-lottie-explore-paid-feature-critical-apps-es-ES.json.ea913f08181586f9f6d1.min.js 
{
  "versionId": 1
}
[04/24/26, 09:08:03:396] info: Apr-24 09:08:03.392 [SERVICE-WORKER] asset not found in an existing cache bucket https://a.slack-edge.com/bv1-13-br/gantry-v2-async-lottie-explore-paid-feature-slack-connect-es-ES.json.5168fb390f195ca6e855.min.js 
{
  "versionId": 1
}
[04/24/26, 09:08:03:396] info: Apr-24 09:08:03.392 [SERVICE-WORKER] asset not found in an existing cache bucket https://a.slack-edge.com/bv1-13-br/gantry-v2-async-lottie-explore-paid-feature-message-history-es-ES.json.e1f37f9e2639df27b20c.min.js 
{
  "versionId": 1
}
[04/24/26, 09:08:03:396] info: Apr-24 09:08:03.392 [SERVICE-WORKER] asset not found in an existing cache bucket https://a.slack-edge.com/bv1-13-br/gantry-v2-async-lottie-explore-paid-feature-critical-apps-es-LA.json.0b09fd4aa8debb82ef03.min.js 
{
  "versionId": 1
}
[04/24/26, 09:08:03:396] info: Apr-24 09:08:03.392 [SERVICE-WORKER] asset not found in an existing cache bucket https://a.slack-edge.com/bv1-13-br/gantry-v2-async-lottie-explore-paid-feature-slack-connect-es-LA.json.6d6c3a289acc6447c76c.min.js 
{
  "versionId": 1
}
[04/24/26, 09:08:03:397] info: Apr-24 09:08:03.392 [SERVICE-WORKER] asset not found in an existing cache bucket https://a.slack-edge.com/bv1-13-br/gantry-v2-async-lottie-explore-paid-feature-message-history-es-LA.json.9894f33b6f7ff3e5e958.min.js 
{
  "versionId": 1
}
[04/24/26, 09:08:03:397] info: Apr-24 09:08:03.392 [SERVICE-WORKER] asset not found in an existing cache bucket https://a.slack-edge.com/bv1-13-br/gantry-v2-async-lottie-explore-paid-feature-critical-apps-fr-FR.json.38381a7dc1b8034408dc.min.js 
{
  "versionId": 1
}
[04/24/26, 09:08:03:397] info: Apr-24 09:08:03.392 [SERVICE-WORKER] asset not found in an existing cache bucket https://a.slack-edge.com/bv1-13-br/gantry-v2-async-lottie-explore-paid-feature-slack-connect-fr-FR.json.b6c101591f5a979915f4.min.js 
{
  "versionId": 1
}
[04/24/26, 09:08:03:397] info: Apr-24 09:08:03.392 [SERVICE-WORKER] asset not found in an existing cache bucket https://a.slack-edge.com/bv1-13-br/gantry-v2-async-lottie-explore-paid-feature-message-history-fr-FR.json.f05fe310cf7013dc31e1.min.js 
{
  "versionId": 1
}
[04/24/26, 09:08:03:397] info: Apr-24 09:08:03.393 [SERVICE-WORKER] asset not found in an existing cache bucket https://a.slack-edge.com/bv1-13-br/gantry-v2-async-lottie-explore-paid-feature-critical-apps-ja-JP.json.5591c4eecc3e82970660.min.js 
{
  "versionId": 1
}
[04/24/26, 09:08:03:398] info: Apr-24 09:08:03.393 [SERVICE-WORKER] asset not found in an existing cache bucket https://a.slack-edge.com/bv1-13-br/gantry-v2-async-lottie-explore-paid-feature-slack-connect-ja-JP.json.ea5f3dac0b60be787e5d.min.js 
{
  "versionId": 1
}
[04/24/26, 09:08:03:398] info: Apr-24 09:08:03.393 [SERVICE-WORKER] putting asset in cache https://a.slack-edge.com/bv1-13-br/gantry-v2-async-gantry-v2-default-boot-data.5f1c7754975dbea06ebc.min.css 
{
  "versionId": 1
}
[04/24/26, 09:08:03:398] info: Apr-24 09:08:03.393 [SERVICE-WORKER] asset not found in an existing cache bucket https://a.slack-edge.com/bv1-13-br/gantry-v2-async-lottie-explore-paid-feature-message-history-ja-JP.json.0ffb257f2a218981c1c1.min.js 
{
  "versionId": 1
}
[04/24/26, 09:08:03:398] info: Apr-24 09:08:03.394 [SERVICE-WORKER] asset not found in an existing cache bucket https://a.slack-edge.com/bv1-13-br/gantry-v2-async-lottie-explore-paid-feature-critical-apps-pt-BR.json.7417215f24fb064af42f.min.js 
{
  "versionId": 1
}
[04/24/26, 09:08:03:399] info: Apr-24 09:08:03.394 [SERVICE-WORKER] asset not found in an existing cache bucket https://a.slack-edge.com/bv1-13-br/gantry-v2-async-lottie-explore-paid-feature-slack-connect-pt-BR.json.9ac4c303bdca14b2ed4e.min.js 
{
  "versionId": 1
}
[04/24/26, 09:08:03:399] info: Apr-24 09:08:03.394 [SERVICE-WORKER] asset not found in an existing cache bucket https://a.slack-edge.com/bv1-13-br/gantry-v2-async-lottie-explore-paid-feature-message-history-pt-BR.json.3ba87db3965deec58bd5.min.js 
{
  "versionId": 1
}
[04/24/26, 09:08:03:399] info: Apr-24 09:08:03.394 [SERVICE-WORKER] asset not found in an existing cache bucket https://a.slack-edge.com/bv1-13-br/gantry-v2-async-lottie-explore-paid-feature-critical-apps-ko-KR.json.7849aef21e50327404d2.min.js 
{
  "versionId": 1
}
[04/24/26, 09:08:03:399] info: Apr-24 09:08:03.394 [SERVICE-WORKER] asset not found in an existing cache bucket https://a.slack-edge.com/bv1-13-br/gantry-v2-async-lottie-explore-paid-feature-slack-connect-ko-KR.json.02d9e36fc430f8d7e33e.min.js 
{
  "versionId": 1
}
[04/24/26, 09:08:03:399] info: Apr-24 09:08:03.395 [SERVICE-WORKER] asset not found in an existing cache bucket https://a.slack-edge.com/bv1-13-br/gantry-v2-async-lottie-explore-paid-feature-message-history-ko-KR.json.ebe201ba2c006585b103.min.js 
{
  "versionId": 1
}
[04/24/26, 09:08:03:399] info: Apr-24 09:08:03.395 [SERVICE-WORKER] asset not found in an existing cache bucket https://a.slack-edge.com/bv1-13-br/gantry-v2-async-lottie-explore-paid-feature-critical-apps-it-IT.json.6ca07574bd59a5849e38.min.js 
{
  "versionId": 1
}
[04/24/26, 09:08:03:399] info: Apr-24 09:08:03.395 [SERVICE-WORKER] asset not found in an existing cache bucket https://a.slack-edge.com/bv1-13-br/gantry-v2-async-lottie-explore-paid-feature-slack-connect-it-IT.json.5fd18b9a567d5c6e6127.min.js 
{
  "versionId": 1
}
[04/24/26, 09:08:03:399] info: Apr-24 09:08:03.395 [SERVICE-WORKER] asset not found in an existing cache bucket https://a.slack-edge.com/bv1-13-br/gantry-v2-async-lottie-explore-paid-feature-message-history-it-IT.json.d3239f4f0fdaae6943c3.min.js 
{
  "versionId": 1
}
[04/24/26, 09:08:03:399] info: Apr-24 09:08:03.395 [SERVICE-WORKER] asset not found in an existing cache bucket https://a.slack-edge.com/bv1-13-br/gantry-v2-async-lottie-explore-paid-feature-critical-apps-zh-CN.json.6690dad01437fa76b45d.min.js 
{
  "versionId": 1
}
[04/24/26, 09:08:03:400] info: Apr-24 09:08:03.396 [SERVICE-WORKER] asset not found in an existing cache bucket https://a.slack-edge.com/bv1-13-br/gantry-v2-async-lottie-explore-paid-feature-slack-connect-zh-CN.json.eb117e600384408e34f5.min.js 
{
  "versionId": 1
}
[04/24/26, 09:08:03:400] info: Apr-24 09:08:03.396 [SERVICE-WORKER] asset not found in an existing cache bucket https://a.slack-edge.com/bv1-13-br/gantry-v2-async-lottie-explore-paid-feature-message-history-zh-CN.json.b4cfd121e5e20f0dd77d.min.js 
{
  "versionId": 1
}
[04/24/26, 09:08:03:400] info: Apr-24 09:08:03.396 [SERVICE-WORKER] asset not found in an existing cache bucket https://a.slack-edge.com/bv1-13-br/gantry-v2-async-lottie-explore-paid-feature-critical-apps-zh-TW.json.b0e0588248bd1adb0545.min.js 
{
  "versionId": 1
}
[04/24/26, 09:08:03:400] info: Apr-24 09:08:03.396 [SERVICE-WORKER] asset not found in an existing cache bucket https://a.slack-edge.com/bv1-13-br/gantry-v2-async-lottie-explore-paid-feature-slack-connect-zh-TW.json.59fa50caff1c432197b9.min.js 
{
  "versionId": 1
}
[04/24/26, 09:08:03:400] info: Apr-24 09:08:03.396 [SERVICE-WORKER] asset not found in an existing cache bucket https://a.slack-edge.com/bv1-13-br/gantry-v2-async-lottie-explore-paid-feature-message-history-zh-TW.json.06219e00e7e0e5bf614f.min.js 
{
  "versionId": 1
}
[04/24/26, 09:08:03:400] info: Apr-24 09:08:03.396 [SERVICE-WORKER] asset not found in an existing cache bucket https://a.slack-edge.com/bv1-13-br/gantry-v2-async-lottie-birds-staggered-dark-mode.json.e08e5b409976d9998482.min.js 
{
  "versionId": 1
}
[04/24/26, 09:08:03:401] info: Apr-24 09:08:03.397 [SERVICE-WORKER] asset not found in an existing cache bucket https://a.slack-edge.com/bv1-13-br/gantry-v2-async-lottie-birds-staggered-light-mode.json.e5216baf447c88011c52.min.js 
{
  "versionId": 1
}
[04/24/26, 09:08:03:401] info: Apr-24 09:08:03.397 [SERVICE-WORKER] asset not found in an existing cache bucket https://a.slack-edge.com/bv1-13-br/gantry-v2-async-lottie-greeting-card-confetti.json.8ed651ac7af0fc6e75e0.min.js 
{
  "versionId": 1
}
[04/24/26, 09:08:03:401] info: Apr-24 09:08:03.397 [SERVICE-WORKER] asset not found in an existing cache bucket https://a.slack-edge.com/bv1-13-br/gantry-v2-async-lottie-downmarket-crm-confetti.76563779bfb72c4feb8e.min.js 
{
  "versionId": 1
}
[04/24/26, 09:08:03:401] info: Apr-24 09:08:03.397 [SERVICE-WORKER] asset not found in an existing cache bucket https://a.slack-edge.com/bv1-13-br/gantry-v2-async-lottie-ai-translation-sparkle.json.315384277a8c185b62aa.min.js 
{
  "versionId": 1
}
[04/24/26, 09:08:03:401] info: Apr-24 09:08:03.397 [SERVICE-WORKER] asset not found in an existing cache bucket https://a.slack-edge.com/bv1-13-br/gantry-v2-async-lottie-lists-upload2.json.5267c818f137a7987291.min.js 
{
  "versionId": 1
}
[04/24/26, 09:08:03:401] info: Apr-24 09:08:03.397 [SERVICE-WORKER] asset not found in an existing cache bucket https://a.slack-edge.com/bv1-13-br/gantry-v2-async-lottie-lists-tada.161431117577ad697dc5.min.js 
{
  "versionId": 1
}
[04/24/26, 09:08:03:401] info: Apr-24 09:08:03.398 [SERVICE-WORKER] asset found in existing cache bucket, adding to new bucket https://a.slack-edge.com/bv1-13-br/gantry-v2-async-codemirror-snippet-editor.6b1b9fba76cc40142e5b.min.css 
{
  "versionId": 1
}
[04/24/26, 09:08:03:402] info: Apr-24 09:08:03.398 [SERVICE-WORKER] asset not found in an existing cache bucket https://a.slack-edge.com/bv1-13-br/gantry-v2-async-lottie-lists-todo-sparkles.3d3392aa923c0984478f.min.js 
{
  "versionId": 1
}
[04/24/26, 09:08:03:402] info: Apr-24 09:08:03.398 [SERVICE-WORKER] asset not found in an existing cache bucket https://a.slack-edge.com/bv1-13-br/gantry-v2-async-lottie-lists-todo-sunflower.623c31a07dc6c6111e98.min.js 
{
  "versionId": 1
}
[04/24/26, 09:08:03:402] info: Apr-24 09:08:03.399 [SERVICE-WORKER] asset not found in an existing cache bucket https://a.slack-edge.com/bv1-13-br/gantry-v2-async-lottie-lists-todo-heart.30d281fcfd77d654ac1f.min.js 
{
  "versionId": 1
}
[04/24/26, 09:08:03:402] info: Apr-24 09:08:03.400 [SERVICE-WORKER] asset found in existing cache bucket, adding to new bucket https://a.slack-edge.com/bv1-13-br/gantry-v2-async-prototype-chart-block.f3ebcb30191ba242acb8.min.css 
{
  "versionId": 1
}
[04/24/26, 09:08:03:402] info: Apr-24 09:08:03.400 [SERVICE-WORKER] asset found in existing cache bucket, adding to new bucket https://a.slack-edge.com/bv1-13-br/gantry-v2-async-prototype-widget-block.12f39346b3510c5925d6.min.css 
{
  "versionId": 1
}
[04/24/26, 09:08:03:402] info: Apr-24 09:08:03.401 [SERVICE-WORKER] asset found in existing cache bucket, adding to new bucket https://a.slack-edge.com/bv1-13-br/gantry-v2-async-prototype-mcp-app-block.709769889483629da22d.min.css 
{
  "versionId": 1
}
[04/24/26, 09:08:03:403] info: Apr-24 09:08:03.402 [SERVICE-WORKER] asset not found in an existing cache bucket https://a.slack-edge.com/bv1-13-br/gantry-v2-async-lottie-sidebar-sweeper-leave-inactive-channels.zh-TW.json.61bad6a57987ee6c1f88.min.js 
{
  "versionId": 1
}
[04/24/26, 09:08:03:403] info: Apr-24 09:08:03.402 [SERVICE-WORKER] asset not found in an existing cache bucket https://a.slack-edge.com/bv1-13-br/gantry-v2-async-lottie-use-slackbot-introduction-de-DE.json.e23764b1c6ae699b8e45.min.js 
{
  "versionId": 1
}
[04/24/26, 09:08:03:403] info: Apr-24 09:08:03.403 [SERVICE-WORKER] asset found in existing cache bucket, adding to new bucket https://a.slack-edge.com/bv1-13-br/gantry-v2-async-client-message-action-add-to-list-button-nux.990ee48cd131f2e1142a.min.css 
{
  "versionId": 1
}
[04/24/26, 09:08:03:403] info: Apr-24 09:08:03.403 [SERVICE-WORKER] asset not found in an existing cache bucket https://a.slack-edge.com/bv1-13-br/gantry-v2-async-lottie-downmarket-crm-contact-nux.json.6079b202a030be8452ac.min.js 
{
  "versionId": 1
}
[04/24/26, 09:08:03:403] info: Apr-24 09:08:03.403 [SERVICE-WORKER] asset found in existing cache bucket, adding to new bucket https://a.slack-edge.com/bv1-13-br/gantry-v2-async-modal-message-stats.0b9ea8debb034a010f2c.min.css 
{
  "versionId": 1
}
[04/24/26, 09:08:03:404] info: Apr-24 09:08:03.404 [SERVICE-WORKER] asset not found in an existing cache bucket https://a.slack-edge.com/bv1-13-br/gantry-v2-async-lottie-trial-modal-slack-connect-de-DE.json.8ae87cfe4e81210ddeac.min.js 
{
  "versionId": 1
}
[04/24/26, 09:08:03:404] info: Apr-24 09:08:03.404 [SERVICE-WORKER] asset not found in an existing cache bucket https://a.slack-edge.com/bv1-13-br/gantry-v2-async-lottie-trial-modal-slack-connect-en-GB.json.644341640e8e6cb4878b.min.js 
{
  "versionId": 1
}
[04/24/26, 09:08:03:404] info: Apr-24 09:08:03.404 [SERVICE-WORKER] asset not found in an existing cache bucket https://a.slack-edge.com/bv1-13-br/gantry-v2-async-lottie-trial-modal-slack-connect-fr-FR.json.9be19a68c740b5b5c1f8.min.js 
{
  "versionId": 1
}
[04/24/26, 09:08:03:405] info: Apr-24 09:08:03.404 [SERVICE-WORKER] asset not found in an existing cache bucket https://a.slack-edge.com/bv1-13-br/gantry-v2-async-lottie-trial-modal-slack-connect-ja-JP.json.dbd50086d5ede6badb17.min.js 
{
  "versionId": 1
}
[04/24/26, 09:08:03:405] info: Apr-24 09:08:03.404 [SERVICE-WORKER] asset not found in an existing cache bucket https://a.slack-edge.com/bv1-13-br/gantry-v2-async-lottie-trial-modal-slack-connect.0cf1c5905ddfc0b170b8.min.js 
{
  "versionId": 1
}
[04/24/26, 09:08:03:405] info: Apr-24 09:08:03.405 [SERVICE-WORKER] asset not found in an existing cache bucket https://a.slack-edge.com/bv1-13-br/gantry-v2-async-lottie-trial-modal-messages-de-DE.json.87ad994e69833906ddd2.min.js 
{
  "versionId": 1
}
[04/24/26, 09:08:03:405] info: Apr-24 09:08:03.405 [SERVICE-WORKER] asset not found in an existing cache bucket https://a.slack-edge.com/bv1-13-br/gantry-v2-async-lottie-trial-modal-messages-en-GB.json.85d268af412b3facdea9.min.js 
{
  "versionId": 1
}
[04/24/26, 09:08:03:405] info: Apr-24 09:08:03.405 [SERVICE-WORKER] asset not found in an existing cache bucket https://a.slack-edge.com/bv1-13-br/gantry-v2-async-lottie-trial-modal-messages-fr-FR.json.9feb4b03606f956d07df.min.js 
{
  "versionId": 1
}
[04/24/26, 09:08:03:405] info: Apr-24 09:08:03.405 [SERVICE-WORKER] asset not found in an existing cache bucket https://a.slack-edge.com/bv1-13-br/gantry-v2-async-lottie-trial-modal-messages-ja-JP.json.61f5175df048e49e34f9.min.js 
{
  "versionId": 1
}
[04/24/26, 09:08:03:406] info: Apr-24 09:08:03.405 [SERVICE-WORKER] asset not found in an existing cache bucket https://a.slack-edge.com/bv1-13-br/gantry-v2-async-lottie-trial-modal-messages-en-US.826c696f0af8091e7b97.min.js 
{
  "versionId": 1
}
[04/24/26, 09:08:03:406] info: Apr-24 09:08:03.405 [SERVICE-WORKER] asset not found in an existing cache bucket https://a.slack-edge.com/bv1-13-br/gantry-v2-async-lottie-trial-modal-huddles.json.0e4845f807fdc3ecde5c.min.js 
{
  "versionId": 1
}
[04/24/26, 09:08:03:406] info: Apr-24 09:08:03.405 [SERVICE-WORKER] asset not found in an existing cache bucket https://a.slack-edge.com/bv1-13-br/gantry-v2-async-lottie-trial-modal-canvas.json.e2876e4c90d805f0fcef.min.js 
{
  "versionId": 1
}
[04/24/26, 09:08:03:406] info: Apr-24 09:08:03.406 [SERVICE-WORKER] asset not found in an existing cache bucket https://a.slack-edge.com/bv1-13-br/gantry-v2-async-lottie-trial-modal-apps.json.27ac89f2e55f944e8be3.min.js 
{
  "versionId": 1
}
[04/24/26, 09:08:03:406] info: Apr-24 09:08:03.406 [SERVICE-WORKER] asset not found in an existing cache bucket https://a.slack-edge.com/bv1-13-br/gantry-v2-async-lottie-trial-modal-templates.json.9aab1ede51c1f98634c9.min.js 
{
  "versionId": 1
}
[04/24/26, 09:08:03:406] info: Apr-24 09:08:03.406 [SERVICE-WORKER] asset not found in an existing cache bucket https://a.slack-edge.com/bv1-13-br/gantry-v2-async-lottie-trial-modal-lists.json.b02b3f5e1ff522fc8ba3.min.js 
{
  "versionId": 1
}
[04/24/26, 09:08:03:407] info: Apr-24 09:08:03.406 [SERVICE-WORKER] asset not found in an existing cache bucket https://a.slack-edge.com/bv1-13-br/gantry-v2-async-lottie-lists-task-bundle.json.fdd181c95529380f07c9.min.js 
{
  "versionId": 1
}
[04/24/26, 09:08:03:407] info: Apr-24 09:08:03.406 [SERVICE-WORKER] asset not found in an existing cache bucket https://a.slack-edge.com/bv1-13-br/gantry-v2-async-lottie-app-fullscreen-main-window.json.7137dd6f50e67273cb17.min.js 
{
  "versionId": 1
}
[04/24/26, 09:08:03:407] info: Apr-24 09:08:03.407 [SERVICE-WORKER] asset not found in an existing cache bucket https://a.slack-edge.com/bv1-13-br/gantry-v2-async-lottie-app-fullscreen-sparkles.json.3e57efe61f34df88a15d.min.js 
{
  "versionId": 1
}
[04/24/26, 09:08:03:407] info: Apr-24 09:08:03.407 [SERVICE-WORKER] asset not found in an existing cache bucket https://a.slack-edge.com/bv1-13-br/gantry-v2-async-lottie-slack-ai-nux-hero-light.629b26aa26a488399dc7.min.js 
{
  "versionId": 1
}
[04/24/26, 09:08:03:407] info: Apr-24 09:08:03.407 [SERVICE-WORKER] asset not found in an existing cache bucket https://a.slack-edge.com/bv1-13-br/gantry-v2-async-lottie-slack-ai-nux-hero-dark.dc7d04eade2cd69f21ce.min.js 
{
  "versionId": 1
}
[04/24/26, 09:08:03:407] info: Apr-24 09:08:03.407 [SERVICE-WORKER] asset not found in an existing cache bucket https://a.slack-edge.com/bv1-13-br/gantry-v2-async-lottie-shared-invite-confetti.json.0c41ef14a4d9466a2604.min.js 
{
  "versionId": 1
}
[04/24/26, 09:08:03:407] info: Apr-24 09:08:03.407 [SERVICE-WORKER] asset not found in an existing cache bucket https://a.slack-edge.com/bv1-13-br/gantry-v2-async-lottie-welcome-party-joiner-modal-confetti.json.8f2f61e91b96ee2431ee.min.js 
{
  "versionId": 1
}
[04/24/26, 09:08:03:407] info: Apr-24 09:08:03.407 [SERVICE-WORKER] asset not found in an existing cache bucket https://a.slack-edge.com/bv1-13-br/gantry-v2-async-lottie-trial-fallback-envelope-lottie.json.91ecf8e3b23ea84b2af8.min.js 
{
  "versionId": 1
}
[04/24/26, 09:08:03:408] info: Apr-24 09:08:03.407 [SERVICE-WORKER] asset not found in an existing cache bucket https://a.slack-edge.com/bv1-13-br/gantry-v2-async-lottie-creator-guided-setup-introduce-channels-de-DE.json.c306a14fe7dfab01df03.min.js 
{
  "versionId": 1
}
[04/24/26, 09:08:03:408] info: Apr-24 09:08:03.408 [SERVICE-WORKER] asset not found in an existing cache bucket https://a.slack-edge.com/bv1-13-br/gantry-v2-async-lottie-creator-guided-setup-introduce-channels-es-ES.json.1b36f5834d59338b4b87.min.js 
{
  "versionId": 1
}
[04/24/26, 09:08:03:408] info: Apr-24 09:08:03.408 [SERVICE-WORKER] asset not found in an existing cache bucket https://a.slack-edge.com/bv1-13-br/gantry-v2-async-lottie-creator-guided-setup-introduce-channels-en-GB.json.b717e1788263fe2da911.min.js 
{
  "versionId": 1
}
[04/24/26, 09:08:03:408] info: Apr-24 09:08:03.408 [SERVICE-WORKER] asset not found in an existing cache bucket https://a.slack-edge.com/bv1-13-br/gantry-v2-async-lottie-creator-guided-setup-introduce-channels-es-LA.json.065228850b26f900674d.min.js 
{
  "versionId": 1
}
[04/24/26, 09:08:03:408] info: Apr-24 09:08:03.408 [SERVICE-WORKER] asset not found in an existing cache bucket https://a.slack-edge.com/bv1-13-br/gantry-v2-async-lottie-creator-guided-setup-introduce-channels-fr-FR.json.a3f11185ed47cd1ece5a.min.js 
{
  "versionId": 1
}
[04/24/26, 09:08:03:408] info: Apr-24 09:08:03.408 [SERVICE-WORKER] asset not found in an existing cache bucket https://a.slack-edge.com/bv1-13-br/gantry-v2-async-lottie-creator-guided-setup-introduce-channels-it-IT.json.081bfd0d2ef5a3924986.min.js 
{
  "versionId": 1
}
[04/24/26, 09:08:03:409] info: Apr-24 09:08:03.408 [SERVICE-WORKER] asset not found in an existing cache bucket https://a.slack-edge.com/bv1-13-br/gantry-v2-async-lottie-creator-guided-setup-introduce-channels-ja-JP.json.59834a501952301fada8.min.js 
{
  "versionId": 1
}
[04/24/26, 09:08:03:409] info: Apr-24 09:08:03.409 [SERVICE-WORKER] asset not found in an existing cache bucket https://a.slack-edge.com/bv1-13-br/gantry-v2-async-lottie-creator-guided-setup-introduce-channels-ko-KR.json.090cea7703f7c0ab13be.min.js 
{
  "versionId": 1
}
[04/24/26, 09:08:03:409] info: Apr-24 09:08:03.409 [SERVICE-WORKER] asset not found in an existing cache bucket https://a.slack-edge.com/bv1-13-br/gantry-v2-async-lottie-creator-guided-setup-introduce-channels-pt-BR.json.5cdfa49ecf2e64991d2c.min.js 
{
  "versionId": 1
}
[04/24/26, 09:08:03:409] info: Apr-24 09:08:03.409 [SERVICE-WORKER] asset not found in an existing cache bucket https://a.slack-edge.com/bv1-13-br/gantry-v2-async-lottie-creator-guided-setup-introduce-channels-zh-CN.json.632f9e4044d7801806d8.min.js 
{
  "versionId": 1
}
[04/24/26, 09:08:03:409] info: Apr-24 09:08:03.409 [SERVICE-WORKER] asset not found in an existing cache bucket https://a.slack-edge.com/bv1-13-br/gantry-v2-async-lottie-creator-guided-setup-introduce-channels-zh-TW.json.82d54464ea83ee72c989.min.js 
{
  "versionId": 1
}
[04/24/26, 09:08:03:409] info: Apr-24 09:08:03.409 [SERVICE-WORKER] asset not found in an existing cache bucket https://a.slack-edge.com/bv1-13-br/gantry-v2-async-lottie-creator-guided-setup-introduce-channels.json.e784e2935a0833c3951f.min.js 
{
  "versionId": 1
}
[04/24/26, 09:08:03:409] info: Apr-24 09:08:03.409 [SERVICE-WORKER] asset not found in an existing cache bucket https://a.slack-edge.com/bv1-13-br/gantry-v2-async-lottie-creator-guided-setup-welcome.json.b9c9b3653a593bb41c97.min.js 
{
  "versionId": 1
}
[04/24/26, 09:08:03:410] info: Apr-24 09:08:03.409 [SERVICE-WORKER] asset not found in an existing cache bucket https://a.slack-edge.com/bv1-13-br/gantry-v2-async-lottie-slack-connect-welcome.json.dda0308fa4e13d5326ef.min.js 
{
  "versionId": 1
}
[04/24/26, 09:08:03:410] info: Apr-24 09:08:03.410 [SERVICE-WORKER] asset not found in an existing cache bucket https://a.slack-edge.com/bv1-13-br/gantry-v2-async-lottie-slackbot-paywall.json.9df82a0c564ea28d079d.min.js 
{
  "versionId": 1
}
[04/24/26, 09:08:03:410] info: Apr-24 09:08:03.410 [SERVICE-WORKER] asset not found in an existing cache bucket https://a.slack-edge.com/bv1-13-br/gantry-v2-async-lottie-slackbot-nux.json.d3e0f8fda9f4de1a45a0.min.js 
{
  "versionId": 1
}
[04/24/26, 09:08:03:410] info: Apr-24 09:08:03.410 [SERVICE-WORKER] asset not found in an existing cache bucket https://a.slack-edge.com/bv1-13-br/gantry-v2-async-lottie-huddles-hearts.json.380d6fd64c7b84eaa101.min.js 
{
  "versionId": 1
}
[04/24/26, 09:08:03:410] info: Apr-24 09:08:03.410 [SERVICE-WORKER] asset found in existing cache bucket, adding to new bucket https://a.slack-edge.com/bv1-13-br/gantry-v2-async-lead-form-codemirror.b04dd9e0e36f6098139a.min.css 
{
  "versionId": 1
}
[04/24/26, 09:08:03:411] info: Apr-24 09:08:03.410 [SERVICE-WORKER] asset not found in an existing cache bucket https://a.slack-edge.com/bv1-13-br/gantry-v2-async-lottie-huddles-trophy.json.cd589feaa06a82de6d7a.min.js 
{
  "versionId": 1
}
[04/24/26, 09:08:03:411] info: Apr-24 09:08:03.411 [SERVICE-WORKER] asset not found in an existing cache bucket https://a.slack-edge.com/bv1-13-br/gantry-v2-async-lottie-huddles-dolphin.json.33e1a5a35db6734a05d7.min.js 
{
  "versionId": 1
}
[04/24/26, 09:08:03:411] info: Apr-24 09:08:03.411 [SERVICE-WORKER] asset not found in an existing cache bucket https://a.slack-edge.com/bv1-13-br/gantry-v2-async-lottie-huddles-duck.json.14f0bedf9f593d2795ec.min.js 
{
  "versionId": 1
}
[04/24/26, 09:08:03:411] info: Apr-24 09:08:03.411 [SERVICE-WORKER] asset not found in an existing cache bucket https://a.slack-edge.com/bv1-13-br/gantry-v2-async-lottie-huddles-moneybag.json.c8fa2a7c5ea2811b9644.min.js 
{
  "versionId": 1
}
[04/24/26, 09:08:03:412] info: Apr-24 09:08:03.411 [SERVICE-WORKER] asset not found in an existing cache bucket https://a.slack-edge.com/bv1-13-br/gantry-v2-async-lottie-huddles-gong.json.ff9b0f9ef8ec06c168b8.min.js 
{
  "versionId": 1
}
[04/24/26, 09:08:03:412] info: Apr-24 09:08:03.412 [SERVICE-WORKER] asset not found in an existing cache bucket https://a.slack-edge.com/bv1-13-br/gantry-v2-async-lottie-huddles-sparkles.json.a8becff5859bcb3be54c.min.js 
{
  "versionId": 1
}
[04/24/26, 09:08:03:412] info: Apr-24 09:08:03.412 [SERVICE-WORKER] asset not found in an existing cache bucket https://a.slack-edge.com/bv1-13-br/gantry-v2-async-lottie-huddles-clap.json.54e9814a5b4a7bd7a3a0.min.js 
{
  "versionId": 1
}
[04/24/26, 09:08:03:412] info: Apr-24 09:08:03.412 [SERVICE-WORKER] asset not found in an existing cache bucket https://a.slack-edge.com/bv1-13-br/gantry-v2-async-lottie-huddles-rocket.json.6cb033971d4642a596b1.min.js 
{
  "versionId": 1
}
[04/24/26, 09:08:03:412] info: Apr-24 09:08:03.412 [SERVICE-WORKER] asset not found in an existing cache bucket https://a.slack-edge.com/bv1-13-br/gantry-v2-async-lottie-huddles-clock.json.a1d4988758cb6ecd2f58.min.js 
{
  "versionId": 1
}
[04/24/26, 09:08:03:412] info: Apr-24 09:08:03.412 [SERVICE-WORKER] asset not found in an existing cache bucket https://a.slack-edge.com/bv1-13-br/gantry-v2-async-lottie-huddles-slackvot.json.f68840771dda131ca39e.min.js 
{
  "versionId": 1
}
[04/24/26, 09:08:03:412] info: Apr-24 09:08:03.412 [SERVICE-WORKER] asset not found in an existing cache bucket https://a.slack-edge.com/bv1-13-br/gantry-v2-async-lottie-huddles-spider.json.49543e6c97a275e0a95e.min.js 
{
  "versionId": 1
}
[04/24/26, 09:08:03:413] info: Apr-24 09:08:03.412 [SERVICE-WORKER] asset not found in an existing cache bucket https://a.slack-edge.com/bv1-13-br/gantry-v2-async-lottie-huddles-jackolantern.json.4c57bb426140c958e1da.min.js 
{
  "versionId": 1
}
[04/24/26, 09:08:03:413] info: Apr-24 09:08:03.413 [SERVICE-WORKER] asset not found in an existing cache bucket https://a.slack-edge.com/bv1-13-br/gantry-v2-async-lottie-huddles-zombie.json.bff8015cfea17e8595c5.min.js 
{
  "versionId": 1
}
[04/24/26, 09:08:03:413] info: Apr-24 09:08:03.413 [SERVICE-WORKER] asset not found in an existing cache bucket https://a.slack-edge.com/bv1-13-br/gantry-v2-async-lottie-huddles-zombie-dolphin.json.3d3d3bea796aad9979b3.min.js 
{
  "versionId": 1
}
[04/24/26, 09:08:03:413] info: Apr-24 09:08:03.413 [SERVICE-WORKER] asset not found in an existing cache bucket https://a.slack-edge.com/bv1-13-br/gantry-v2-async-lottie-huddles-zombie-ducks.json.5b4e7981395b1a932318.min.js 
{
  "versionId": 1
}
[04/24/26, 09:08:03:413] info: Apr-24 09:08:03.413 [SERVICE-WORKER] asset not found in an existing cache bucket https://a.slack-edge.com/bv1-13-br/gantry-v2-async-lottie-huddles-zombie-puffy.json.388219c08c796a736f79.min.js 
{
  "versionId": 1
}
[04/24/26, 09:08:03:413] info: Apr-24 09:08:03.413 [SERVICE-WORKER] asset not found in an existing cache bucket https://a.slack-edge.com/bv1-13-br/gantry-v2-async-lottie-huddles-mummy.json.d60d13f08d9d1f04885d.min.js 
{
  "versionId": 1
}
[04/24/26, 09:08:03:413] info: Apr-24 09:08:03.413 [SERVICE-WORKER] asset not found in an existing cache bucket https://a.slack-edge.com/bv1-13-br/gantry-v2-async-lottie-huddles-gavel.json.45b30d77dc360aade1d7.min.js 
{
  "versionId": 1
}
[04/24/26, 09:08:03:414] info: Apr-24 09:08:03.414 [SERVICE-WORKER] asset not found in an existing cache bucket https://a.slack-edge.com/bv1-13-br/gantry-v2-async-lottie-huddles-gift.json.508b37f15fa67de003f8.min.js 
{
  "versionId": 1
}
[04/24/26, 09:08:03:414] info: Apr-24 09:08:03.414 [SERVICE-WORKER] asset not found in an existing cache bucket https://a.slack-edge.com/bv1-13-br/gantry-v2-async-lottie-huddles-snowball.json.0815b40712aad209a19f.min.js 
{
  "versionId": 1
}
[04/24/26, 09:08:03:414] info: Apr-24 09:08:03.414 [SERVICE-WORKER] asset not found in an existing cache bucket https://a.slack-edge.com/bv1-13-br/gantry-v2-async-lottie-huddles-winter-dolphin.json.dd63a7085deba0a605ca.min.js 
{
  "versionId": 1
}
[04/24/26, 09:08:03:414] info: Apr-24 09:08:03.414 [SERVICE-WORKER] asset not found in an existing cache bucket https://a.slack-edge.com/bv1-13-br/gantry-v2-async-lottie-huddles-winter-clap.json.03f8dc44c5fa55c38112.min.js 
{
  "versionId": 1
}
[04/24/26, 09:08:03:414] info: Apr-24 09:08:03.414 [SERVICE-WORKER] asset not found in an existing cache bucket https://a.slack-edge.com/bv1-13-br/gantry-v2-async-lottie-huddles-unicorn.json.a31f53ea6a76dbe6ed8c.min.js 
{
  "versionId": 1
}
[04/24/26, 09:08:03:415] info: Apr-24 09:08:03.415 [SERVICE-WORKER] asset not found in an existing cache bucket https://a.slack-edge.com/bv1-13-br/gantry-v2-async-lottie-folder-open.json.368df986f62e500a0250.min.js 
{
  "versionId": 1
}
[04/24/26, 09:08:03:415] info: Apr-24 09:08:03.415 [SERVICE-WORKER] asset found in existing cache bucket, adding to new bucket https://a.slack-edge.com/bv1-13-br/gantry-v2-async-canvas-chart-block.f3ebcb30191ba242acb8.min.css 
{
  "versionId": 1
}
[04/24/26, 09:08:03:416] info: Apr-24 09:08:03.415 [SERVICE-WORKER] asset found in existing cache bucket, adding to new bucket https://a.slack-edge.com/bv1-13-br/gantry-v2-async-client-ai-workspace-list-banner.ccebd842480bb6e5a4f7.min.css 
{
  "versionId": 1
}
[04/24/26, 09:08:03:417] info: Apr-24 09:08:03.416 [SERVICE-WORKER] asset found in existing cache bucket, adding to new bucket https://a.slack-edge.com/bv1-13-br/gantry-v2-async-client-creator-guided-setup-list-banner.ed47b78f6dd9521a3253.min.css 
{
  "versionId": 1
}
[04/24/26, 09:08:03:418] info: Apr-24 09:08:03.417 [SERVICE-WORKER] asset not found in an existing cache bucket https://a.slack-edge.com/bv1-13-br/gantry-v2-async-lottie-canvas-ai-modal-header-de-DE.json.f04ac8c9438a4cb2dc76.min.js 
{
  "versionId": 1
}
[04/24/26, 09:08:03:418] info: Apr-24 09:08:03.418 [SERVICE-WORKER] asset not found in an existing cache bucket https://a.slack-edge.com/bv1-13-br/gantry-v2-async-lottie-canvas-ai-modal-header-es-ES.json.b4efbcc73c671c6580f6.min.js 
{
  "versionId": 1
}
[04/24/26, 09:08:03:418] info: Apr-24 09:08:03.418 [SERVICE-WORKER] asset not found in an existing cache bucket https://a.slack-edge.com/bv1-13-br/gantry-v2-async-lottie-canvas-ai-modal-header-en-GB.json.ffb65baf04467410ba26.min.js 
{
  "versionId": 1
}
[04/24/26, 09:08:03:419] info: Apr-24 09:08:03.418 [SERVICE-WORKER] asset not found in an existing cache bucket https://a.slack-edge.com/bv1-13-br/gantry-v2-async-lottie-canvas-ai-modal-header-es-LA.json.2a6e5348eeacd1b3c13a.min.js 
{
  "versionId": 1
}
[04/24/26, 09:08:03:419] info: Apr-24 09:08:03.418 [SERVICE-WORKER] asset not found in an existing cache bucket https://a.slack-edge.com/bv1-13-br/gantry-v2-async-lottie-canvas-ai-modal-header-fr-FR.json.5be8c051a81fc2ab1e3c.min.js 
{
  "versionId": 1
}
[04/24/26, 09:08:03:419] info: Apr-24 09:08:03.418 [SERVICE-WORKER] asset not found in an existing cache bucket https://a.slack-edge.com/bv1-13-br/gantry-v2-async-lottie-canvas-ai-modal-header-it-IT.json.dd810c6e017104275730.min.js 
{
  "versionId": 1
}
[04/24/26, 09:08:03:419] info: Apr-24 09:08:03.418 [SERVICE-WORKER] asset not found in an existing cache bucket https://a.slack-edge.com/bv1-13-br/gantry-v2-async-lottie-canvas-ai-modal-header-ja-JP.json.10323ea504c6b60653a1.min.js 
{
  "versionId": 1
}
[04/24/26, 09:08:03:419] info: Apr-24 09:08:03.419 [SERVICE-WORKER] asset not found in an existing cache bucket https://a.slack-edge.com/bv1-13-br/gantry-v2-async-lottie-canvas-ai-modal-header-ko-KR.json.bd8b69aa4b7961d47365.min.js 
{
  "versionId": 1
}
[04/24/26, 09:08:03:420] info: Apr-24 09:08:03.419 [SERVICE-WORKER] asset not found in an existing cache bucket https://a.slack-edge.com/bv1-13-br/gantry-v2-async-lottie-canvas-ai-modal-header-pt-BR.json.7af4f21459da913608c6.min.js 
{
  "versionId": 1
}
[04/24/26, 09:08:03:420] info: Apr-24 09:08:03.419 [SERVICE-WORKER] asset not found in an existing cache bucket https://a.slack-edge.com/bv1-13-br/gantry-v2-async-lottie-canvas-ai-modal-header-zh-CN.json.df7a2921896b658d683d.min.js 
{
  "versionId": 1
}
[04/24/26, 09:08:03:420] info: Apr-24 09:08:03.419 [SERVICE-WORKER] asset not found in an existing cache bucket https://a.slack-edge.com/bv1-13-br/gantry-v2-async-lottie-canvas-ai-modal-header-zh-TW.json.8f3b88473d443a4492e7.min.js 
{
  "versionId": 1
}
[04/24/26, 09:08:03:420] info: Apr-24 09:08:03.419 [SERVICE-WORKER] asset not found in an existing cache bucket https://a.slack-edge.com/bv1-13-br/gantry-v2-async-lottie-canvas-ai-modal-header.json.d18cdecf35caca9bc6d1.min.js 
{
  "versionId": 1
}
[04/24/26, 09:08:03:420] info: Apr-24 09:08:03.420 [SERVICE-WORKER] asset found in existing cache bucket, adding to new bucket https://a.slack-edge.com/bv1-13-br/gantry-v2-async-client-ai-workspace-canvas-banner.ccebd842480bb6e5a4f7.min.css 
{
  "versionId": 1
}
[04/24/26, 09:08:03:421] info: Apr-24 09:08:03.420 [SERVICE-WORKER] asset found in existing cache bucket, adding to new bucket https://a.slack-edge.com/bv1-13-br/gantry-v2-async-client-creator-guided-setup-canvas-banner.ed47b78f6dd9521a3253.min.css 
{
  "versionId": 1
}
[04/24/26, 09:08:03:421] info: Apr-24 09:08:03.421 [SERVICE-WORKER] asset not found in an existing cache bucket https://a.slack-edge.com/bv1-13-br/gantry-v2-async-lottie-huddle-music-icon.6be179443fd3fb4d8532.min.js 
{
  "versionId": 1
}
[04/24/26, 09:08:03:422] info: Apr-24 09:08:03.421 [SERVICE-WORKER] asset not found in an existing cache bucket https://a.slack-edge.com/bv1-13-br/gantry-v2-async-lottie-activity-inbox-onboarding-modal-activity-animation.0c2e4c43a10be5ca08da.min.js 
{
  "versionId": 1
}
[04/24/26, 09:08:03:422] info: Apr-24 09:08:03.422 [SERVICE-WORKER] asset not found in an existing cache bucket https://a.slack-edge.com/bv1-13-br/gantry-v2-async-lottie-activity-inbox-onboarding-modal-global-pref-animation.f627766dbd309e2dd80c.min.js 
{
  "versionId": 1
}
[04/24/26, 09:08:03:422] info: Apr-24 09:08:03.422 [SERVICE-WORKER] asset not found in an existing cache bucket https://a.slack-edge.com/bv1-13-br/gantry-v2-async-lottie-activity-inbox-onboarding-modal-density-animation.789a95a289c67fa24bf1.min.js 
{
  "versionId": 1
}
[04/24/26, 09:08:03:422] info: Apr-24 09:08:03.422 [SERVICE-WORKER] asset not found in an existing cache bucket https://a.slack-edge.com/bv1-13-br/gantry-v2-async-lottie-solutions-gallery-celebration.json.91df6608699f7701742d.min.js 
{
  "versionId": 1
}
[04/24/26, 09:08:03:422] info: Apr-24 09:08:03.422 [SERVICE-WORKER] asset not found in an existing cache bucket https://a.slack-edge.com/bv1-13-br/gantry-v2-async-lottie-invites-animations.json.5b6b96141b74d383141f.min.js 
{
  "versionId": 1
}
[04/24/26, 09:08:03:422] info: Apr-24 09:08:03.422 [SERVICE-WORKER] asset not found in an existing cache bucket https://a.slack-edge.com/bv1-13-br/gantry-v2-async-lottie-lists-animations.json.c1033b1d71728aedec74.min.js 
{
  "versionId": 1
}
[04/24/26, 09:08:03:423] info: Apr-24 09:08:03.422 [SERVICE-WORKER] asset not found in an existing cache bucket https://a.slack-edge.com/bv1-13-br/gantry-v2-async-lottie-huddles-animations.json.d24f45e229f717a72bcf.min.js 
{
  "versionId": 1
}
[04/24/26, 09:08:03:423] info: Apr-24 09:08:03.422 [SERVICE-WORKER] asset not found in an existing cache bucket https://a.slack-edge.com/bv1-13-br/gantry-v2-async-lottie-settings-animations.json.14d4f9b29fbe32439752.min.js 
{
  "versionId": 1
}
[04/24/26, 09:08:03:423] info: Apr-24 09:08:03.423 [SERVICE-WORKER] asset not found in an existing cache bucket https://a.slack-edge.com/bv1-13-br/gantry-v2-async-lottie-resources-animations.json.306b2374147fd4d7ac11.min.js 
{
  "versionId": 1
}
[04/24/26, 09:08:03:423] info: Apr-24 09:08:03.423 [SERVICE-WORKER] asset not found in an existing cache bucket https://a.slack-edge.com/bv1-13-br/gantry-v2-async-lottie-files.json.0876cbf5ec9cef862274.min.js 
{
  "versionId": 1
}
[04/24/26, 09:08:03:423] info: Apr-24 09:08:03.423 [SERVICE-WORKER] asset not found in an existing cache bucket https://a.slack-edge.com/bv1-13-br/gantry-v2-async-lottie-smiley.json.38fe8e4b80e4858c0280.min.js 
{
  "versionId": 1
}
[04/24/26, 09:08:03:424] info: Apr-24 09:08:03.423 [SERVICE-WORKER] asset not found in an existing cache bucket https://a.slack-edge.com/bv1-13-br/gantry-v2-async-lottie-loading-pills.73e1bdd7235fe9ac7265.min.js 
{
  "versionId": 1
}
[04/24/26, 09:08:03:424] info: Apr-24 09:08:03.423 [SERVICE-WORKER] asset not found in an existing cache bucket https://a.slack-edge.com/bv1-13-br/gantry-v2-async-lottie-canvas-gallery-animations.json.35246b7ea8eb84f675aa.min.js 
{
  "versionId": 1
}
[04/24/26, 09:08:03:424] info: Apr-24 09:08:03.424 [SERVICE-WORKER] asset not found in an existing cache bucket https://a.slack-edge.com/bv1-13-br/gantry-v2-async-lottie-lists-gallery-animations.json.5934478172b289ae48cb.min.js 
{
  "versionId": 1
}
[04/24/26, 09:08:03:424] info: Apr-24 09:08:03.424 [SERVICE-WORKER] asset not found in an existing cache bucket https://a.slack-edge.com/bv1-13-br/gantry-v2-async-lottie-workflow-gallery-animations.json.b13021305ff4ebc375f9.min.js 
{
  "versionId": 1
}
[04/24/26, 09:08:03:424] info: Apr-24 09:08:03.424 [SERVICE-WORKER] asset not found in an existing cache bucket https://a.slack-edge.com/bv1-13-br/gantry-v2-async-lottie-invites-gallery-animations.json.0ab2e552e29a138e2781.min.js 
{
  "versionId": 1
}
[04/24/26, 09:08:03:424] info: Apr-24 09:08:03.424 [SERVICE-WORKER] asset not found in an existing cache bucket https://a.slack-edge.com/bv1-13-br/gantry-v2-async-lottie-canvas-animations.json.6895180cd9f922b44734.min.js 
{
  "versionId": 1
}
[04/24/26, 09:08:03:424] info: Apr-24 09:08:03.424 [SERVICE-WORKER] asset not found in an existing cache bucket https://a.slack-edge.com/bv1-13-br/gantry-v2-async-lottie-special-channel-card-light.json.82d2035db5dee1f5da78.min.js 
{
  "versionId": 1
}
[04/24/26, 09:08:03:425] info: Apr-24 09:08:03.424 [SERVICE-WORKER] asset not found in an existing cache bucket https://a.slack-edge.com/bv1-13-br/gantry-v2-async-lottie-special-channel-card-dark.json.0add31a7737b4b2fe59d.min.js 
{
  "versionId": 1
}
[04/24/26, 09:08:03:425] info: Apr-24 09:08:03.424 [SERVICE-WORKER] asset not found in an existing cache bucket https://a.slack-edge.com/bv1-13-br/gantry-v2-async-lottie-lead-form-card-light.json.f744388c76a4639b943b.min.js 
{
  "versionId": 1
}
[04/24/26, 09:08:03:425] info: Apr-24 09:08:03.425 [SERVICE-WORKER] asset not found in an existing cache bucket https://a.slack-edge.com/bv1-13-br/gantry-v2-async-lottie-lead-form-card-dark.json.2db9408f347c25411974.min.js 
{
  "versionId": 1
}
[04/24/26, 09:08:03:425] info: Apr-24 09:08:03.425 [SERVICE-WORKER] asset not found in an existing cache bucket https://a.slack-edge.com/bv1-13-br/gantry-v2-async-lottie-support-channel-card-light.json.7023cd81782f6f4ffbaa.min.js 
{
  "versionId": 1
}
[04/24/26, 09:08:03:425] info: Apr-24 09:08:03.425 [SERVICE-WORKER] asset not found in an existing cache bucket https://a.slack-edge.com/bv1-13-br/gantry-v2-async-lottie-support-channel-card-dark.json.98f805c034d7046e6de2.min.js 
{
  "versionId": 1
}
[04/24/26, 09:08:03:425] info: Apr-24 09:08:03.425 [SERVICE-WORKER] asset not found in an existing cache bucket https://a.slack-edge.com/bv1-13-br/gantry-v2-async-lottie-ellipsis.json.efcbd9f30aef826671c8.min.js 
{
  "versionId": 1
}
[04/24/26, 09:08:03:426] info: Apr-24 09:08:03.425 [SERVICE-WORKER] asset not found in an existing cache bucket https://a.slack-edge.com/bv1-13-br/gantry-v2-async-lottie-huddles-page-hero.2d359967dcb97cbc4aac.min.js 
{
  "versionId": 1
}
[04/24/26, 09:08:03:426] info: Apr-24 09:08:03.426 [SERVICE-WORKER] asset found in existing cache bucket, adding to new bucket https://a.slack-edge.com/bv1-13-br/gantry-v2-async-client-day-picker-nux-banner.8fd4d0ada8d338405fd9.min.css 
{
  "versionId": 1
}
[04/24/26, 09:08:03:426] info: Apr-24 09:08:03.426 [SERVICE-WORKER] asset not found in an existing cache bucket https://a.slack-edge.com/bv1-13-br/gantry-v2-async-lottie-smiley-resurrected-user-welcome.8f4e07656ca011c7f250.min.js 
{
  "versionId": 1
}
[04/24/26, 09:08:03:426] info: Apr-24 09:08:03.426 [SERVICE-WORKER] asset not found in an existing cache bucket https://a.slack-edge.com/bv1-13-br/gantry-v2-async-lottie-channels-resurrected-user-welcome.c8c635a73c7e5be1a12b.min.js 
{
  "versionId": 1
}
[04/24/26, 09:08:03:427] info: Apr-24 09:08:03.427 [SERVICE-WORKER] asset not found in an existing cache bucket https://a.slack-edge.com/bv1-13-br/gantry-v2-async-lottie-canvases-synth-view-nux-animation-dark.json.08a5b3ba7f9ffcb2013d.min.js 
{
  "versionId": 1
}
[04/24/26, 09:08:03:427] info: Apr-24 09:08:03.427 [SERVICE-WORKER] asset not found in an existing cache bucket https://a.slack-edge.com/bv1-13-br/gantry-v2-async-lottie-canvases-synth-view-nux-animation-light.json.39ab7eb50a68dcd612ae.min.js 
{
  "versionId": 1
}
[04/24/26, 09:08:03:427] info: Apr-24 09:08:03.427 [SERVICE-WORKER] asset not found in an existing cache bucket https://a.slack-edge.com/bv1-13-br/gantry-v2-async-lottie-external-connections-page-hero.d8e17bd446fc1055c98a.min.js 
{
  "versionId": 1
}
[04/24/26, 09:08:03:428] info: Apr-24 09:08:03.427 [SERVICE-WORKER] asset found in existing cache bucket, adding to new bucket https://a.slack-edge.com/bv1-13-br/gantry-v2-async-wrapped-heart-static.884800c1e9dc4dc2609a.min.js 
{
  "versionId": 1
}
[04/24/26, 09:08:03:428] info: Apr-24 09:08:03.428 [SERVICE-WORKER] asset found in existing cache bucket, adding to new bucket https://a.slack-edge.com/bv1-13-br/gantry-v2-async-persona-vibe-curator.dcb5fe61d2eda949ad64.min.js 
{
  "versionId": 1
}
[04/24/26, 09:08:03:428] info: Apr-24 09:08:03.428 [SERVICE-WORKER] asset found in existing cache bucket, adding to new bucket https://a.slack-edge.com/bv1-13-br/gantry-v2-async-persona-hype-person.65e88269bee857c8015d.min.js 
{
  "versionId": 1
}
[04/24/26, 09:08:03:429] info: Apr-24 09:08:03.429 [SERVICE-WORKER] asset found in existing cache bucket, adding to new bucket https://a.slack-edge.com/bv1-13-br/gantry-v2-async-persona-gratitude-attitude.07fe8c700ccd2a59b119.min.js 
{
  "versionId": 1
}
[04/24/26, 09:08:03:429] info: Apr-24 09:08:03.429 [SERVICE-WORKER] asset found in existing cache bucket, adding to new bucket https://a.slack-edge.com/bv1-13-br/gantry-v2-async-persona-emoji-sommelier.7e462a4c4a1484105f81.min.js 
{
  "versionId": 1
}
[04/24/26, 09:08:03:430] info: Apr-24 09:08:03.429 [SERVICE-WORKER] asset found in existing cache bucket, adding to new bucket https://a.slack-edge.com/bv1-13-br/gantry-v2-async-persona-knowledge-bank.dfd3d2624572f1362d26.min.js 
{
  "versionId": 1
}
[04/24/26, 09:08:03:431] info: Apr-24 09:08:03.431 [SERVICE-WORKER] asset found in existing cache bucket, adding to new bucket https://a.slack-edge.com/bv1-13-br/gantry-v2-async-persona-yes-and-artist.c37d87114e69deaa1727.min.js 
{
  "versionId": 1
}
[04/24/26, 09:08:03:431] info: Apr-24 09:08:03.431 [SERVICE-WORKER] asset found in existing cache bucket, adding to new bucket https://a.slack-edge.com/bv1-13-br/gantry-v2-async-persona-clarity-connoisseur.6a27d8ac210992a9367c.min.js 
{
  "versionId": 1
}
[04/24/26, 09:08:03:432] info: Apr-24 09:08:03.431 [SERVICE-WORKER] asset found in existing cache bucket, adding to new bucket https://a.slack-edge.com/bv1-13-br/gantry-v2-async-persona-bridge-builder.78b1d24e02b35a5ca845.min.js 
{
  "versionId": 1
}
[04/24/26, 09:08:03:434] info: Apr-24 09:08:03.434 [SERVICE-WORKER] asset found in existing cache bucket, adding to new bucket https://a.slack-edge.com/bv1-13-br/gantry-v2-async-persona-gif-grandmaster.285921aa5444ca1edd66.min.js 
{
  "versionId": 1
}
[04/24/26, 09:08:03:435] info: Apr-24 09:08:03.434 [SERVICE-WORKER] asset found in existing cache bucket, adding to new bucket https://a.slack-edge.com/bv1-13-br/gantry-v2-async-persona-trend-spotter.6bb652906b52842b8445.min.js 
{
  "versionId": 1
}
[04/24/26, 09:08:03:435] info: Apr-24 09:08:03.435 [SERVICE-WORKER] asset found in existing cache bucket, adding to new bucket https://a.slack-edge.com/bv1-13-br/gantry-v2-async-persona-idea-catalyst.f5a3350767c8f68bbbf0.min.js 
{
  "versionId": 1
}
[04/24/26, 09:08:03:437] info: Apr-24 09:08:03.436 [SERVICE-WORKER] asset found in existing cache bucket, adding to new bucket https://a.slack-edge.com/bv1-13-br/gantry-v2-async-persona-card-vibe-curator.912eb2dcdaa0d6f4f46a.min.js 
{
  "versionId": 1
}
[04/24/26, 09:08:03:437] info: Apr-24 09:08:03.437 [SERVICE-WORKER] asset found in existing cache bucket, adding to new bucket https://a.slack-edge.com/bv1-13-br/gantry-v2-async-persona-card-hype-person.d45b3eda8b81ba7c55d5.min.js 
{
  "versionId": 1
}
[04/24/26, 09:08:03:437] info: Apr-24 09:08:03.437 [SERVICE-WORKER] asset found in existing cache bucket, adding to new bucket https://a.slack-edge.com/bv1-13-br/gantry-v2-async-persona-card-gratitude-attitude.9d72e073822bf2782fd0.min.js 
{
  "versionId": 1
}
[04/24/26, 09:08:03:439] info: Apr-24 09:08:03.438 [SERVICE-WORKER] asset found in existing cache bucket, adding to new bucket https://a.slack-edge.com/bv1-13-br/gantry-v2-async-persona-card-emoji-sommelier.50f006cf9d7a5101a538.min.js 
{
  "versionId": 1
}
[04/24/26, 09:08:03:439] info: Apr-24 09:08:03.439 [SERVICE-WORKER] asset found in existing cache bucket, adding to new bucket https://a.slack-edge.com/bv1-13-br/gantry-v2-async-persona-card-knowledge-bank.967e8490d189dd67636d.min.js 
{
  "versionId": 1
}
[04/24/26, 09:08:03:439] info: Apr-24 09:08:03.439 [SERVICE-WORKER] asset found in existing cache bucket, adding to new bucket https://a.slack-edge.com/bv1-13-br/gantry-v2-async-persona-card-yes-and-artist.89593d18d02643de6e7d.min.js 
{
  "versionId": 1
}
[04/24/26, 09:08:03:440] info: Apr-24 09:08:03.440 [SERVICE-WORKER] asset found in existing cache bucket, adding to new bucket https://a.slack-edge.com/bv1-13-br/gantry-v2-async-persona-card-clarity-connoisseur.639d339ee71c19a412d0.min.js 
{
  "versionId": 1
}
[04/24/26, 09:08:03:440] info: Apr-24 09:08:03.440 [SERVICE-WORKER] asset found in existing cache bucket, adding to new bucket https://a.slack-edge.com/bv1-13-br/gantry-v2-async-persona-card-bridge-builder.1053573d459a8b308a30.min.js 
{
  "versionId": 1
}
[04/24/26, 09:08:03:441] info: Apr-24 09:08:03.441 [SERVICE-WORKER] asset found in existing cache bucket, adding to new bucket https://a.slack-edge.com/bv1-13-br/gantry-v2-async-persona-card-gif-grandmaster.05ced74fd31a1709c6b0.min.js 
{
  "versionId": 1
}
[04/24/26, 09:08:03:442] info: Apr-24 09:08:03.442 [SERVICE-WORKER] asset found in existing cache bucket, adding to new bucket https://a.slack-edge.com/bv1-13-br/gantry-v2-async-persona-card-trend-spotter.cc532619387afbd87197.min.js 
{
  "versionId": 1
}
[04/24/26, 09:08:03:442] info: Apr-24 09:08:03.442 [SERVICE-WORKER] asset found in existing cache bucket, adding to new bucket https://a.slack-edge.com/bv1-13-br/gantry-v2-async-persona-card-idea-catalyst.e2b10fecfb2a3c35f45c.min.js 
{
  "versionId": 1
}
[04/24/26, 09:08:03:442] info: Apr-24 09:08:03.442 [SERVICE-WORKER] asset not found in an existing cache bucket https://a.slack-edge.com/bv1-13-br/gantry-v2-async-lottie-tenured-team-solutions-huddles.json.39328a1c61041028993b.min.js 
{
  "versionId": 1
}
[04/24/26, 09:08:03:443] info: Apr-24 09:08:03.443 [SERVICE-WORKER] asset not found in an existing cache bucket https://a.slack-edge.com/bv1-13-br/gantry-v2-async-lottie-tenured-team-solutions-canvas.json.1937fd687e5547ac6196.min.js 
{
  "versionId": 1
}
[04/24/26, 09:08:03:443] info: Apr-24 09:08:03.443 [SERVICE-WORKER] asset not found in an existing cache bucket https://a.slack-edge.com/bv1-13-br/gantry-v2-async-lottie-tenured-team-solutions-calendar.json.ac65ae4d184701d4d972.min.js 
{
  "versionId": 1
}
[04/24/26, 09:08:03:443] info: Apr-24 09:08:03.443 [SERVICE-WORKER] asset not found in an existing cache bucket https://a.slack-edge.com/bv1-13-br/gantry-v2-async-lottie-tenured-team-solutions-drive.json.269dac80c5d2d06554a3.min.js 
{
  "versionId": 1
}
[04/24/26, 09:08:03:444] info: Apr-24 09:08:03.444 [SERVICE-WORKER] asset not found in an existing cache bucket https://a.slack-edge.com/bv1-13-br/gantry-v2-async-lottie-tenured-team-solutions-sc-dm.json.397c6f20e660b5caf1b0.min.js 
{
  "versionId": 1
}
[04/24/26, 09:08:03:444] info: Apr-24 09:08:03.444 [SERVICE-WORKER] asset not found in an existing cache bucket https://a.slack-edge.com/bv1-13-br/gantry-v2-async-lottie-tenured-team-solutions-sc-channel.json.308d8b0c07a0efcff50c.min.js 
{
  "versionId": 1
}
[04/24/26, 09:08:03:444] info: Apr-24 09:08:03.444 [SERVICE-WORKER] asset not found in an existing cache bucket https://a.slack-edge.com/bv1-13-br/gantry-v2-async-lottie-today-day-two-coachmark.json.2f2ef59c2a1e12d7cb85.min.js 
{
  "versionId": 1
}
[04/24/26, 09:08:03:447] info: Apr-24 09:08:03.446 [SERVICE-WORKER] asset not found in an existing cache bucket https://a.slack-edge.com/bv1-13-br/gantry-v2-async-lottie-today-welcome-animation.json.7c8704ed9c0506238a4c.min.js 
{
  "versionId": 1
}
[04/24/26, 09:08:03:447] info: Apr-24 09:08:03.447 [SERVICE-WORKER] asset found in existing cache bucket, adding to new bucket https://a.slack-edge.com/bv1-13-br/gantry-v2-async-slack-kit-debug.4ba97e3aef40b089a697.min.css 
{
  "versionId": 1
}
[04/24/26, 09:08:03:447] info: Apr-24 09:08:03.447 [SERVICE-WORKER] asset found in existing cache bucket, adding to new bucket https://a.slack-edge.com/bv1-13-br/gantry-v2-async-layout-debug-overlay.7820b65e5f3f6fb892f5.min.css 
{
  "versionId": 1
}
[04/24/26, 09:08:03:447] info: Apr-24 09:08:03.447 [SERVICE-WORKER] asset not found in an existing cache bucket https://a.slack-edge.com/bv1-13-br/gantry-v2-async-lottie-canvas.json.2d8455fe83b380490598.min.js 
{
  "versionId": 1
}
[04/24/26, 09:08:03:448] info: Apr-24 09:08:03.448 [SERVICE-WORKER] asset not found in an existing cache bucket https://a.slack-edge.com/bv1-13-br/gantry-v2-async-lottie-huddles-and-canvas-page.json.d027f23bed998ab90fb2.min.js 
{
  "versionId": 1
}
[04/24/26, 09:08:03:449] info: Apr-24 09:08:03.448 [SERVICE-WORKER] asset not found in an existing cache bucket https://a.slack-edge.com/bv1-13-br/gantry-v2-async-lottie-sidebar-simplification-coachmark-animation-dark.json.73995cbfcd0419e6794e.min.js 
{
  "versionId": 1
}
[04/24/26, 09:08:03:449] info: Apr-24 09:08:03.448 [SERVICE-WORKER] asset not found in an existing cache bucket https://a.slack-edge.com/bv1-13-br/gantry-v2-async-lottie-sidebar-simplification-coachmark-animation-light.json.5132dbb348d5e4e0079b.min.js 
{
  "versionId": 1
}
[04/24/26, 09:08:03:449] info: Apr-24 09:08:03.449 [SERVICE-WORKER] asset not found in an existing cache bucket https://a.slack-edge.com/bv1-13-br/gantry-v2-async-lottie-sidebar-visual-updates-coachmark-animation.json.a55a226c2f8aeb371763.min.js 
{
  "versionId": 1
}
[04/24/26, 09:08:03:449] info: Apr-24 09:08:03.449 [SERVICE-WORKER] asset not found in an existing cache bucket https://a.slack-edge.com/bv1-13-br/gantry-v2-async-lottie-slack-ai-nux-recap-coachmark-light.f9dceaec768832499213.min.js 
{
  "versionId": 1
}
[04/24/26, 09:08:03:450] info: Apr-24 09:08:03.449 [SERVICE-WORKER] asset not found in an existing cache bucket https://a.slack-edge.com/bv1-13-br/gantry-v2-async-lottie-slack-ai-nux-recap-coachmark-dark.c71e59dc8a0724c9fda1.min.js 
{
  "versionId": 1
}
[04/24/26, 09:08:03:450] info: Apr-24 09:08:03.449 [SERVICE-WORKER] asset not found in an existing cache bucket https://a.slack-edge.com/bv1-13-br/gantry-v2-async-lottie-slack-ai-recap-empty-state-light.fe50bec1deb006cbef63.min.js 
{
  "versionId": 1
}
[04/24/26, 09:08:03:450] info: Apr-24 09:08:03.449 [SERVICE-WORKER] asset not found in an existing cache bucket https://a.slack-edge.com/bv1-13-br/gantry-v2-async-lottie-slack-ai-recap-empty-state-dark.3d8634f8a31187495a3c.min.js 
{
  "versionId": 1
}
[04/24/26, 09:08:03:450] info: Apr-24 09:08:03.449 [SERVICE-WORKER] asset not found in an existing cache bucket https://a.slack-edge.com/bv1-13-br/gantry-v2-async-lottie-onboarding-tasks-sidebar-icon.f61c2ec95706184fdc0b.min.js 
{
  "versionId": 1
}
[04/24/26, 09:08:03:450] info: Apr-24 09:08:03.449 [SERVICE-WORKER] asset not found in an existing cache bucket https://a.slack-edge.com/bv1-13-br/gantry-v2-async-lottie-onboarding-tasks-flower-grow.375d30d831d4db86ae49.min.js 
{
  "versionId": 1
}
[04/24/26, 09:08:03:451] info: Apr-24 09:08:03.450 [SERVICE-WORKER] asset not found in an existing cache bucket https://a.slack-edge.com/bv1-13-br/gantry-v2-async-lottie-onboarding-tasks-checkmark.eefb8d899614cb0c817c.min.js 
{
  "versionId": 1
}
[04/24/26, 09:08:03:451] info: Apr-24 09:08:03.450 [SERVICE-WORKER] asset not found in an existing cache bucket https://a.slack-edge.com/bv1-13-br/gantry-v2-async-lottie-jp-pocket-guide-workspace-icon.json.4fe213298f189e361784.min.js 
{
  "versionId": 1
}
[04/24/26, 09:08:03:451] info: Apr-24 09:08:03.450 [SERVICE-WORKER] asset not found in an existing cache bucket https://a.slack-edge.com/bv1-13-br/gantry-v2-async-lottie-invite-people.json.6f4acc11a11c540f4f82.min.js 
{
  "versionId": 1
}
[04/24/26, 09:08:03:451] info: Apr-24 09:08:03.450 [SERVICE-WORKER] asset not found in an existing cache bucket https://a.slack-edge.com/bv1-13-br/gantry-v2-async-lottie-tractor-channel.json.d868adde952bf2d4836c.min.js 
{
  "versionId": 1
}
[04/24/26, 09:08:03:451] info: Apr-24 09:08:03.450 [SERVICE-WORKER] asset not found in an existing cache bucket https://a.slack-edge.com/bv1-13-br/gantry-v2-async-lottie-usergroup-sections-coachmark.148ffd4678d291207d33.min.js 
{
  "versionId": 1
}
[04/24/26, 09:08:03:452] info: Apr-24 09:08:03.451 [SERVICE-WORKER] asset not found in an existing cache bucket https://a.slack-edge.com/bv1-13-br/gantry-v2-async-lottie-unreads-simplification-animation-light-de-DE.json.60607777e82cf9b3d426.min.js 
{
  "versionId": 1
}
[04/24/26, 09:08:03:452] info: Apr-24 09:08:03.451 [SERVICE-WORKER] asset not found in an existing cache bucket https://a.slack-edge.com/bv1-13-br/gantry-v2-async-lottie-unreads-simplification-animation-dark-de-DE.json.7d40ce0d2d506b7bb395.min.js 
{
  "versionId": 1
}
[04/24/26, 09:08:03:452] info: Apr-24 09:08:03.451 [SERVICE-WORKER] asset not found in an existing cache bucket https://a.slack-edge.com/bv1-13-br/gantry-v2-async-lottie-unreads-simplification-animation-light-en-GB.json.52a5b62fce43e446b69b.min.js 
{
  "versionId": 1
}
[04/24/26, 09:08:03:452] info: Apr-24 09:08:03.451 [SERVICE-WORKER] asset not found in an existing cache bucket https://a.slack-edge.com/bv1-13-br/gantry-v2-async-lottie-unreads-simplification-animation-dark-en-GB.json.cfac743938e3c70fba05.min.js 
{
  "versionId": 1
}
[04/24/26, 09:08:03:452] info: Apr-24 09:08:03.451 [SERVICE-WORKER] asset not found in an existing cache bucket https://a.slack-edge.com/bv1-13-br/gantry-v2-async-lottie-unreads-simplification-animation-light.json.703e29ca3fe5cf888aaa.min.js 
{
  "versionId": 1
}
[04/24/26, 09:08:03:452] info: Apr-24 09:08:03.451 [SERVICE-WORKER] asset not found in an existing cache bucket https://a.slack-edge.com/bv1-13-br/gantry-v2-async-lottie-unreads-simplification-animation-dark.json.af9c7635e2d1d8c50b88.min.js 
{
  "versionId": 1
}
[04/24/26, 09:08:03:453] info: Apr-24 09:08:03.451 [SERVICE-WORKER] asset not found in an existing cache bucket https://a.slack-edge.com/bv1-13-br/gantry-v2-async-lottie-unreads-simplification-animation-light-es-ES.json.56e377788d4cd91dc3d9.min.js 
{
  "versionId": 1
}
[04/24/26, 09:08:03:453] info: Apr-24 09:08:03.451 [SERVICE-WORKER] asset not found in an existing cache bucket https://a.slack-edge.com/bv1-13-br/gantry-v2-async-lottie-unreads-simplification-animation-dark-es-ES.json.419fbc1b74dcc73172e7.min.js 
{
  "versionId": 1
}
[04/24/26, 09:08:03:453] info: Apr-24 09:08:03.452 [SERVICE-WORKER] asset not found in an existing cache bucket https://a.slack-edge.com/bv1-13-br/gantry-v2-async-lottie-unreads-simplification-animation-light-es-LA.json.5fef6a0640e5551692e2.min.js 
{
  "versionId": 1
}
[04/24/26, 09:08:03:453] info: Apr-24 09:08:03.452 [SERVICE-WORKER] asset not found in an existing cache bucket https://a.slack-edge.com/bv1-13-br/gantry-v2-async-lottie-unreads-simplification-animation-dark-es-LA.json.e7583eb24d91406e9c7d.min.js 
{
  "versionId": 1
}
[04/24/26, 09:08:03:453] info: Apr-24 09:08:03.452 [SERVICE-WORKER] asset not found in an existing cache bucket https://a.slack-edge.com/bv1-13-br/gantry-v2-async-lottie-unreads-simplification-animation-light-fr-FR.json.abb9c2f4dfc401e8c1ce.min.js 
{
  "versionId": 1
}
[04/24/26, 09:08:03:454] info: Apr-24 09:08:03.452 [SERVICE-WORKER] asset not found in an existing cache bucket https://a.slack-edge.com/bv1-13-br/gantry-v2-async-lottie-unreads-simplification-animation-dark-fr-FR.json.59353b5b17f8210368b5.min.js 
{
  "versionId": 1
}
[04/24/26, 09:08:03:454] info: Apr-24 09:08:03.452 [SERVICE-WORKER] asset not found in an existing cache bucket https://a.slack-edge.com/bv1-13-br/gantry-v2-async-lottie-unreads-simplification-animation-light-it-IT.json.b67463ea9b3ef844d218.min.js 
{
  "versionId": 1
}
[04/24/26, 09:08:03:454] info: Apr-24 09:08:03.452 [SERVICE-WORKER] asset not found in an existing cache bucket https://a.slack-edge.com/bv1-13-br/gantry-v2-async-lottie-unreads-simplification-animation-dark-it-IT.json.39b4154a8735416b8a91.min.js 
{
  "versionId": 1
}
[04/24/26, 09:08:03:454] info: Apr-24 09:08:03.452 [SERVICE-WORKER] asset not found in an existing cache bucket https://a.slack-edge.com/bv1-13-br/gantry-v2-async-lottie-unreads-simplification-animation-light-ja-JP.json.defd18cdcc62eef440c3.min.js 
{
  "versionId": 1
}
[04/24/26, 09:08:03:454] info: Apr-24 09:08:03.452 [SERVICE-WORKER] asset not found in an existing cache bucket https://a.slack-edge.com/bv1-13-br/gantry-v2-async-lottie-unreads-simplification-animation-dark-ja-JP.json.1d1ad355705b1ce4ea1c.min.js 
{
  "versionId": 1
}
[04/24/26, 09:08:03:454] info: Apr-24 09:08:03.453 [SERVICE-WORKER] asset not found in an existing cache bucket https://a.slack-edge.com/bv1-13-br/gantry-v2-async-lottie-unreads-simplification-animation-light-ko-KR.json.e0292f02d813a63e89e9.min.js 
{
  "versionId": 1
}
[04/24/26, 09:08:03:454] info: Apr-24 09:08:03.453 [SERVICE-WORKER] asset not found in an existing cache bucket https://a.slack-edge.com/bv1-13-br/gantry-v2-async-lottie-unreads-simplification-animation-dark-ko-KR.json.bc6e8a90f1b74ef69f8a.min.js 
{
  "versionId": 1
}
[04/24/26, 09:08:03:455] info: Apr-24 09:08:03.453 [SERVICE-WORKER] asset not found in an existing cache bucket https://a.slack-edge.com/bv1-13-br/gantry-v2-async-lottie-unreads-simplification-animation-light-pt-BR.json.d5e451375a0dc7126da6.min.js 
{
  "versionId": 1
}
[04/24/26, 09:08:03:455] info: Apr-24 09:08:03.453 [SERVICE-WORKER] asset not found in an existing cache bucket https://a.slack-edge.com/bv1-13-br/gantry-v2-async-lottie-unreads-simplification-animation-dark-pt-BR.json.e1b0d253f2e9e0fa6670.min.js 
{
  "versionId": 1
}
[04/24/26, 09:08:03:455] info: Apr-24 09:08:03.453 [SERVICE-WORKER] asset not found in an existing cache bucket https://a.slack-edge.com/bv1-13-br/gantry-v2-async-lottie-unreads-simplification-animation-light-zh-CN.json.c510b9d3f72a066d3507.min.js 
{
  "versionId": 1
}
[04/24/26, 09:08:03:455] info: Apr-24 09:08:03.453 [SERVICE-WORKER] asset not found in an existing cache bucket https://a.slack-edge.com/bv1-13-br/gantry-v2-async-lottie-unreads-simplification-animation-dark-zh-CN.json.5890ce6c8a7f211f58a9.min.js 
{
  "versionId": 1
}
[04/24/26, 09:08:03:455] info: Apr-24 09:08:03.453 [SERVICE-WORKER] asset not found in an existing cache bucket https://a.slack-edge.com/bv1-13-br/gantry-v2-async-lottie-unreads-simplification-animation-light-zh-TW.json.8e3923d16766da6afe60.min.js 
{
  "versionId": 1
}
[04/24/26, 09:08:03:455] info: Apr-24 09:08:03.454 [SERVICE-WORKER] asset not found in an existing cache bucket https://a.slack-edge.com/bv1-13-br/gantry-v2-async-lottie-unreads-simplification-animation-dark-zh-TW.json.90a9d0201f9da7001a44.min.js 
{
  "versionId": 1
}
[04/24/26, 09:08:03:455] info: Apr-24 09:08:03.454 [SERVICE-WORKER] asset not found in an existing cache bucket https://a.slack-edge.com/bv1-13-br/gantry-v2-async-lottie-today-day-one-coachmark.json.987d2321b8c7edeceecb.min.js 
{
  "versionId": 1
}
[04/24/26, 09:08:03:455] info: Apr-24 09:08:03.454 [SERVICE-WORKER] asset not found in an existing cache bucket https://a.slack-edge.com/bv1-13-br/gantry-v2-async-about-workspace-view.934b16bd03aac51fef44.min.css 
{
  "versionId": 1
}
[04/24/26, 09:08:03:455] info: Apr-24 09:08:03.454 [SERVICE-WORKER] fetching asset https://a.slack-edge.com/bv1-13-br/gantry-v2-async-about-workspace-view.934b16bd03aac51fef44.min.css 
{
  "versionId": 1
}
[04/24/26, 09:08:03:455] info: Apr-24 09:08:03.454 [SERVICE-WORKER] asset not found in an existing cache bucket https://a.slack-edge.com/bv1-13-br/gantry-v2-async-paid-benefits-view.ab2d1cf5cf118ae2d7b8.min.css 
{
  "versionId": 1
}
[04/24/26, 09:08:03:456] info: Apr-24 09:08:03.454 [SERVICE-WORKER] fetching asset https://a.slack-edge.com/bv1-13-br/gantry-v2-async-paid-benefits-view.ab2d1cf5cf118ae2d7b8.min.css 
{
  "versionId": 1
}
[04/24/26, 09:08:03:456] info: Apr-24 09:08:03.454 [SERVICE-WORKER] asset found in existing cache bucket, adding to new bucket https://a.slack-edge.com/bv1-13-br/gantry-v2-async-daily-digest-view.d62c6021b19c010c3546.min.css 
{
  "versionId": 1
}
[04/24/26, 09:08:03:456] info: Apr-24 09:08:03.455 [SERVICE-WORKER] asset found in existing cache bucket, adding to new bucket https://a.slack-edge.com/bv1-13-br/gantry-v2-async-client-list-record-thread.0a75068fbdf4d9c7a5a6.min.css 
{
  "versionId": 1
}
[04/24/26, 09:08:03:456] info: Apr-24 09:08:03.456 [SERVICE-WORKER] asset found in existing cache bucket, adding to new bucket https://a.slack-edge.com/bv1-13-br/gantry-v2-async-client-tableau-details.feed4e0d8369db5054b4.min.css 
{
  "versionId": 1
}
[04/24/26, 09:08:03:457] info: Apr-24 09:08:03.456 [SERVICE-WORKER] asset found in existing cache bucket, adding to new bucket https://a.slack-edge.com/bv1-13-br/gantry-v2-async-client-list-record-details.006e62ce4db0601f1686.min.css 
{
  "versionId": 1
}
[04/24/26, 09:08:03:458] info: Apr-24 09:08:03.458 [SERVICE-WORKER] asset found in existing cache bucket, adding to new bucket https://a.slack-edge.com/bv1-13-br/gantry-v2-async-today-unreads-view.c6245125a2a0d8df4de4.min.css 
{
  "versionId": 1
}
[04/24/26, 09:08:03:458] info: Apr-24 09:08:03.458 [SERVICE-WORKER] asset found in existing cache bucket, adding to new bucket https://a.slack-edge.com/bv1-13-br/gantry-v2-async-today-action-items-view.c6245125a2a0d8df4de4.min.css 
{
  "versionId": 1
}
[04/24/26, 09:08:03:459] info: Apr-24 09:08:03.459 [SERVICE-WORKER] asset found in existing cache bucket, adding to new bucket https://a.slack-edge.com/bv1-13-br/gantry-v2-async-today-agenda-view.c6245125a2a0d8df4de4.min.css 
{
  "versionId": 1
}
[04/24/26, 09:08:03:459] info: Apr-24 09:08:03.459 [SERVICE-WORKER] asset not found in an existing cache bucket https://a.slack-edge.com/bv1-13-br/gantry-v2-async-about-usergroup-view.8b401e06b9ee8a52b11a.min.css 
{
  "versionId": 1
}
[04/24/26, 09:08:03:459] info: Apr-24 09:08:03.459 [SERVICE-WORKER] fetching asset https://a.slack-edge.com/bv1-13-br/gantry-v2-async-about-usergroup-view.8b401e06b9ee8a52b11a.min.css 
{
  "versionId": 1
}
[04/24/26, 09:08:03:460] info: Apr-24 09:08:03.460 [SERVICE-WORKER] asset not found in an existing cache bucket https://a.slack-edge.com/bv1-13-br/gantry-v2-async-activity-system-notification-view.1d8ac2fe0251dd47c527.min.css 
{
  "versionId": 1
}
[04/24/26, 09:08:03:460] info: Apr-24 09:08:03.460 [SERVICE-WORKER] fetching asset https://a.slack-edge.com/bv1-13-br/gantry-v2-async-activity-system-notification-view.1d8ac2fe0251dd47c527.min.css 
{
  "versionId": 1
}
[04/24/26, 09:08:03:469] info: Apr-24 09:08:03.469 [SERVICE-WORKER] putting asset in cache https://a.slack-edge.com/bv1-13-br/gantry-v2-async-about-workspace-view.934b16bd03aac51fef44.min.css 
{
  "versionId": 1
}
[04/24/26, 09:08:03:470] info: Apr-24 09:08:03.470 [SERVICE-WORKER] putting asset in cache https://a.slack-edge.com/bv1-13-br/gantry-v2-async-paid-benefits-view.ab2d1cf5cf118ae2d7b8.min.css 
{
  "versionId": 1
}
[04/24/26, 09:08:03:471] info: Apr-24 09:08:03.471 [SERVICE-WORKER] asset not found in an existing cache bucket https://a.slack-edge.com/bv1-13-br/gantry-v2-async-activity-later-reminder-details-view.e564f229504265f8ddad.min.css 
{
  "versionId": 1
}
[04/24/26, 09:08:03:471] info: Apr-24 09:08:03.471 [SERVICE-WORKER] fetching asset https://a.slack-edge.com/bv1-13-br/gantry-v2-async-activity-later-reminder-details-view.e564f229504265f8ddad.min.css 
{
  "versionId": 1
}
[04/24/26, 09:08:03:472] info: Apr-24 09:08:03.472 [SERVICE-WORKER] asset found in existing cache bucket, adding to new bucket https://a.slack-edge.com/bv1-13-br/gantry-v2-async-slackbot-ai-upgrade-paywall.592404cf8e3bff4643a4.min.css 
{
  "versionId": 1
}
[04/24/26, 09:08:03:473] info: Apr-24 09:08:03.473 [SERVICE-WORKER] asset found in existing cache bucket, adding to new bucket https://a.slack-edge.com/bv1-13-br/gantry-v2-async-search-primary-prototype.a6aac77b84069ad6e6b1.min.css 
{
  "versionId": 1
}
[04/24/26, 09:08:03:474] info: Apr-24 09:08:03.474 [SERVICE-WORKER] putting asset in cache https://a.slack-edge.com/bv1-13-br/gantry-v2-async-about-usergroup-view.8b401e06b9ee8a52b11a.min.css 
{
  "versionId": 1
}
[04/24/26, 09:08:03:474] info: Apr-24 09:08:03.474 [SERVICE-WORKER] asset found in existing cache bucket, adding to new bucket https://a.slack-edge.com/bv1-13-br/gantry-v2-async-widget-detail-view.007f95f8b3635355e6bf.min.css 
{
  "versionId": 1
}
[04/24/26, 09:08:03:474] info: Apr-24 09:08:03.474 [SERVICE-WORKER] putting asset in cache https://a.slack-edge.com/bv1-13-br/gantry-v2-async-activity-system-notification-view.1d8ac2fe0251dd47c527.min.css 
{
  "versionId": 1
}
[04/24/26, 09:08:03:476] info: Apr-24 09:08:03.476 [SERVICE-WORKER] asset found in existing cache bucket, adding to new bucket https://a.slack-edge.com/bv1-13-br/gantry-v2-async-external-workspace-allowed-org-pane-view.467b817b86c7b9c90472.min.css 
{
  "versionId": 1
}
[04/24/26, 09:08:03:476] info: Apr-24 09:08:03.476 [SERVICE-WORKER] asset found in existing cache bucket, adding to new bucket https://a.slack-edge.com/bv1-13-br/gantry-v2-async-client-list-record-history.4a78ab12da8e382a4850.min.css 
{
  "versionId": 1
}
[04/24/26, 09:08:03:476] info: Apr-24 09:08:03.476 [SERVICE-WORKER] asset found in existing cache bucket, adding to new bucket https://a.slack-edge.com/bv1-13-br/gantry-v2-async-client-list-history.75eb78a008ad5a1a9672.min.css 
{
  "versionId": 1
}
[04/24/26, 09:08:03:477] info: Apr-24 09:08:03.477 [SERVICE-WORKER] asset found in existing cache bucket, adding to new bucket https://a.slack-edge.com/bv1-13-br/gantry-v2-async-client-work-object.d7a79cf7d7d12d10c777.min.css 
{
  "versionId": 1
}
[04/24/26, 09:08:03:478] info: Apr-24 09:08:03.477 [SERVICE-WORKER] asset found in existing cache bucket, adding to new bucket https://a.slack-edge.com/bv1-13-br/gantry-v2-async-workflow-details.b7219dec2f92deccee27.min.css 
{
  "versionId": 1
}
[04/24/26, 09:08:03:478] info: Apr-24 09:08:03.478 [SERVICE-WORKER] asset found in existing cache bucket, adding to new bucket https://a.slack-edge.com/bv1-13-br/gantry-v2-async-app-details.24d3579703a13e830c27.min.css 
{
  "versionId": 1
}
[04/24/26, 09:08:03:479] info: Apr-24 09:08:03.479 [SERVICE-WORKER] asset found in existing cache bucket, adding to new bucket https://a.slack-edge.com/bv1-13-br/gantry-v2-async-ai-explain-view.446957085c78c0f126fa.min.css 
{
  "versionId": 1
}
[04/24/26, 09:08:03:479] info: Apr-24 09:08:03.479 [SERVICE-WORKER] asset found in existing cache bucket, adding to new bucket https://a.slack-edge.com/bv1-13-br/gantry-v2-async-meeting-details-view.17438b395ac0e9d787fe.min.css 
{
  "versionId": 1
}
[04/24/26, 09:08:03:479] info: Apr-24 09:08:03.479 [SERVICE-WORKER] asset found in existing cache bucket, adding to new bucket https://a.slack-edge.com/bv1-13-br/gantry-v2-async-record-related-conversations-list-all-view.d281d98662fc15e438e9.min.css 
{
  "versionId": 1
}
[04/24/26, 09:08:03:480] info: Apr-24 09:08:03.480 [SERVICE-WORKER] asset not found in an existing cache bucket https://a.slack-edge.com/bv1-13-br/gantry-v2-async-more-todos-sidebar-view.07233fe6460c1251db63.min.css 
{
  "versionId": 1
}
[04/24/26, 09:08:03:481] info: Apr-24 09:08:03.480 [SERVICE-WORKER] fetching asset https://a.slack-edge.com/bv1-13-br/gantry-v2-async-more-todos-sidebar-view.07233fe6460c1251db63.min.css 
{
  "versionId": 1
}
[04/24/26, 09:08:03:481] info: Apr-24 09:08:03.481 [SERVICE-WORKER] asset found in existing cache bucket, adding to new bucket https://a.slack-edge.com/bv1-13-br/gantry-v2-async-today-agenda-detail-view.b721449f9a51a0c3efe2.min.css 
{
  "versionId": 1
}
[04/24/26, 09:08:03:481] info: Apr-24 09:08:03.481 [SERVICE-WORKER] asset not found in an existing cache bucket https://a.slack-edge.com/bv1-13-br/gantry-v2-async-unified-files-sidebar-view.bb6ecceaf4bdd818a566.min.css 
{
  "versionId": 1
}
[04/24/26, 09:08:03:481] info: Apr-24 09:08:03.481 [SERVICE-WORKER] fetching asset https://a.slack-edge.com/bv1-13-br/gantry-v2-async-unified-files-sidebar-view.bb6ecceaf4bdd818a566.min.css 
{
  "versionId": 1
}
[04/24/26, 09:08:03:482] info: Apr-24 09:08:03.482 [SERVICE-WORKER] asset not found in an existing cache bucket https://a.slack-edge.com/bv1-13-br/gantry-v2-async-more-platform-sidebar-view.d4faff7dab7128837537.min.css 
{
  "versionId": 1
}
[04/24/26, 09:08:03:482] info: Apr-24 09:08:03.482 [SERVICE-WORKER] fetching asset https://a.slack-edge.com/bv1-13-br/gantry-v2-async-more-platform-sidebar-view.d4faff7dab7128837537.min.css 
{
  "versionId": 1
}
[04/24/26, 09:08:03:486] info: Apr-24 09:08:03.486 [SERVICE-WORKER] putting asset in cache https://a.slack-edge.com/bv1-13-br/gantry-v2-async-activity-later-reminder-details-view.e564f229504265f8ddad.min.css 
{
  "versionId": 1
}
[04/24/26, 09:08:03:487] info: Apr-24 09:08:03.487 [SERVICE-WORKER] asset not found in an existing cache bucket https://a.slack-edge.com/bv1-13-br/gantry-v2-async-sales-sidebar-view.c636ce36005ecedeb83c.min.css 
{
  "versionId": 1
}
[04/24/26, 09:08:03:488] info: Apr-24 09:08:03.487 [SERVICE-WORKER] fetching asset https://a.slack-edge.com/bv1-13-br/gantry-v2-async-sales-sidebar-view.c636ce36005ecedeb83c.min.css 
{
  "versionId": 1
}
[04/24/26, 09:08:03:496] info: Apr-24 09:08:03.495 [SERVICE-WORKER] putting asset in cache https://a.slack-edge.com/bv1-13-br/gantry-v2-async-more-todos-sidebar-view.07233fe6460c1251db63.min.css 
{
  "versionId": 1
}
[04/24/26, 09:08:03:497] info: Apr-24 09:08:03.497 [SERVICE-WORKER] asset not found in an existing cache bucket https://a.slack-edge.com/bv1-13-br/gantry-v2-async-external-connections-sidebar-view.07233fe6460c1251db63.min.css 
{
  "versionId": 1
}
[04/24/26, 09:08:03:497] info: Apr-24 09:08:03.497 [SERVICE-WORKER] fetching asset https://a.slack-edge.com/bv1-13-br/gantry-v2-async-external-connections-sidebar-view.07233fe6460c1251db63.min.css 
{
  "versionId": 1
}
[04/24/26, 09:08:03:499] info: Apr-24 09:08:03.499 [SERVICE-WORKER] putting asset in cache https://a.slack-edge.com/bv1-13-br/gantry-v2-async-unified-files-sidebar-view.bb6ecceaf4bdd818a566.min.css 
{
  "versionId": 1
}
[04/24/26, 09:08:03:500] info: Apr-24 09:08:03.500 [SERVICE-WORKER] putting asset in cache https://a.slack-edge.com/bv1-13-br/gantry-v2-async-more-platform-sidebar-view.d4faff7dab7128837537.min.css 
{
  "versionId": 1
}
[04/24/26, 09:08:03:502] info: Apr-24 09:08:03.501 [SERVICE-WORKER] putting asset in cache https://a.slack-edge.com/bv1-13-br/gantry-v2-async-sales-sidebar-view.c636ce36005ecedeb83c.min.css 
{
  "versionId": 1
}
[04/24/26, 09:08:03:502] info: Apr-24 09:08:03.502 [SERVICE-WORKER] asset not found in an existing cache bucket https://a.slack-edge.com/bv1-13-br/gantry-v2-async-lottie-2fa-folder-lock.json.6dbe6c24fd671cbf4863.min.js 
{
  "versionId": 1
}
[04/24/26, 09:08:03:502] info: Apr-24 09:08:03.502 [SERVICE-WORKER] asset not found in an existing cache bucket https://a.slack-edge.com/bv1-13-br/gantry-v2-async-lottie-waiting-room-music.38adf23729f9f368aee3.min.js 
{
  "versionId": 1
}
[04/24/26, 09:08:03:503] info: Apr-24 09:08:03.503 [SERVICE-WORKER] asset found in existing cache bucket, adding to new bucket https://a.slack-edge.com/bv1-13-br/gantry-v2-async-client-dev-tools-panel.5654621cb72af79bbd73.min.css 
{
  "versionId": 1
}
[04/24/26, 09:08:03:503] info: Apr-24 09:08:03.503 [SERVICE-WORKER] asset not found in an existing cache bucket https://a.slack-edge.com/bv1-13-br/gantry-v2-async-lottie-global-create.json.ac4323652a0429bb59ea.min.js 
{
  "versionId": 1
}
[04/24/26, 09:08:03:503] info: Apr-24 09:08:03.503 [SERVICE-WORKER] asset not found in an existing cache bucket https://a.slack-edge.com/bv1-13-br/gantry-v2-async-lottie-ai-coachmark.0a4d9045171c58d90424.min.js 
{
  "versionId": 1
}
[04/24/26, 09:08:03:504] info: Apr-24 09:08:03.504 [SERVICE-WORKER] asset not found in an existing cache bucket https://a.slack-edge.com/bv1-13-br/gantry-v2-async-lottie-slack-ai-nux-search-answers-coachmark-light.bccfdbcb8c6c9050b0c3.min.js 
{
  "versionId": 1
}
[04/24/26, 09:08:03:504] info: Apr-24 09:08:03.504 [SERVICE-WORKER] asset not found in an existing cache bucket https://a.slack-edge.com/bv1-13-br/gantry-v2-async-lottie-slack-ai-nux-search-answers-coachmark-dark.3c715eae62055794b440.min.js 
{
  "versionId": 1
}
[04/24/26, 09:08:03:504] info: Apr-24 09:08:03.504 [SERVICE-WORKER] asset found in existing cache bucket, adding to new bucket https://a.slack-edge.com/bv1-13-br/gantry-v2-async-tasks-vision-wasm.fd464b7ee061575f8911.min.js 
{
  "versionId": 1
}
[04/24/26, 09:08:03:505] info: Apr-24 09:08:03.505 [SERVICE-WORKER] asset found in existing cache bucket, adding to new bucket https://a.slack-edge.com/bv1-13-br/vision_wasm_internal.4ec536daf3cc5c568246.bin.js 
{
  "versionId": 1
}
[04/24/26, 09:08:03:505] info: Apr-24 09:08:03.505 [SERVICE-WORKER] asset found in existing cache bucket, adding to new bucket https://a.slack-edge.com/bv1-13-br/vision_wasm_nosimd_internal.0c0d53de2186240b216d.bin.js 
{
  "versionId": 1
}
[04/24/26, 09:08:03:506] info: Apr-24 09:08:03.506 [SERVICE-WORKER] asset not found in an existing cache bucket https://a.slack-edge.com/bv1-13-br/gantry-v2-async-lottie-downmarket-crm-slackbot-flexpane-nux.json.c4d14900cbdb62ff6193.min.js 
{
  "versionId": 1
}
[04/24/26, 09:08:03:507] info: Apr-24 09:08:03.507 [SERVICE-WORKER] asset not found in an existing cache bucket https://a.slack-edge.com/bv1-13-br/gantry-v2-async-lottie-unlimited-slackbot-promo-hero-banner-animation-light.b474b4b02dbbe4923d39.min.js 
{
  "versionId": 1
}
[04/24/26, 09:08:03:507] info: Apr-24 09:08:03.507 [SERVICE-WORKER] asset not found in an existing cache bucket https://a.slack-edge.com/bv1-13-br/gantry-v2-async-lottie-unlimited-slackbot-promo-hero-banner-animation-dark.188c7572dcafa931b483.min.js 
{
  "versionId": 1
}
[04/24/26, 09:08:03:507] info: Apr-24 09:08:03.507 [SERVICE-WORKER] asset not found in an existing cache bucket https://a.slack-edge.com/bv1-13-br/gantry-v2-async-workflow-builder-page-edit-hermes-workflow.6733b13cb2eda7b60fa7.min.css 
{
  "versionId": 1
}
[04/24/26, 09:08:03:507] info: Apr-24 09:08:03.507 [SERVICE-WORKER] fetching asset https://a.slack-edge.com/bv1-13-br/gantry-v2-async-workflow-builder-page-edit-hermes-workflow.6733b13cb2eda7b60fa7.min.css 
{
  "versionId": 1
}
[04/24/26, 09:08:03:508] info: Apr-24 09:08:03.508 [SERVICE-WORKER] asset found in existing cache bucket, adding to new bucket https://a.slack-edge.com/bv1-13-br/gantry-v2-async-workflow-builder-page-workflow-deleted.6e6768a91bda5e719d1f.min.css 
{
  "versionId": 1
}
[04/24/26, 09:08:03:508] info: Apr-24 09:08:03.508 [SERVICE-WORKER] asset found in existing cache bucket, adding to new bucket https://a.slack-edge.com/bv1-13-br/gantry-v2-async-workflow-builder-page-workflow-list.41cd5291d3bc0c464176.min.css 
{
  "versionId": 1
}
[04/24/26, 09:08:03:509] info: Apr-24 09:08:03.509 [SERVICE-WORKER] asset found in existing cache bucket, adding to new bucket https://a.slack-edge.com/bv1-13-br/gantry-v2-async-workflow-builder-page-integrations.a33536714fe923a044a2.min.css 
{
  "versionId": 1
}
[04/24/26, 09:08:03:509] info: Apr-24 09:08:03.509 [SERVICE-WORKER] asset found in existing cache bucket, adding to new bucket https://a.slack-edge.com/bv1-13-br/gantry-v2-async-workflow-builder-page-url-error.5fdf37ec0047d5469755.min.css 
{
  "versionId": 1
}
[04/24/26, 09:08:03:510] info: Apr-24 09:08:03.510 [SERVICE-WORKER] putting asset in cache https://a.slack-edge.com/bv1-13-br/gantry-v2-async-external-connections-sidebar-view.07233fe6460c1251db63.min.css 
{
  "versionId": 1
}
[04/24/26, 09:08:03:511] info: Apr-24 09:08:03.511 [SERVICE-WORKER] asset not found in an existing cache bucket https://a.slack-edge.com/bv1-13-br/gantry-v2-async-workflow-builder-template-selection-workflow.46965deddef92eaab752.min.css 
{
  "versionId": 1
}
[04/24/26, 09:08:03:511] info: Apr-24 09:08:03.511 [SERVICE-WORKER] fetching asset https://a.slack-edge.com/bv1-13-br/gantry-v2-async-workflow-builder-template-selection-workflow.46965deddef92eaab752.min.css 
{
  "versionId": 1
}
[04/24/26, 09:08:03:511] info: Apr-24 09:08:03.511 [SERVICE-WORKER] asset found in existing cache bucket, adding to new bucket https://a.slack-edge.com/bv1-13-br/gantry-v2-async-workflow-builder-template-edit.064cbdea68e11b41d0c1.min.css 
{
  "versionId": 1
}
[04/24/26, 09:08:03:512] info: Apr-24 09:08:03.512 [SERVICE-WORKER] asset not found in an existing cache bucket https://a.slack-edge.com/bv1-13-br/gantry-v2-async-workflow-builder-page-agent.927872857380f1487ebf.min.css 
{
  "versionId": 1
}
[04/24/26, 09:08:03:512] info: Apr-24 09:08:03.512 [SERVICE-WORKER] fetching asset https://a.slack-edge.com/bv1-13-br/gantry-v2-async-workflow-builder-page-agent.927872857380f1487ebf.min.css 
{
  "versionId": 1
}
[04/24/26, 09:08:03:512] info: Apr-24 09:08:03.512 [SERVICE-WORKER] asset not found in an existing cache bucket https://a.slack-edge.com/bv1-13-br/gantry-v2-async-lottie-slack-ai-channel-summaries-nux-light.320b936b547f79e895fe.min.js 
{
  "versionId": 1
}
[04/24/26, 09:08:03:513] info: Apr-24 09:08:03.512 [SERVICE-WORKER] asset not found in an existing cache bucket https://a.slack-edge.com/bv1-13-br/gantry-v2-async-lottie-slack-ai-channel-summaries-nux-dark.c43a3f0c382fde5f96c8.min.js 
{
  "versionId": 1
}
[04/24/26, 09:08:03:513] info: Apr-24 09:08:03.513 [SERVICE-WORKER] asset not found in an existing cache bucket https://a.slack-edge.com/bv1-13-br/gantry-v2-async-lottie-huddles.json.54a85b83f5ef2a25da68.min.js 
{
  "versionId": 1
}
[04/24/26, 09:08:03:513] info: Apr-24 09:08:03.513 [SERVICE-WORKER] asset not found in an existing cache bucket https://a.slack-edge.com/bv1-13-br/gantry-v2-async-lottie-solutions-loading.da36c7979ddf8c944f7f.min.js 
{
  "versionId": 1
}
[04/24/26, 09:08:03:513] info: Apr-24 09:08:03.513 [SERVICE-WORKER] asset not found in an existing cache bucket https://a.slack-edge.com/bv1-13-br/gantry-v2-async-lottie-solutions-complete.128eda3f800e4cbbe77d.min.js 
{
  "versionId": 1
}
[04/24/26, 09:08:03:514] info: Apr-24 09:08:03.514 [SERVICE-WORKER] asset not found in an existing cache bucket https://a.slack-edge.com/bv1-13-br/gantry-v2-async-lottie-slackbot-nux-v2.json.ab419d2d5ae50f76509b.min.js 
{
  "versionId": 1
}
[04/24/26, 09:08:03:514] info: Apr-24 09:08:03.514 [SERVICE-WORKER] asset not found in an existing cache bucket https://a.slack-edge.com/bv1-13-br/gantry-v2-async-lottie-todos-hero-banner.d8eb302f237a4a6ce876.min.js 
{
  "versionId": 1
}
[04/24/26, 09:08:03:515] info: Apr-24 09:08:03.515 [SERVICE-WORKER] asset not found in an existing cache bucket https://a.slack-edge.com/bv1-13-br/gantry-v2-async-lottie-modernselling-today-insights-flag-animation.json.a05cca566da741463882.min.js 
{
  "versionId": 1
}
[04/24/26, 09:08:03:515] info: Apr-24 09:08:03.515 [SERVICE-WORKER] asset not found in an existing cache bucket https://a.slack-edge.com/bv1-13-br/gantry-v2-async-lottie-modernselling-today-insights-rocket-animation.json.4e56e284092d4b52e632.min.js 
{
  "versionId": 1
}
[04/24/26, 09:08:03:515] info: Apr-24 09:08:03.515 [SERVICE-WORKER] asset not found in an existing cache bucket https://a.slack-edge.com/bv1-13-br/gantry-v2-async-lottie-modernselling-nux-rocket-light.json.e08f32fdef51db219b63.min.js 
{
  "versionId": 1
}
[04/24/26, 09:08:03:516] info: Apr-24 09:08:03.516 [SERVICE-WORKER] asset not found in an existing cache bucket https://a.slack-edge.com/bv1-13-br/gantry-v2-async-lottie-modernselling-nux-rocket-dark.json.fdc77b305f78a666cbd5.min.js 
{
  "versionId": 1
}
[04/24/26, 09:08:03:517] info: Apr-24 09:08:03.516 [SERVICE-WORKER] asset found in existing cache bucket, adding to new bucket https://a.slack-edge.com/bv1-13-br/gantry-v2-async-workflow-builder-segment-form-loop.483dd39dbbbc98057e83.min.css 
{
  "versionId": 1
}
[04/24/26, 09:08:03:518] info: Apr-24 09:08:03.518 [SERVICE-WORKER] asset found in existing cache bucket, adding to new bucket https://a.slack-edge.com/bv1-13-br/gantry-v2-async-workflow-builder-segment-form-slack-function-form.5c5e38611cf10b6a2282.min.css 
{
  "versionId": 1
}
[04/24/26, 09:08:03:520] info: Apr-24 09:08:03.519 [SERVICE-WORKER] asset found in existing cache bucket, adding to new bucket https://a.slack-edge.com/bv1-13-br/gantry-v2-async-workflow-builder-segment-form-switch.ad8d5d8f636cbab7ac32.min.css 
{
  "versionId": 1
}
[04/24/26, 09:08:03:521] info: Apr-24 09:08:03.520 [SERVICE-WORKER] asset found in existing cache bucket, adding to new bucket https://a.slack-edge.com/bv1-13-br/gantry-v2-async-workflow-builder-segment-form-third-party-event.c34e44a2f8e8e40dbbc0.min.css 
{
  "versionId": 1
}
[04/24/26, 09:08:03:521] info: Apr-24 09:08:03.521 [SERVICE-WORKER] putting asset in cache https://a.slack-edge.com/bv1-13-br/gantry-v2-async-workflow-builder-page-edit-hermes-workflow.6733b13cb2eda7b60fa7.min.css 
{
  "versionId": 1
}
[04/24/26, 09:08:03:522] info: Apr-24 09:08:03.522 [SERVICE-WORKER] asset found in existing cache bucket, adding to new bucket https://a.slack-edge.com/bv1-13-br/gantry-v2-async-workflow-builder-segment-form-hermes-scheduled.e6ccdf652ab261867870.min.css 
{
  "versionId": 1
}
[04/24/26, 09:08:03:524] info: Apr-24 09:08:03.524 [SERVICE-WORKER] asset found in existing cache bucket, adding to new bucket https://a.slack-edge.com/bv1-13-br/gantry-v2-async-workflow-builder-segment-form-hermes-webhook.e063e1677cc083704c5f.min.css 
{
  "versionId": 1
}
[04/24/26, 09:08:03:524] info: Apr-24 09:08:03.524 [SERVICE-WORKER] asset found in existing cache bucket, adding to new bucket https://a.slack-edge.com/bv1-13-br/gantry-v2-async-workflow-builder-segment-form-shortcut.9f1e23d44c90379125e5.min.css 
{
  "versionId": 1
}
[04/24/26, 09:08:03:524] info: Apr-24 09:08:03.524 [SERVICE-WORKER] putting asset in cache https://a.slack-edge.com/bv1-13-br/gantry-v2-async-workflow-builder-template-selection-workflow.46965deddef92eaab752.min.css 
{
  "versionId": 1
}
[04/24/26, 09:08:03:525] info: Apr-24 09:08:03.525 [SERVICE-WORKER] asset found in existing cache bucket, adding to new bucket https://a.slack-edge.com/bv1-13-br/gantry-v2-async-workflow-builder-segment-form-slack-event.a1f3a8390c5d098190bc.min.css 
{
  "versionId": 1
}
[04/24/26, 09:08:03:525] info: Apr-24 09:08:03.525 [SERVICE-WORKER] asset not found in an existing cache bucket https://a.slack-edge.com/bv1-13-br/gantry-v2-async-lottie-slackbot-ai-upgrade-paywall.87d2bd0ed021802568e6.min.js 
{
  "versionId": 1
}
[04/24/26, 09:08:03:526] info: Apr-24 09:08:03.526 [SERVICE-WORKER] asset not found in an existing cache bucket https://a.slack-edge.com/bv1-13-br/gantry-v2-async-lottie-priority-vip-animation.zh-TW.json.3c974f0f47fe066ca138.min.js 
{
  "versionId": 1
}
[04/24/26, 09:08:03:527] info: Apr-24 09:08:03.526 [SERVICE-WORKER] asset not found in an existing cache bucket https://a.slack-edge.com/bv1-13-br/client-boot-styles.d82f50465ea2377e6e9b.min.css 
{
  "versionId": 1
}
[04/24/26, 09:08:03:527] info: Apr-24 09:08:03.526 [SERVICE-WORKER] fetching asset https://a.slack-edge.com/bv1-13-br/client-boot-styles.d82f50465ea2377e6e9b.min.css 
{
  "versionId": 1
}
[04/24/26, 09:08:03:527] info: Apr-24 09:08:03.527 [SERVICE-WORKER] asset not found in an existing cache bucket https://a.slack-edge.com/bv1-13-br/workflow-builder-boot-styles.72154123dc8ec158fc3e.min.css 
{
  "versionId": 1
}
[04/24/26, 09:08:03:527] info: Apr-24 09:08:03.527 [SERVICE-WORKER] fetching asset https://a.slack-edge.com/bv1-13-br/workflow-builder-boot-styles.72154123dc8ec158fc3e.min.css 
{
  "versionId": 1
}
[04/24/26, 09:08:03:527] info: Apr-24 09:08:03.527 [SERVICE-WORKER] putting asset in cache https://a.slack-edge.com/bv1-13-br/gantry-v2-async-workflow-builder-page-agent.927872857380f1487ebf.min.css 
{
  "versionId": 1
}
[04/24/26, 09:08:03:528] info: Apr-24 09:08:03.528 [SERVICE-WORKER] asset found in existing cache bucket, adding to new bucket https://a.slack-edge.com/bv1-13-br/selfie_segmentation_solution_simd_wasm_bin.0e7b9ccf311c3e953191.bin.js 
{
  "versionId": 1
}
[04/24/26, 09:08:03:530] info: Apr-24 09:08:03.530 [SERVICE-WORKER] asset not found in an existing cache bucket https://a.slack-edge.com/bv1-13-br/client-boot.125088d131d467737603.min.js 
{
  "versionId": 1
}
[04/24/26, 09:08:03:531] info: Apr-24 09:08:03.530 [SERVICE-WORKER] fetching asset https://a.slack-edge.com/bv1-13-br/client-boot.125088d131d467737603.min.js 
{
  "versionId": 1
}
[04/24/26, 09:08:03:531] info: Apr-24 09:08:03.531 [SERVICE-WORKER] asset found in existing cache bucket, adding to new bucket https://a.slack-edge.com/bv1-13-br/selfie_segmentation_solution_wasm_bin.f87d09d7c30321df692e.bin.js 
{
  "versionId": 1
}
[04/24/26, 09:08:03:533] info: Apr-24 09:08:03.533 [SERVICE-WORKER] asset not found in an existing cache bucket https://a.slack-edge.com/bv1-13-br/workflow-builder-boot.544d3e36e29cac558183.min.js 
{
  "versionId": 1
}
[04/24/26, 09:08:03:533] info: Apr-24 09:08:03.533 [SERVICE-WORKER] fetching asset https://a.slack-edge.com/bv1-13-br/workflow-builder-boot.544d3e36e29cac558183.min.js 
{
  "versionId": 1
}
[04/24/26, 09:08:03:542] info: Apr-24 09:08:03.541 [SERVICE-WORKER] putting asset in cache https://a.slack-edge.com/bv1-13-br/client-boot-styles.d82f50465ea2377e6e9b.min.css 
{
  "versionId": 1
}
[04/24/26, 09:08:03:548] info: Apr-24 09:08:03.547 [SERVICE-WORKER] putting asset in cache https://a.slack-edge.com/bv1-13-br/workflow-builder-boot-styles.72154123dc8ec158fc3e.min.css 
{
  "versionId": 1
}
[04/24/26, 09:08:03:554] info: Apr-24 09:08:03.553 [SERVICE-WORKER] putting asset in cache https://a.slack-edge.com/bv1-13-br/client-boot.125088d131d467737603.min.js 
{
  "versionId": 1
}
[04/24/26, 09:08:03:559] info: Apr-24 09:08:03.558 [SERVICE-WORKER] putting asset in cache https://a.slack-edge.com/bv1-13-br/workflow-builder-boot.544d3e36e29cac558183.min.js 
{
  "versionId": 1
}
[04/24/26, 09:08:03:561] info: Apr-24 09:08:03.561 [SERVICE-WORKER] asset not found in an existing cache bucket https://a.slack-edge.com/bv1-13-br/gantry-v2-manifest.bbd1efd377bbd74b7865.min.js 
{
  "versionId": 1
}
[04/24/26, 09:08:03:561] info: Apr-24 09:08:03.561 [SERVICE-WORKER] fetching asset https://a.slack-edge.com/bv1-13-br/gantry-v2-manifest.bbd1efd377bbd74b7865.min.js 
{
  "versionId": 1
}
[04/24/26, 09:08:03:595] info: Apr-24 09:08:03.595 [SERVICE-WORKER] putting asset in cache https://a.slack-edge.com/bv1-13-br/gantry-v2-manifest.bbd1efd377bbd74b7865.min.js 
{
  "versionId": 1
}
[04/24/26, 09:08:03:604] info: Apr-24 09:08:03.604 [SERVICE-WORKER] asset found in existing cache bucket, adding to new bucket https://a.slack-edge.com/bv1-13-br/gantry-v2-async-gantry-v2-default-boot-apis.7a7e3b79ab12b440ad36.min.js 
{
  "versionId": 1
}
[04/24/26, 09:08:03:605] info: Apr-24 09:08:03.605 [SERVICE-WORKER] asset not found in an existing cache bucket https://a.slack-edge.com/bv1-13-br/gantry-v2-async-gantry-v2-default-boot-data.83f54b79a06175ad6b78.min.js 
{
  "versionId": 1
}
[04/24/26, 09:08:03:605] info: Apr-24 09:08:03.605 [SERVICE-WORKER] fetching asset https://a.slack-edge.com/bv1-13-br/gantry-v2-async-gantry-v2-default-boot-data.83f54b79a06175ad6b78.min.js 
{
  "versionId": 1
}
[04/24/26, 09:08:03:638] info: Apr-24 09:08:03.637 [SERVICE-WORKER] putting asset in cache https://a.slack-edge.com/bv1-13-br/gantry-v2-async-gantry-v2-default-boot-data.83f54b79a06175ad6b78.min.js 
{
  "versionId": 1
}
[04/24/26, 09:08:03:639] info: Apr-24 09:08:03.639 [SERVICE-WORKER] asset found in existing cache bucket, adding to new bucket https://a.slack-edge.com/bv1-13-br/gantry-v2-async-gantry-v2-default-boot-render.a766b3790bc612c29715.min.js 
{
  "versionId": 1
}
[04/24/26, 09:08:03:641] info: Apr-24 09:08:03.640 [SERVICE-WORKER] asset found in existing cache bucket, adding to new bucket https://a.slack-edge.com/bv1-13-br/gantry-v2-async-gantry-v2-default-boot-shared.bc3d2d2fb89431dbb068.min.js 
{
  "versionId": 1
}
[04/24/26, 09:08:03:642] info: Apr-24 09:08:03.642 [SERVICE-WORKER] asset found in existing cache bucket, adding to new bucket https://a.slack-edge.com/bv1-13-br/gantry-v2-async-gantry-v2-default-boot-deferred.4b263c56ecf768b5a7a8.min.js 
{
  "versionId": 1
}
[04/24/26, 09:08:03:643] info: Apr-24 09:08:03.643 [SERVICE-WORKER] asset found in existing cache bucket, adding to new bucket https://a.slack-edge.com/bv1-13-br/gantry-v2-async-lottie-web.ef131b18112747edbdef.min.js 
{
  "versionId": 1
}
[04/24/26, 09:08:03:645] info: Apr-24 09:08:03.645 [SERVICE-WORKER] asset found in existing cache bucket, adding to new bucket https://a.slack-edge.com/bv1-13-br/gantry-v2-async-client-boot-data.6db3e007a3796c630074.min.js 
{
  "versionId": 1
}
[04/24/26, 09:08:03:646] info: Apr-24 09:08:03.646 [SERVICE-WORKER] asset found in existing cache bucket, adding to new bucket https://a.slack-edge.com/bv1-13-br/gantry-v2-async-client-boot-apis.b59102fb5ad213b33d26.min.js 
{
  "versionId": 1
}
[04/24/26, 09:08:03:647] info: Apr-24 09:08:03.647 [SERVICE-WORKER] asset not found in an existing cache bucket https://a.slack-edge.com/bv1-13-br/gantry-v2-async-client-boot-render.501e8993905dba1171d5.min.js 
{
  "versionId": 1
}
[04/24/26, 09:08:03:647] info: Apr-24 09:08:03.647 [SERVICE-WORKER] fetching asset https://a.slack-edge.com/bv1-13-br/gantry-v2-async-client-boot-render.501e8993905dba1171d5.min.js 
{
  "versionId": 1
}
[04/24/26, 09:08:03:656] info: Apr-24 09:08:03.655 [SERVICE-WORKER] asset not found in an existing cache bucket https://a.slack-edge.com/bv1-13-br/gantry-v2-async-client-boot-deferred.84e5820a0cee3aedb556.min.js 
{
  "versionId": 1
}
[04/24/26, 09:08:03:656] info: Apr-24 09:08:03.656 [SERVICE-WORKER] fetching asset https://a.slack-edge.com/bv1-13-br/gantry-v2-async-client-boot-deferred.84e5820a0cee3aedb556.min.js 
{
  "versionId": 1
}
[04/24/26, 09:08:03:657] info: Apr-24 09:08:03.657 [SERVICE-WORKER] asset found in existing cache bucket, adding to new bucket https://a.slack-edge.com/bv1-13-br/gantry-v2-async-workflow-builder-boot-render.044daa09b8cee7e07756.min.js 
{
  "versionId": 1
}
[04/24/26, 09:08:03:659] info: Apr-24 09:08:03.659 [SERVICE-WORKER] asset not found in an existing cache bucket https://a.slack-edge.com/bv1-13-br/gantry-v2-async-workflow-builder-boot-data.962eef8acb5a4a354f09.min.js 
{
  "versionId": 1
}
[04/24/26, 09:08:03:659] info: Apr-24 09:08:03.659 [SERVICE-WORKER] fetching asset https://a.slack-edge.com/bv1-13-br/gantry-v2-async-workflow-builder-boot-data.962eef8acb5a4a354f09.min.js 
{
  "versionId": 1
}
[04/24/26, 09:08:03:671] info: Apr-24 09:08:03.670 [SERVICE-WORKER] putting asset in cache https://a.slack-edge.com/bv1-13-br/gantry-v2-async-client-boot-render.501e8993905dba1171d5.min.js 
{
  "versionId": 1
}
[04/24/26, 09:08:03:672] info: Apr-24 09:08:03.672 [SERVICE-WORKER] putting asset in cache https://a.slack-edge.com/bv1-13-br/gantry-v2-async-client-boot-deferred.84e5820a0cee3aedb556.min.js 
{
  "versionId": 1
}
[04/24/26, 09:08:03:675] info: Apr-24 09:08:03.674 [SERVICE-WORKER] putting asset in cache https://a.slack-edge.com/bv1-13-br/gantry-v2-async-workflow-builder-boot-data.962eef8acb5a4a354f09.min.js 
{
  "versionId": 1
}
[04/24/26, 09:08:03:677] info: Apr-24 09:08:03.677 [SERVICE-WORKER] asset not found in an existing cache bucket https://a.slack-edge.com/bv1-13-br/gantry-v2-async-node_modules_shikijs_langs_dist_abap_mjs.7aa67fd9d03ee4e2e390.min.js 
{
  "versionId": 1
}
[04/24/26, 09:08:03:677] info: Apr-24 09:08:03.677 [SERVICE-WORKER] asset not found in an existing cache bucket https://a.slack-edge.com/bv1-13-br/gantry-v2-async-node_modules_shikijs_langs_dist_actionscript-3_mjs.12de4e35d1482c3afe1f.min.js 
{
  "versionId": 1
}
[04/24/26, 09:08:03:678] info: Apr-24 09:08:03.677 [SERVICE-WORKER] asset found in existing cache bucket, adding to new bucket https://a.slack-edge.com/bv1-13-br/gantry-v2-async-workflow-builder-boot-apis.e5558af4dba12882276a.min.js 
{
  "versionId": 1
}
[04/24/26, 09:08:03:678] info: Apr-24 09:08:03.678 [SERVICE-WORKER] asset not found in an existing cache bucket https://a.slack-edge.com/bv1-13-br/gantry-v2-async-vendors-node_modules_shikijs_langs_dist_ada_mjs.c623cbed9d2cd0274be0.min.js 
{
  "versionId": 1
}
[04/24/26, 09:08:03:678] info: Apr-24 09:08:03.678 [SERVICE-WORKER] asset not found in an existing cache bucket https://a.slack-edge.com/bv1-13-br/gantry-v2-async-vendors-node_modules_shikijs_langs_dist_angular-html_mjs.205d574368bead4ec06f.min.js 
{
  "versionId": 1
}
[04/24/26, 09:08:03:678] info: Apr-24 09:08:03.678 [SERVICE-WORKER] asset not found in an existing cache bucket https://a.slack-edge.com/bv1-13-br/gantry-v2-async-vendors-node_modules_shikijs_langs_dist_angular-ts_mjs.76a670e6e2a082a7a83c.min.js 
{
  "versionId": 1
}
[04/24/26, 09:08:03:678] info: Apr-24 09:08:03.678 [SERVICE-WORKER] asset not found in an existing cache bucket https://a.slack-edge.com/bv1-13-br/gantry-v2-async-node_modules_shikijs_langs_dist_apache_mjs.a6998eba7056d3b32ad6.min.js 
{
  "versionId": 1
}
[04/24/26, 09:08:03:678] info: Apr-24 09:08:03.678 [SERVICE-WORKER] asset not found in an existing cache bucket https://a.slack-edge.com/bv1-13-br/gantry-v2-async-vendors-node_modules_shikijs_langs_dist_apex_mjs.56505e188cb24aee07b2.min.js 
{
  "versionId": 1
}
[04/24/26, 09:08:03:679] info: Apr-24 09:08:03.678 [SERVICE-WORKER] asset not found in an existing cache bucket https://a.slack-edge.com/bv1-13-br/gantry-v2-async-vendors-node_modules_shikijs_langs_dist_apl_mjs.9f3dc85ab396dbbb20b8.min.js 
{
  "versionId": 1
}
[04/24/26, 09:08:03:679] info: Apr-24 09:08:03.679 [SERVICE-WORKER] asset not found in an existing cache bucket https://a.slack-edge.com/bv1-13-br/gantry-v2-async-vendors-node_modules_shikijs_langs_dist_applescript_mjs.9b0d9219da44ef7b7bad.min.js 
{
  "versionId": 1
}
[04/24/26, 09:08:03:679] info: Apr-24 09:08:03.679 [SERVICE-WORKER] asset not found in an existing cache bucket https://a.slack-edge.com/bv1-13-br/gantry-v2-async-node_modules_shikijs_langs_dist_ara_mjs.f95307d1c4f07b456f06.min.js 
{
  "versionId": 1
}
[04/24/26, 09:08:03:679] info: Apr-24 09:08:03.679 [SERVICE-WORKER] asset not found in an existing cache bucket https://a.slack-edge.com/bv1-13-br/gantry-v2-async-vendors-node_modules_shikijs_langs_dist_asciidoc_mjs.1b5db12fc2e33767f380.min.js 
{
  "versionId": 1
}
[04/24/26, 09:08:03:679] info: Apr-24 09:08:03.679 [SERVICE-WORKER] asset not found in an existing cache bucket https://a.slack-edge.com/bv1-13-br/gantry-v2-async-vendors-node_modules_shikijs_langs_dist_asm_mjs.53944d62fe2251067ab6.min.js 
{
  "versionId": 1
}
[04/24/26, 09:08:03:679] info: Apr-24 09:08:03.679 [SERVICE-WORKER] asset not found in an existing cache bucket https://a.slack-edge.com/bv1-13-br/gantry-v2-async-vendors-node_modules_shikijs_langs_dist_astro_mjs.62f08a5a60b840a21e95.min.js 
{
  "versionId": 1
}
[04/24/26, 09:08:03:680] info: Apr-24 09:08:03.679 [SERVICE-WORKER] asset not found in an existing cache bucket https://a.slack-edge.com/bv1-13-br/gantry-v2-async-node_modules_shikijs_langs_dist_awk_mjs.adf632447a9826e35a1f.min.js 
{
  "versionId": 1
}
[04/24/26, 09:08:03:680] info: Apr-24 09:08:03.679 [SERVICE-WORKER] asset not found in an existing cache bucket https://a.slack-edge.com/bv1-13-br/gantry-v2-async-vendors-node_modules_shikijs_langs_dist_ballerina_mjs.0ed8776277777b374dac.min.js 
{
  "versionId": 1
}
[04/24/26, 09:08:03:680] info: Apr-24 09:08:03.679 [SERVICE-WORKER] asset not found in an existing cache bucket https://a.slack-edge.com/bv1-13-br/gantry-v2-async-node_modules_shikijs_langs_dist_bat_mjs.36dd121dfab46c9993cf.min.js 
{
  "versionId": 1
}
[04/24/26, 09:08:03:680] info: Apr-24 09:08:03.680 [SERVICE-WORKER] asset not found in an existing cache bucket https://a.slack-edge.com/bv1-13-br/gantry-v2-async-node_modules_shikijs_langs_dist_beancount_mjs.73cdcb21da687b1794fd.min.js 
{
  "versionId": 1
}
[04/24/26, 09:08:03:680] info: Apr-24 09:08:03.680 [SERVICE-WORKER] asset not found in an existing cache bucket https://a.slack-edge.com/bv1-13-br/gantry-v2-async-node_modules_shikijs_langs_dist_berry_mjs.02c89d7429770f54ba77.min.js 
{
  "versionId": 1
}
[04/24/26, 09:08:03:680] info: Apr-24 09:08:03.680 [SERVICE-WORKER] asset not found in an existing cache bucket https://a.slack-edge.com/bv1-13-br/gantry-v2-async-node_modules_shikijs_langs_dist_bibtex_mjs.33ad9dd4d04b954ddaf2.min.js 
{
  "versionId": 1
}
[04/24/26, 09:08:03:680] info: Apr-24 09:08:03.680 [SERVICE-WORKER] asset not found in an existing cache bucket https://a.slack-edge.com/bv1-13-br/gantry-v2-async-node_modules_shikijs_langs_dist_bicep_mjs.be0b5267f872bf909c6f.min.js 
{
  "versionId": 1
}
[04/24/26, 09:08:03:681] info: Apr-24 09:08:03.680 [SERVICE-WORKER] asset not found in an existing cache bucket https://a.slack-edge.com/bv1-13-br/gantry-v2-async-node_modules_shikijs_langs_dist_bird2_mjs.992cca4571cf59d1375d.min.js 
{
  "versionId": 1
}
[04/24/26, 09:08:03:681] info: Apr-24 09:08:03.680 [SERVICE-WORKER] asset not found in an existing cache bucket https://a.slack-edge.com/bv1-13-br/gantry-v2-async-vendors-node_modules_shikijs_langs_dist_blade_mjs.35e5888b5deafc3b24d3.min.js 
{
  "versionId": 1
}
[04/24/26, 09:08:03:681] info: Apr-24 09:08:03.680 [SERVICE-WORKER] asset not found in an existing cache bucket https://a.slack-edge.com/bv1-13-br/gantry-v2-async-vendors-node_modules_shikijs_langs_dist_bsl_mjs.73f0cba01df53736e0e5.min.js 
{
  "versionId": 1
}
[04/24/26, 09:08:03:681] info: Apr-24 09:08:03.680 [SERVICE-WORKER] asset not found in an existing cache bucket https://a.slack-edge.com/bv1-13-br/gantry-v2-async-vendors-node_modules_shikijs_langs_dist_c_mjs.5a9e338f0d1b2b24ced1.min.js 
{
  "versionId": 1
}
[04/24/26, 09:08:03:681] info: Apr-24 09:08:03.681 [SERVICE-WORKER] asset not found in an existing cache bucket https://a.slack-edge.com/bv1-13-br/gantry-v2-async-vendors-node_modules_shikijs_langs_dist_c3_mjs.fe8fa7f093c9be90100f.min.js 
{
  "versionId": 1
}
[04/24/26, 09:08:03:681] info: Apr-24 09:08:03.681 [SERVICE-WORKER] asset not found in an existing cache bucket https://a.slack-edge.com/bv1-13-br/gantry-v2-async-vendors-node_modules_shikijs_langs_dist_cadence_mjs.c7bb6a581db6e9dd3d81.min.js 
{
  "versionId": 1
}
[04/24/26, 09:08:03:681] info: Apr-24 09:08:03.681 [SERVICE-WORKER] asset not found in an existing cache bucket https://a.slack-edge.com/bv1-13-br/gantry-v2-async-node_modules_shikijs_langs_dist_cairo_mjs.9e9dfa646bf834ab7cf6.min.js 
{
  "versionId": 1
}
[04/24/26, 09:08:03:681] info: Apr-24 09:08:03.681 [SERVICE-WORKER] asset not found in an existing cache bucket https://a.slack-edge.com/bv1-13-br/gantry-v2-async-node_modules_shikijs_langs_dist_clarity_mjs.942607dea6dfe1b5ab6a.min.js 
{
  "versionId": 1
}
[04/24/26, 09:08:03:682] info: Apr-24 09:08:03.681 [SERVICE-WORKER] asset not found in an existing cache bucket https://a.slack-edge.com/bv1-13-br/gantry-v2-async-node_modules_shikijs_langs_dist_clojure_mjs.a0d1fa919cd9ee6425a1.min.js 
{
  "versionId": 1
}
[04/24/26, 09:08:03:682] info: Apr-24 09:08:03.681 [SERVICE-WORKER] asset not found in an existing cache bucket https://a.slack-edge.com/bv1-13-br/gantry-v2-async-node_modules_shikijs_langs_dist_cmake_mjs.268b6b860f1b5be43287.min.js 
{
  "versionId": 1
}
[04/24/26, 09:08:03:682] info: Apr-24 09:08:03.681 [SERVICE-WORKER] asset not found in an existing cache bucket https://a.slack-edge.com/bv1-13-br/gantry-v2-async-vendors-node_modules_shikijs_langs_dist_cobol_mjs.5f94383222be0945afff.min.js 
{
  "versionId": 1
}
[04/24/26, 09:08:03:682] info: Apr-24 09:08:03.681 [SERVICE-WORKER] asset not found in an existing cache bucket https://a.slack-edge.com/bv1-13-br/gantry-v2-async-node_modules_shikijs_langs_dist_codeowners_mjs.a45e958cecd60ba40be0.min.js 
{
  "versionId": 1
}
[04/24/26, 09:08:03:682] info: Apr-24 09:08:03.682 [SERVICE-WORKER] asset not found in an existing cache bucket https://a.slack-edge.com/bv1-13-br/gantry-v2-async-vendors-node_modules_shikijs_langs_dist_codeql_mjs.e0d78d7cecc1c5fed9b4.min.js 
{
  "versionId": 1
}
[04/24/26, 09:08:03:682] info: Apr-24 09:08:03.682 [SERVICE-WORKER] asset not found in an existing cache bucket https://a.slack-edge.com/bv1-13-br/gantry-v2-async-vendors-node_modules_shikijs_langs_dist_coffee_mjs.f2f75867dcc44e197185.min.js 
{
  "versionId": 1
}
[04/24/26, 09:08:03:682] info: Apr-24 09:08:03.682 [SERVICE-WORKER] asset not found in an existing cache bucket https://a.slack-edge.com/bv1-13-br/gantry-v2-async-vendors-node_modules_shikijs_langs_dist_common-lisp_mjs.a85b7aa8589fef2a4d85.min.js 
{
  "versionId": 1
}
[04/24/26, 09:08:03:682] info: Apr-24 09:08:03.682 [SERVICE-WORKER] asset not found in an existing cache bucket https://a.slack-edge.com/bv1-13-br/gantry-v2-async-node_modules_shikijs_langs_dist_coq_mjs.fa335bb4e6f69605a48e.min.js 
{
  "versionId": 1
}
[04/24/26, 09:08:03:683] info: Apr-24 09:08:03.682 [SERVICE-WORKER] asset not found in an existing cache bucket https://a.slack-edge.com/bv1-13-br/gantry-v2-async-vendors-node_modules_shikijs_langs_dist_cpp_mjs.d2eeb15221c1727915af.min.js 
{
  "versionId": 1
}
[04/24/26, 09:08:03:683] info: Apr-24 09:08:03.682 [SERVICE-WORKER] asset not found in an existing cache bucket https://a.slack-edge.com/bv1-13-br/gantry-v2-async-vendors-node_modules_shikijs_langs_dist_crystal_mjs.efb6f0f0f4c1add53b4c.min.js 
{
  "versionId": 1
}
[04/24/26, 09:08:03:683] info: Apr-24 09:08:03.682 [SERVICE-WORKER] asset not found in an existing cache bucket https://a.slack-edge.com/bv1-13-br/gantry-v2-async-vendors-node_modules_shikijs_langs_dist_csharp_mjs.83626f685485a613e73e.min.js 
{
  "versionId": 1
}
[04/24/26, 09:08:03:683] info: Apr-24 09:08:03.682 [SERVICE-WORKER] asset not found in an existing cache bucket https://a.slack-edge.com/bv1-13-br/gantry-v2-async-node_modules_shikijs_langs_dist_csv_mjs.c9d7580a76d0b11abdd3.min.js 
{
  "versionId": 1
}
[04/24/26, 09:08:03:683] info: Apr-24 09:08:03.683 [SERVICE-WORKER] asset not found in an existing cache bucket https://a.slack-edge.com/bv1-13-br/gantry-v2-async-node_modules_shikijs_langs_dist_cue_mjs.c9df26c979127162e4e3.min.js 
{
  "versionId": 1
}
[04/24/26, 09:08:03:683] info: Apr-24 09:08:03.683 [SERVICE-WORKER] asset not found in an existing cache bucket https://a.slack-edge.com/bv1-13-br/gantry-v2-async-node_modules_shikijs_langs_dist_cypher_mjs.f87634dd34145cf23fa7.min.js 
{
  "versionId": 1
}
[04/24/26, 09:08:03:683] info: Apr-24 09:08:03.683 [SERVICE-WORKER] asset not found in an existing cache bucket https://a.slack-edge.com/bv1-13-br/gantry-v2-async-vendors-node_modules_shikijs_langs_dist_d_mjs.4735c74fddea46dde7b3.min.js 
{
  "versionId": 1
}
[04/24/26, 09:08:03:684] info: Apr-24 09:08:03.683 [SERVICE-WORKER] asset not found in an existing cache bucket https://a.slack-edge.com/bv1-13-br/gantry-v2-async-node_modules_shikijs_langs_dist_dart_mjs.57a0e095dd3f2894dec2.min.js 
{
  "versionId": 1
}
[04/24/26, 09:08:03:684] info: Apr-24 09:08:03.683 [SERVICE-WORKER] asset not found in an existing cache bucket https://a.slack-edge.com/bv1-13-br/gantry-v2-async-node_modules_shikijs_langs_dist_dax_mjs.40132d8aa879826da7d7.min.js 
{
  "versionId": 1
}
[04/24/26, 09:08:03:684] info: Apr-24 09:08:03.683 [SERVICE-WORKER] asset not found in an existing cache bucket https://a.slack-edge.com/bv1-13-br/gantry-v2-async-node_modules_shikijs_langs_dist_desktop_mjs.deec249084fabb6196d1.min.js 
{
  "versionId": 1
}
[04/24/26, 09:08:03:684] info: Apr-24 09:08:03.683 [SERVICE-WORKER] asset not found in an existing cache bucket https://a.slack-edge.com/bv1-13-br/gantry-v2-async-node_modules_shikijs_langs_dist_diff_mjs.5ca651fbbf2948cdc0e7.min.js 
{
  "versionId": 1
}
[04/24/26, 09:08:03:684] info: Apr-24 09:08:03.683 [SERVICE-WORKER] asset not found in an existing cache bucket https://a.slack-edge.com/bv1-13-br/gantry-v2-async-node_modules_shikijs_langs_dist_docker_mjs.805059c12a2bf52f59c1.min.js 
{
  "versionId": 1
}
[04/24/26, 09:08:03:684] info: Apr-24 09:08:03.684 [SERVICE-WORKER] asset not found in an existing cache bucket https://a.slack-edge.com/bv1-13-br/gantry-v2-async-node_modules_shikijs_langs_dist_dotenv_mjs.2bf7460e84fced9e6321.min.js 
{
  "versionId": 1
}
[04/24/26, 09:08:03:684] info: Apr-24 09:08:03.684 [SERVICE-WORKER] asset not found in an existing cache bucket https://a.slack-edge.com/bv1-13-br/gantry-v2-async-node_modules_shikijs_langs_dist_dream-maker_mjs.a1559576b91e67e939e5.min.js 
{
  "versionId": 1
}
[04/24/26, 09:08:03:685] info: Apr-24 09:08:03.684 [SERVICE-WORKER] asset not found in an existing cache bucket https://a.slack-edge.com/bv1-13-br/gantry-v2-async-node_modules_shikijs_langs_dist_edge_mjs.f42afcc4402fcd5ed1f2.min.js 
{
  "versionId": 1
}
[04/24/26, 09:08:03:685] info: Apr-24 09:08:03.684 [SERVICE-WORKER] asset not found in an existing cache bucket https://a.slack-edge.com/bv1-13-br/gantry-v2-async-node_modules_shikijs_langs_dist_elixir_mjs.23585cdca7b9e8c1154d.min.js 
{
  "versionId": 1
}
[04/24/26, 09:08:03:685] info: Apr-24 09:08:03.684 [SERVICE-WORKER] asset not found in an existing cache bucket https://a.slack-edge.com/bv1-13-br/gantry-v2-async-node_modules_shikijs_langs_dist_elm_mjs.5ae5bab997097500c659.min.js 
{
  "versionId": 1
}
[04/24/26, 09:08:03:685] info: Apr-24 09:08:03.684 [SERVICE-WORKER] asset not found in an existing cache bucket https://a.slack-edge.com/bv1-13-br/gantry-v2-async-vendors-node_modules_shikijs_langs_dist_emacs-lisp_mjs.9f08083669cf4fcd8ce9.min.js 
{
  "versionId": 1
}
[04/24/26, 09:08:03:685] info: Apr-24 09:08:03.684 [SERVICE-WORKER] asset not found in an existing cache bucket https://a.slack-edge.com/bv1-13-br/gantry-v2-async-node_modules_shikijs_langs_dist_erb_mjs.89a4a9937cb7c73e019b.min.js 
{
  "versionId": 1
}
[04/24/26, 09:08:03:685] info: Apr-24 09:08:03.684 [SERVICE-WORKER] asset not found in an existing cache bucket https://a.slack-edge.com/bv1-13-br/gantry-v2-async-vendors-node_modules_shikijs_langs_dist_erlang_mjs.56b20857398fbf1956f9.min.js 
{
  "versionId": 1
}
[04/24/26, 09:08:03:685] info: Apr-24 09:08:03.685 [SERVICE-WORKER] asset not found in an existing cache bucket https://a.slack-edge.com/bv1-13-br/gantry-v2-async-node_modules_shikijs_langs_dist_fennel_mjs.fc2f3a7fc87692578c3f.min.js 
{
  "versionId": 1
}
[04/24/26, 09:08:03:686] info: Apr-24 09:08:03.685 [SERVICE-WORKER] asset not found in an existing cache bucket https://a.slack-edge.com/bv1-13-br/gantry-v2-async-node_modules_shikijs_langs_dist_fish_mjs.8f1338681e8d8454452d.min.js 
{
  "versionId": 1
}
[04/24/26, 09:08:03:686] info: Apr-24 09:08:03.685 [SERVICE-WORKER] asset not found in an existing cache bucket https://a.slack-edge.com/bv1-13-br/gantry-v2-async-node_modules_shikijs_langs_dist_fluent_mjs.f570e6e9e530211b3a0c.min.js 
{
  "versionId": 1
}
[04/24/26, 09:08:03:686] info: Apr-24 09:08:03.685 [SERVICE-WORKER] asset not found in an existing cache bucket https://a.slack-edge.com/bv1-13-br/gantry-v2-async-node_modules_shikijs_langs_dist_fortran-fixed-form_mjs.828031eb4dc5d3820457.min.js 
{
  "versionId": 1
}
[04/24/26, 09:08:03:686] info: Apr-24 09:08:03.685 [SERVICE-WORKER] asset not found in an existing cache bucket https://a.slack-edge.com/bv1-13-br/gantry-v2-async-vendors-node_modules_shikijs_langs_dist_fortran-free-form_mjs.b77ff694482ea440bed9.min.js 
{
  "versionId": 1
}
[04/24/26, 09:08:03:686] info: Apr-24 09:08:03.685 [SERVICE-WORKER] asset not found in an existing cache bucket https://a.slack-edge.com/bv1-13-br/gantry-v2-async-vendors-node_modules_shikijs_langs_dist_fsharp_mjs.0e3d5da0ab5a5b8cedf9.min.js 
{
  "versionId": 1
}
[04/24/26, 09:08:03:686] info: Apr-24 09:08:03.685 [SERVICE-WORKER] asset not found in an existing cache bucket https://a.slack-edge.com/bv1-13-br/gantry-v2-async-vendors-node_modules_shikijs_langs_dist_gdresource_mjs.6929d485f034ec6e9404.min.js 
{
  "versionId": 1
}
[04/24/26, 09:08:03:686] info: Apr-24 09:08:03.685 [SERVICE-WORKER] asset not found in an existing cache bucket https://a.slack-edge.com/bv1-13-br/gantry-v2-async-node_modules_shikijs_langs_dist_gdscript_mjs.7853f207ce4a5d5c7231.min.js 
{
  "versionId": 1
}
[04/24/26, 09:08:03:686] info: Apr-24 09:08:03.685 [SERVICE-WORKER] asset not found in an existing cache bucket https://a.slack-edge.com/bv1-13-br/gantry-v2-async-node_modules_shikijs_langs_dist_gdshader_mjs.fc1984f8389df6efe534.min.js 
{
  "versionId": 1
}
[04/24/26, 09:08:03:687] info: Apr-24 09:08:03.686 [SERVICE-WORKER] asset not found in an existing cache bucket https://a.slack-edge.com/bv1-13-br/gantry-v2-async-node_modules_shikijs_langs_dist_genie_mjs.a08b246a68cc8d0d62ca.min.js 
{
  "versionId": 1
}
[04/24/26, 09:08:03:687] info: Apr-24 09:08:03.686 [SERVICE-WORKER] asset not found in an existing cache bucket https://a.slack-edge.com/bv1-13-br/gantry-v2-async-node_modules_shikijs_langs_dist_gherkin_mjs.02b44e8df9ef39f84b73.min.js 
{
  "versionId": 1
}
[04/24/26, 09:08:03:687] info: Apr-24 09:08:03.686 [SERVICE-WORKER] asset not found in an existing cache bucket https://a.slack-edge.com/bv1-13-br/gantry-v2-async-node_modules_shikijs_langs_dist_git-commit_mjs.9ca51d4a505c182df98f.min.js 
{
  "versionId": 1
}
[04/24/26, 09:08:03:687] info: Apr-24 09:08:03.686 [SERVICE-WORKER] asset not found in an existing cache bucket https://a.slack-edge.com/bv1-13-br/gantry-v2-async-node_modules_shikijs_langs_dist_git-rebase_mjs.d9af9745d560989ea704.min.js 
{
  "versionId": 1
}
[04/24/26, 09:08:03:687] info: Apr-24 09:08:03.686 [SERVICE-WORKER] asset not found in an existing cache bucket https://a.slack-edge.com/bv1-13-br/gantry-v2-async-node_modules_shikijs_langs_dist_gleam_mjs.b98bc8ee201f1e2e5031.min.js 
{
  "versionId": 1
}
[04/24/26, 09:08:03:687] info: Apr-24 09:08:03.686 [SERVICE-WORKER] asset not found in an existing cache bucket https://a.slack-edge.com/bv1-13-br/gantry-v2-async-vendors-node_modules_shikijs_langs_dist_glimmer-js_mjs.db31de17fcbe4013dd14.min.js 
{
  "versionId": 1
}
[04/24/26, 09:08:03:688] info: Apr-24 09:08:03.686 [SERVICE-WORKER] asset not found in an existing cache bucket https://a.slack-edge.com/bv1-13-br/gantry-v2-async-vendors-node_modules_shikijs_langs_dist_glimmer-ts_mjs.1f990c3f0fc9252f933d.min.js 
{
  "versionId": 1
}
[04/24/26, 09:08:03:688] info: Apr-24 09:08:03.686 [SERVICE-WORKER] asset not found in an existing cache bucket https://a.slack-edge.com/bv1-13-br/gantry-v2-async-node_modules_shikijs_langs_dist_glsl_mjs.0144134ba1655b0713af.min.js 
{
  "versionId": 1
}
[04/24/26, 09:08:03:688] info: Apr-24 09:08:03.687 [SERVICE-WORKER] asset not found in an existing cache bucket https://a.slack-edge.com/bv1-13-br/gantry-v2-async-node_modules_shikijs_langs_dist_gn_mjs.33903d07be292e658973.min.js 
{
  "versionId": 1
}
[04/24/26, 09:08:03:688] info: Apr-24 09:08:03.687 [SERVICE-WORKER] asset not found in an existing cache bucket https://a.slack-edge.com/bv1-13-br/gantry-v2-async-node_modules_shikijs_langs_dist_gnuplot_mjs.81aefb468c58b1a5e75f.min.js 
{
  "versionId": 1
}
[04/24/26, 09:08:03:688] info: Apr-24 09:08:03.687 [SERVICE-WORKER] asset not found in an existing cache bucket https://a.slack-edge.com/bv1-13-br/gantry-v2-async-vendors-node_modules_shikijs_langs_dist_go_mjs.0eb153acb26ac806f8a7.min.js 
{
  "versionId": 1
}
[04/24/26, 09:08:03:688] info: Apr-24 09:08:03.687 [SERVICE-WORKER] asset not found in an existing cache bucket https://a.slack-edge.com/bv1-13-br/gantry-v2-async-vendors-node_modules_shikijs_langs_dist_graphql_mjs.8c539b6f4855469ac5b6.min.js 
{
  "versionId": 1
}
[04/24/26, 09:08:03:688] info: Apr-24 09:08:03.687 [SERVICE-WORKER] asset not found in an existing cache bucket https://a.slack-edge.com/bv1-13-br/gantry-v2-async-vendors-node_modules_shikijs_langs_dist_groovy_mjs.6a167fa13addbe14e10e.min.js 
{
  "versionId": 1
}
[04/24/26, 09:08:03:688] info: Apr-24 09:08:03.687 [SERVICE-WORKER] asset not found in an existing cache bucket https://a.slack-edge.com/bv1-13-br/gantry-v2-async-vendors-node_modules_shikijs_langs_dist_hack_mjs.52c2f8c9c86383981cff.min.js 
{
  "versionId": 1
}
[04/24/26, 09:08:03:688] info: Apr-24 09:08:03.687 [SERVICE-WORKER] asset not found in an existing cache bucket https://a.slack-edge.com/bv1-13-br/gantry-v2-async-node_modules_shikijs_langs_dist_haml_mjs.bf5bbfc6263a72e63da0.min.js 
{
  "versionId": 1
}
[04/24/26, 09:08:03:689] info: Apr-24 09:08:03.687 [SERVICE-WORKER] asset not found in an existing cache bucket https://a.slack-edge.com/bv1-13-br/gantry-v2-async-vendors-node_modules_shikijs_langs_dist_handlebars_mjs.18d77c710d125fe68c33.min.js 
{
  "versionId": 1
}
[04/24/26, 09:08:03:689] info: Apr-24 09:08:03.688 [SERVICE-WORKER] asset not found in an existing cache bucket https://a.slack-edge.com/bv1-13-br/gantry-v2-async-vendors-node_modules_shikijs_langs_dist_haskell_mjs.84fe9a729f708a241ecd.min.js 
{
  "versionId": 1
}
[04/24/26, 09:08:03:689] info: Apr-24 09:08:03.688 [SERVICE-WORKER] asset not found in an existing cache bucket https://a.slack-edge.com/bv1-13-br/gantry-v2-async-node_modules_shikijs_langs_dist_haxe_mjs.cd333bdca63b219e7d5c.min.js 
{
  "versionId": 1
}
[04/24/26, 09:08:03:689] info: Apr-24 09:08:03.688 [SERVICE-WORKER] asset not found in an existing cache bucket https://a.slack-edge.com/bv1-13-br/gantry-v2-async-node_modules_shikijs_langs_dist_hcl_mjs.539039e6fcee11419758.min.js 
{
  "versionId": 1
}
[04/24/26, 09:08:03:689] info: Apr-24 09:08:03.688 [SERVICE-WORKER] asset not found in an existing cache bucket https://a.slack-edge.com/bv1-13-br/gantry-v2-async-node_modules_shikijs_langs_dist_hjson_mjs.d690a94c1a9933fb1b8a.min.js 
{
  "versionId": 1
}
[04/24/26, 09:08:03:690] info: Apr-24 09:08:03.688 [SERVICE-WORKER] asset not found in an existing cache bucket https://a.slack-edge.com/bv1-13-br/gantry-v2-async-node_modules_shikijs_langs_dist_hlsl_mjs.0582ef41fee16bb35c59.min.js 
{
  "versionId": 1
}
[04/24/26, 09:08:03:690] info: Apr-24 09:08:03.688 [SERVICE-WORKER] asset not found in an existing cache bucket https://a.slack-edge.com/bv1-13-br/gantry-v2-async-node_modules_shikijs_langs_dist_html-derivative_mjs.1b82a4ac6332978880c9.min.js 
{
  "versionId": 1
}
[04/24/26, 09:08:03:691] info: Apr-24 09:08:03.688 [SERVICE-WORKER] asset not found in an existing cache bucket https://a.slack-edge.com/bv1-13-br/gantry-v2-async-node_modules_shikijs_langs_dist_http_mjs.47bec4aa874fb4a46a82.min.js 
{
  "versionId": 1
}
[04/24/26, 09:08:03:691] info: Apr-24 09:08:03.689 [SERVICE-WORKER] asset not found in an existing cache bucket https://a.slack-edge.com/bv1-13-br/gantry-v2-async-node_modules_shikijs_langs_dist_hurl_mjs.749dcb5e7346d267ae17.min.js 
{
  "versionId": 1
}
[04/24/26, 09:08:03:691] info: Apr-24 09:08:03.689 [SERVICE-WORKER] asset not found in an existing cache bucket https://a.slack-edge.com/bv1-13-br/gantry-v2-async-vendors-node_modules_shikijs_langs_dist_hxml_mjs.8cb8b01db6d7f3717db8.min.js 
{
  "versionId": 1
}
[04/24/26, 09:08:03:691] info: Apr-24 09:08:03.689 [SERVICE-WORKER] asset not found in an existing cache bucket https://a.slack-edge.com/bv1-13-br/gantry-v2-async-node_modules_shikijs_langs_dist_hy_mjs.16f3cb4d76f7034d4e8e.min.js 
{
  "versionId": 1
}
[04/24/26, 09:08:03:691] info: Apr-24 09:08:03.689 [SERVICE-WORKER] asset not found in an existing cache bucket https://a.slack-edge.com/bv1-13-br/gantry-v2-async-vendors-node_modules_shikijs_langs_dist_imba_mjs.eb82c810c0be7efc58a7.min.js 
{
  "versionId": 1
}
[04/24/26, 09:08:03:692] info: Apr-24 09:08:03.691 [SERVICE-WORKER] asset not found in an existing cache bucket https://a.slack-edge.com/bv1-13-br/gantry-v2-async-node_modules_shikijs_langs_dist_ini_mjs.f6dab4feeddcaeb4a633.min.js 
{
  "versionId": 1
}
[04/24/26, 09:08:03:692] info: Apr-24 09:08:03.691 [SERVICE-WORKER] asset not found in an existing cache bucket https://a.slack-edge.com/bv1-13-br/gantry-v2-async-node_modules_shikijs_langs_dist_jinja_mjs.087a0cf75ceb4324c9e6.min.js 
{
  "versionId": 1
}
[04/24/26, 09:08:03:692] info: Apr-24 09:08:03.691 [SERVICE-WORKER] asset not found in an existing cache bucket https://a.slack-edge.com/bv1-13-br/gantry-v2-async-node_modules_shikijs_langs_dist_jison_mjs.14c73223bef8bdd5d3c1.min.js 
{
  "versionId": 1
}
[04/24/26, 09:08:03:692] info: Apr-24 09:08:03.691 [SERVICE-WORKER] asset not found in an existing cache bucket https://a.slack-edge.com/bv1-13-br/gantry-v2-async-node_modules_shikijs_langs_dist_json_mjs.d85c3f38750d9017faf3.min.js 
{
  "versionId": 1
}
[04/24/26, 09:08:03:692] info: Apr-24 09:08:03.691 [SERVICE-WORKER] asset not found in an existing cache bucket https://a.slack-edge.com/bv1-13-br/gantry-v2-async-node_modules_shikijs_langs_dist_json5_mjs.506b7f44414cf6f6c262.min.js 
{
  "versionId": 1
}
[04/24/26, 09:08:03:692] info: Apr-24 09:08:03.691 [SERVICE-WORKER] asset not found in an existing cache bucket https://a.slack-edge.com/bv1-13-br/gantry-v2-async-node_modules_shikijs_langs_dist_jsonc_mjs.6dd53a97c38577482b09.min.js 
{
  "versionId": 1
}
[04/24/26, 09:08:03:693] info: Apr-24 09:08:03.692 [SERVICE-WORKER] asset not found in an existing cache bucket https://a.slack-edge.com/bv1-13-br/gantry-v2-async-node_modules_shikijs_langs_dist_jsonl_mjs.c1794c301e53ba5a69b9.min.js 
{
  "versionId": 1
}
[04/24/26, 09:08:03:693] info: Apr-24 09:08:03.692 [SERVICE-WORKER] asset not found in an existing cache bucket https://a.slack-edge.com/bv1-13-br/gantry-v2-async-node_modules_shikijs_langs_dist_jsonnet_mjs.e600d654fc3042c68020.min.js 
{
  "versionId": 1
}
[04/24/26, 09:08:03:693] info: Apr-24 09:08:03.692 [SERVICE-WORKER] asset not found in an existing cache bucket https://a.slack-edge.com/bv1-13-br/gantry-v2-async-node_modules_shikijs_langs_dist_jssm_mjs.daa57118b65596eb21c2.min.js 
{
  "versionId": 1
}
[04/24/26, 09:08:03:693] info: Apr-24 09:08:03.692 [SERVICE-WORKER] asset not found in an existing cache bucket https://a.slack-edge.com/bv1-13-br/gantry-v2-async-vendors-node_modules_shikijs_langs_dist_jsx_mjs.0969020e50ad5b24452b.min.js 
{
  "versionId": 1
}
[04/24/26, 09:08:03:693] info: Apr-24 09:08:03.692 [SERVICE-WORKER] asset not found in an existing cache bucket https://a.slack-edge.com/bv1-13-br/gantry-v2-async-vendors-node_modules_shikijs_langs_dist_julia_mjs.a76b4f3acf399ae602ef.min.js 
{
  "versionId": 1
}
[04/24/26, 09:08:03:693] info: Apr-24 09:08:03.692 [SERVICE-WORKER] asset not found in an existing cache bucket https://a.slack-edge.com/bv1-13-br/gantry-v2-async-node_modules_shikijs_langs_dist_just_mjs.d2b4ec6dd6d6bb36e187.min.js 
{
  "versionId": 1
}
[04/24/26, 09:08:03:693] info: Apr-24 09:08:03.692 [SERVICE-WORKER] asset not found in an existing cache bucket https://a.slack-edge.com/bv1-13-br/gantry-v2-async-node_modules_shikijs_langs_dist_kdl_mjs.d11e195a7766401cd913.min.js 
{
  "versionId": 1
}
[04/24/26, 09:08:03:693] info: Apr-24 09:08:03.692 [SERVICE-WORKER] asset not found in an existing cache bucket https://a.slack-edge.com/bv1-13-br/gantry-v2-async-node_modules_shikijs_langs_dist_kotlin_mjs.cc22ec5d30e0e46f1a9a.min.js 
{
  "versionId": 1
}
[04/24/26, 09:08:03:693] info: Apr-24 09:08:03.693 [SERVICE-WORKER] asset not found in an existing cache bucket https://a.slack-edge.com/bv1-13-br/gantry-v2-async-node_modules_shikijs_langs_dist_kusto_mjs.7bcbbe420e2f3f61db1d.min.js 
{
  "versionId": 1
}
[04/24/26, 09:08:03:694] info: Apr-24 09:08:03.693 [SERVICE-WORKER] asset not found in an existing cache bucket https://a.slack-edge.com/bv1-13-br/gantry-v2-async-vendors-node_modules_shikijs_langs_dist_latex_mjs.ad1f942ab749c31bbe3c.min.js 
{
  "versionId": 1
}
[04/24/26, 09:08:03:694] info: Apr-24 09:08:03.693 [SERVICE-WORKER] asset not found in an existing cache bucket https://a.slack-edge.com/bv1-13-br/gantry-v2-async-node_modules_shikijs_langs_dist_lean_mjs.2e7497d51c340683b0af.min.js 
{
  "versionId": 1
}
[04/24/26, 09:08:03:694] info: Apr-24 09:08:03.693 [SERVICE-WORKER] asset not found in an existing cache bucket https://a.slack-edge.com/bv1-13-br/gantry-v2-async-vendors-node_modules_shikijs_langs_dist_less_mjs.a507ce3367bd89f63720.min.js 
{
  "versionId": 1
}
[04/24/26, 09:08:03:694] info: Apr-24 09:08:03.693 [SERVICE-WORKER] asset not found in an existing cache bucket https://a.slack-edge.com/bv1-13-br/gantry-v2-async-vendors-node_modules_shikijs_langs_dist_liquid_mjs.d45e1517b829273f4183.min.js 
{
  "versionId": 1
}
[04/24/26, 09:08:03:694] info: Apr-24 09:08:03.693 [SERVICE-WORKER] asset not found in an existing cache bucket https://a.slack-edge.com/bv1-13-br/gantry-v2-async-node_modules_shikijs_langs_dist_llvm_mjs.0c6c75270aca29397211.min.js 
{
  "versionId": 1
}
[04/24/26, 09:08:03:694] info: Apr-24 09:08:03.693 [SERVICE-WORKER] asset not found in an existing cache bucket https://a.slack-edge.com/bv1-13-br/gantry-v2-async-node_modules_shikijs_langs_dist_log_mjs.3d8bc9871849987307f2.min.js 
{
  "versionId": 1
}
[04/24/26, 09:08:03:694] info: Apr-24 09:08:03.693 [SERVICE-WORKER] asset not found in an existing cache bucket https://a.slack-edge.com/bv1-13-br/gantry-v2-async-node_modules_shikijs_langs_dist_logo_mjs.33d3cc1fe2d3ea5e8ca7.min.js 
{
  "versionId": 1
}
[04/24/26, 09:08:03:694] info: Apr-24 09:08:03.693 [SERVICE-WORKER] asset not found in an existing cache bucket https://a.slack-edge.com/bv1-13-br/gantry-v2-async-node_modules_shikijs_langs_dist_lua_mjs.2d3b4c9dc7c181d51f18.min.js 
{
  "versionId": 1
}
[04/24/26, 09:08:03:695] info: Apr-24 09:08:03.694 [SERVICE-WORKER] asset not found in an existing cache bucket https://a.slack-edge.com/bv1-13-br/gantry-v2-async-node_modules_shikijs_langs_dist_luau_mjs.753b9b757156534eb6d8.min.js 
{
  "versionId": 1
}
[04/24/26, 09:08:03:695] info: Apr-24 09:08:03.694 [SERVICE-WORKER] asset not found in an existing cache bucket https://a.slack-edge.com/bv1-13-br/gantry-v2-async-node_modules_shikijs_langs_dist_make_mjs.ae9f50e2bc9259b061b3.min.js 
{
  "versionId": 1
}
[04/24/26, 09:08:03:695] info: Apr-24 09:08:03.694 [SERVICE-WORKER] asset not found in an existing cache bucket https://a.slack-edge.com/bv1-13-br/gantry-v2-async-vendors-node_modules_shikijs_langs_dist_markdown_mjs.d7caf73836e2356ff834.min.js 
{
  "versionId": 1
}
[04/24/26, 09:08:03:695] info: Apr-24 09:08:03.694 [SERVICE-WORKER] asset not found in an existing cache bucket https://a.slack-edge.com/bv1-13-br/gantry-v2-async-vendors-node_modules_shikijs_langs_dist_marko_mjs.b93ca4e988a1b7a3f1cd.min.js 
{
  "versionId": 1
}
[04/24/26, 09:08:03:695] info: Apr-24 09:08:03.694 [SERVICE-WORKER] asset not found in an existing cache bucket https://a.slack-edge.com/bv1-13-br/gantry-v2-async-node_modules_shikijs_langs_dist_matlab_mjs.74b91b63b0568adbf78e.min.js 
{
  "versionId": 1
}
[04/24/26, 09:08:03:695] info: Apr-24 09:08:03.694 [SERVICE-WORKER] asset not found in an existing cache bucket https://a.slack-edge.com/bv1-13-br/gantry-v2-async-vendors-node_modules_shikijs_langs_dist_mdc_mjs.61e9f5a903c20e31d934.min.js 
{
  "versionId": 1
}
[04/24/26, 09:08:03:695] info: Apr-24 09:08:03.694 [SERVICE-WORKER] asset not found in an existing cache bucket https://a.slack-edge.com/bv1-13-br/gantry-v2-async-vendors-node_modules_shikijs_langs_dist_mdx_mjs.2012a4d4d00980cd0b7b.min.js 
{
  "versionId": 1
}
[04/24/26, 09:08:03:695] info: Apr-24 09:08:03.694 [SERVICE-WORKER] asset not found in an existing cache bucket https://a.slack-edge.com/bv1-13-br/gantry-v2-async-vendors-node_modules_shikijs_langs_dist_mermaid_mjs.91beebc88ecae1e0eedd.min.js 
{
  "versionId": 1
}
[04/24/26, 09:08:03:696] info: Apr-24 09:08:03.694 [SERVICE-WORKER] asset not found in an existing cache bucket https://a.slack-edge.com/bv1-13-br/gantry-v2-async-node_modules_shikijs_langs_dist_mipsasm_mjs.7403bc4081ac389ce400.min.js 
{
  "versionId": 1
}
[04/24/26, 09:08:03:696] info: Apr-24 09:08:03.695 [SERVICE-WORKER] asset not found in an existing cache bucket https://a.slack-edge.com/bv1-13-br/gantry-v2-async-vendors-node_modules_shikijs_langs_dist_mojo_mjs.0203d1dfcf5f184cf87a.min.js 
{
  "versionId": 1
}
[04/24/26, 09:08:03:696] info: Apr-24 09:08:03.695 [SERVICE-WORKER] asset not found in an existing cache bucket https://a.slack-edge.com/bv1-13-br/gantry-v2-async-node_modules_shikijs_langs_dist_moonbit_mjs.e9648a96ce2a53c3e7e3.min.js 
{
  "versionId": 1
}
[04/24/26, 09:08:03:696] info: Apr-24 09:08:03.695 [SERVICE-WORKER] asset not found in an existing cache bucket https://a.slack-edge.com/bv1-13-br/gantry-v2-async-vendors-node_modules_shikijs_langs_dist_move_mjs.a691d1a4f401d4a0d91b.min.js 
{
  "versionId": 1
}
[04/24/26, 09:08:03:696] info: Apr-24 09:08:03.695 [SERVICE-WORKER] asset not found in an existing cache bucket https://a.slack-edge.com/bv1-13-br/gantry-v2-async-node_modules_shikijs_langs_dist_narrat_mjs.a723c8ffc74b4582b652.min.js 
{
  "versionId": 1
}
[04/24/26, 09:08:03:696] info: Apr-24 09:08:03.695 [SERVICE-WORKER] asset not found in an existing cache bucket https://a.slack-edge.com/bv1-13-br/gantry-v2-async-node_modules_shikijs_langs_dist_nextflow_mjs.4a4edc8bb81f2e095b47.min.js 
{
  "versionId": 1
}
[04/24/26, 09:08:03:696] info: Apr-24 09:08:03.695 [SERVICE-WORKER] asset not found in an existing cache bucket https://a.slack-edge.com/bv1-13-br/gantry-v2-async-node_modules_shikijs_langs_dist_nextflow-groovy_mjs.4c5ad228d2778e004301.min.js 
{
  "versionId": 1
}
[04/24/26, 09:08:03:696] info: Apr-24 09:08:03.695 [SERVICE-WORKER] asset not found in an existing cache bucket https://a.slack-edge.com/bv1-13-br/gantry-v2-async-vendors-node_modules_shikijs_langs_dist_nginx_mjs.446739e8b05e2ae926b2.min.js 
{
  "versionId": 1
}
[04/24/26, 09:08:03:696] info: Apr-24 09:08:03.695 [SERVICE-WORKER] asset not found in an existing cache bucket https://a.slack-edge.com/bv1-13-br/gantry-v2-async-vendors-node_modules_shikijs_langs_dist_nim_mjs.9921bab2997080e836df.min.js 
{
  "versionId": 1
}
[04/24/26, 09:08:03:696] info: Apr-24 09:08:03.696 [SERVICE-WORKER] asset not found in an existing cache bucket https://a.slack-edge.com/bv1-13-br/gantry-v2-async-node_modules_shikijs_langs_dist_nix_mjs.c98c56627009360b7615.min.js 
{
  "versionId": 1
}
[04/24/26, 09:08:03:696] info: Apr-24 09:08:03.696 [SERVICE-WORKER] asset not found in an existing cache bucket https://a.slack-edge.com/bv1-13-br/gantry-v2-async-vendors-node_modules_shikijs_langs_dist_nushell_mjs.684445dcb1b3a1ebe05a.min.js 
{
  "versionId": 1
}
[04/24/26, 09:08:03:696] info: Apr-24 09:08:03.696 [SERVICE-WORKER] asset not found in an existing cache bucket https://a.slack-edge.com/bv1-13-br/gantry-v2-async-vendors-node_modules_shikijs_langs_dist_objective-c_mjs.0d541b7c3128a10c04fe.min.js 
{
  "versionId": 1
}
[04/24/26, 09:08:03:697] info: Apr-24 09:08:03.696 [SERVICE-WORKER] asset not found in an existing cache bucket https://a.slack-edge.com/bv1-13-br/gantry-v2-async-vendors-node_modules_shikijs_langs_dist_objective-cpp_mjs.e79da796c2eff9012a06.min.js 
{
  "versionId": 1
}
[04/24/26, 09:08:03:697] info: Apr-24 09:08:03.696 [SERVICE-WORKER] asset not found in an existing cache bucket https://a.slack-edge.com/bv1-13-br/gantry-v2-async-vendors-node_modules_shikijs_langs_dist_ocaml_mjs.e184e8f8c93290c872a4.min.js 
{
  "versionId": 1
}
[04/24/26, 09:08:03:697] info: Apr-24 09:08:03.696 [SERVICE-WORKER] asset not found in an existing cache bucket https://a.slack-edge.com/bv1-13-br/gantry-v2-async-node_modules_shikijs_langs_dist_odin_mjs.d307a9d9e6caf5091f35.min.js 
{
  "versionId": 1
}
[04/24/26, 09:08:03:697] info: Apr-24 09:08:03.696 [SERVICE-WORKER] asset not found in an existing cache bucket https://a.slack-edge.com/bv1-13-br/gantry-v2-async-node_modules_shikijs_langs_dist_openscad_mjs.259bdf933296853a0f10.min.js 
{
  "versionId": 1
}
[04/24/26, 09:08:03:697] info: Apr-24 09:08:03.696 [SERVICE-WORKER] asset not found in an existing cache bucket https://a.slack-edge.com/bv1-13-br/gantry-v2-async-node_modules_shikijs_langs_dist_pascal_mjs.3c20b3ad826146942a4a.min.js 
{
  "versionId": 1
}
[04/24/26, 09:08:03:697] info: Apr-24 09:08:03.697 [SERVICE-WORKER] asset not found in an existing cache bucket https://a.slack-edge.com/bv1-13-br/gantry-v2-async-node_modules_shikijs_langs_dist_xml_mjs-_04f40.749b2f05b895299d181c.min.js 
{
  "versionId": 1
}
[04/24/26, 09:08:03:697] info: Apr-24 09:08:03.697 [SERVICE-WORKER] asset not found in an existing cache bucket https://a.slack-edge.com/bv1-13-br/gantry-v2-async-node_modules_shikijs_langs_dist_xml_mjs-_04f41.5c41597e12d2283b139d.min.js 
{
  "versionId": 1
}
[04/24/26, 09:08:03:697] info: Apr-24 09:08:03.697 [SERVICE-WORKER] asset not found in an existing cache bucket https://a.slack-edge.com/bv1-13-br/gantry-v2-async-node_modules_shikijs_langs_dist_pkl_mjs.e6f77ae387aa3cfed0bb.min.js 
{
  "versionId": 1
}
[04/24/26, 09:08:03:697] info: Apr-24 09:08:03.697 [SERVICE-WORKER] asset not found in an existing cache bucket https://a.slack-edge.com/bv1-13-br/gantry-v2-async-node_modules_shikijs_langs_dist_plsql_mjs.a89c386bb0c04fccfc58.min.js 
{
  "versionId": 1
}
[04/24/26, 09:08:03:697] info: Apr-24 09:08:03.697 [SERVICE-WORKER] asset not found in an existing cache bucket https://a.slack-edge.com/bv1-13-br/gantry-v2-async-node_modules_shikijs_langs_dist_po_mjs.0d40981c41d6644b9bd4.min.js 
{
  "versionId": 1
}
[04/24/26, 09:08:03:698] info: Apr-24 09:08:03.697 [SERVICE-WORKER] asset not found in an existing cache bucket https://a.slack-edge.com/bv1-13-br/gantry-v2-async-node_modules_shikijs_langs_dist_polar_mjs.d3152a0d2760d196d94a.min.js 
{
  "versionId": 1
}
[04/24/26, 09:08:03:698] info: Apr-24 09:08:03.697 [SERVICE-WORKER] asset not found in an existing cache bucket https://a.slack-edge.com/bv1-13-br/gantry-v2-async-node_modules_shikijs_langs_dist_postcss_mjs.9340ded91754b35dcc98.min.js 
{
  "versionId": 1
}
[04/24/26, 09:08:03:698] info: Apr-24 09:08:03.697 [SERVICE-WORKER] asset not found in an existing cache bucket https://a.slack-edge.com/bv1-13-br/gantry-v2-async-node_modules_shikijs_langs_dist_powerquery_mjs.ef152e3ea25b3cad83ed.min.js 
{
  "versionId": 1
}
[04/24/26, 09:08:03:698] info: Apr-24 09:08:03.698 [SERVICE-WORKER] asset not found in an existing cache bucket https://a.slack-edge.com/bv1-13-br/gantry-v2-async-vendors-node_modules_shikijs_langs_dist_powershell_mjs.f58a4334cb0a5a3de16c.min.js 
{
  "versionId": 1
}
[04/24/26, 09:08:03:698] info: Apr-24 09:08:03.698 [SERVICE-WORKER] asset not found in an existing cache bucket https://a.slack-edge.com/bv1-13-br/gantry-v2-async-node_modules_shikijs_langs_dist_prisma_mjs.57dac9fdc819ca77295a.min.js 
{
  "versionId": 1
}
[04/24/26, 09:08:03:698] info: Apr-24 09:08:03.698 [SERVICE-WORKER] asset not found in an existing cache bucket https://a.slack-edge.com/bv1-13-br/gantry-v2-async-node_modules_shikijs_langs_dist_prolog_mjs.ebeb87fce15652e88ab4.min.js 
{
  "versionId": 1
}
[04/24/26, 09:08:03:698] info: Apr-24 09:08:03.698 [SERVICE-WORKER] asset not found in an existing cache bucket https://a.slack-edge.com/bv1-13-br/gantry-v2-async-node_modules_shikijs_langs_dist_proto_mjs.168f5ea10912dbc639af.min.js 
{
  "versionId": 1
}
[04/24/26, 09:08:03:698] info: Apr-24 09:08:03.698 [SERVICE-WORKER] asset not found in an existing cache bucket https://a.slack-edge.com/bv1-13-br/gantry-v2-async-node_modules_shikijs_langs_dist_pug_mjs.0b3e2efcc2acb1e23d7a.min.js 
{
  "versionId": 1
}
[04/24/26, 09:08:03:698] info: Apr-24 09:08:03.698 [SERVICE-WORKER] asset not found in an existing cache bucket https://a.slack-edge.com/bv1-13-br/gantry-v2-async-node_modules_shikijs_langs_dist_puppet_mjs.94ccf62c64383a8e552c.min.js 
{
  "versionId": 1
}
[04/24/26, 09:08:03:699] info: Apr-24 09:08:03.698 [SERVICE-WORKER] asset not found in an existing cache bucket https://a.slack-edge.com/bv1-13-br/gantry-v2-async-vendors-node_modules_shikijs_langs_dist_purescript_mjs.5025f8e7e9a8fc183273.min.js 
{
  "versionId": 1
}
[04/24/26, 09:08:03:699] info: Apr-24 09:08:03.698 [SERVICE-WORKER] asset not found in an existing cache bucket https://a.slack-edge.com/bv1-13-br/gantry-v2-async-vendors-node_modules_shikijs_langs_dist_python_mjs.3ea4c76a3d3a1533512f.min.js 
{
  "versionId": 1
}
[04/24/26, 09:08:03:699] info: Apr-24 09:08:03.699 [SERVICE-WORKER] asset not found in an existing cache bucket https://a.slack-edge.com/bv1-13-br/gantry-v2-async-node_modules_shikijs_langs_dist_qml_mjs.3e2de53dd3b8e79ca26f.min.js 
{
  "versionId": 1
}
[04/24/26, 09:08:03:699] info: Apr-24 09:08:03.699 [SERVICE-WORKER] asset not found in an existing cache bucket https://a.slack-edge.com/bv1-13-br/gantry-v2-async-node_modules_shikijs_langs_dist_qmldir_mjs.41cb349a85449b5f3da0.min.js 
{
  "versionId": 1
}
[04/24/26, 09:08:03:699] info: Apr-24 09:08:03.699 [SERVICE-WORKER] asset not found in an existing cache bucket https://a.slack-edge.com/bv1-13-br/gantry-v2-async-node_modules_shikijs_langs_dist_qss_mjs.3ff873fee3828c12f37e.min.js 
{
  "versionId": 1
}
[04/24/26, 09:08:03:699] info: Apr-24 09:08:03.699 [SERVICE-WORKER] asset not found in an existing cache bucket https://a.slack-edge.com/bv1-13-br/gantry-v2-async-node_modules_shikijs_langs_dist_r_mjs.15f93068d9f952b0cdc9.min.js 
{
  "versionId": 1
}
[04/24/26, 09:08:03:700] info: Apr-24 09:08:03.699 [SERVICE-WORKER] asset not found in an existing cache bucket https://a.slack-edge.com/bv1-13-br/gantry-v2-async-vendors-node_modules_shikijs_langs_dist_racket_mjs.2214c759b0a9686a7669.min.js 
{
  "versionId": 1
}
[04/24/26, 09:08:03:700] info: Apr-24 09:08:03.699 [SERVICE-WORKER] asset not found in an existing cache bucket https://a.slack-edge.com/bv1-13-br/gantry-v2-async-node_modules_shikijs_langs_dist_raku_mjs.95dcda4638ee2fe2f172.min.js 
{
  "versionId": 1
}
[04/24/26, 09:08:03:700] info: Apr-24 09:08:03.699 [SERVICE-WORKER] asset not found in an existing cache bucket https://a.slack-edge.com/bv1-13-br/gantry-v2-async-vendors-node_modules_shikijs_langs_dist_razor_mjs.6b2f9faf1c54a87536bd.min.js 
{
  "versionId": 1
}
[04/24/26, 09:08:03:700] info: Apr-24 09:08:03.699 [SERVICE-WORKER] asset not found in an existing cache bucket https://a.slack-edge.com/bv1-13-br/gantry-v2-async-node_modules_shikijs_langs_dist_reg_mjs.c25785d2d25d567966c0.min.js 
{
  "versionId": 1
}
[04/24/26, 09:08:03:700] info: Apr-24 09:08:03.699 [SERVICE-WORKER] asset not found in an existing cache bucket https://a.slack-edge.com/bv1-13-br/gantry-v2-async-node_modules_shikijs_langs_dist_regexp_mjs.67e49993d3376b1195d6.min.js 
{
  "versionId": 1
}
[04/24/26, 09:08:03:700] info: Apr-24 09:08:03.699 [SERVICE-WORKER] asset not found in an existing cache bucket https://a.slack-edge.com/bv1-13-br/gantry-v2-async-node_modules_shikijs_langs_dist_rel_mjs.a9bf794b389b0ec1e7d6.min.js 
{
  "versionId": 1
}
[04/24/26, 09:08:03:700] info: Apr-24 09:08:03.700 [SERVICE-WORKER] asset not found in an existing cache bucket https://a.slack-edge.com/bv1-13-br/gantry-v2-async-node_modules_shikijs_langs_dist_riscv_mjs.0012af0f96ffea53be79.min.js 
{
  "versionId": 1
}
[04/24/26, 09:08:03:701] info: Apr-24 09:08:03.700 [SERVICE-WORKER] asset not found in an existing cache bucket https://a.slack-edge.com/bv1-13-br/gantry-v2-async-node_modules_shikijs_langs_dist_ron_mjs.32a76278a4426756b698.min.js 
{
  "versionId": 1
}
[04/24/26, 09:08:03:701] info: Apr-24 09:08:03.700 [SERVICE-WORKER] asset not found in an existing cache bucket https://a.slack-edge.com/bv1-13-br/gantry-v2-async-node_modules_shikijs_langs_dist_rosmsg_mjs.ed825a4d906542a6ad7d.min.js 
{
  "versionId": 1
}
[04/24/26, 09:08:03:701] info: Apr-24 09:08:03.700 [SERVICE-WORKER] asset not found in an existing cache bucket https://a.slack-edge.com/bv1-13-br/gantry-v2-async-vendors-node_modules_shikijs_langs_dist_rst_mjs.5110c9df912092b29e5c.min.js 
{
  "versionId": 1
}
[04/24/26, 09:08:03:701] info: Apr-24 09:08:03.700 [SERVICE-WORKER] asset not found in an existing cache bucket https://a.slack-edge.com/bv1-13-br/gantry-v2-async-vendors-node_modules_shikijs_langs_dist_ruby_mjs.cb1fa8ac7bed144dcd36.min.js 
{
  "versionId": 1
}
[04/24/26, 09:08:03:701] info: Apr-24 09:08:03.700 [SERVICE-WORKER] asset not found in an existing cache bucket https://a.slack-edge.com/bv1-13-br/gantry-v2-async-node_modules_shikijs_langs_dist_rust_mjs.51b3966aa7d9c3de0188.min.js 
{
  "versionId": 1
}
[04/24/26, 09:08:03:701] info: Apr-24 09:08:03.700 [SERVICE-WORKER] asset not found in an existing cache bucket https://a.slack-edge.com/bv1-13-br/gantry-v2-async-node_modules_shikijs_langs_dist_sas_mjs.fa04d810d5a38863bd06.min.js 
{
  "versionId": 1
}
[04/24/26, 09:08:03:701] info: Apr-24 09:08:03.700 [SERVICE-WORKER] asset not found in an existing cache bucket https://a.slack-edge.com/bv1-13-br/gantry-v2-async-node_modules_shikijs_langs_dist_sass_mjs.f5292e08b38c5c3260fe.min.js 
{
  "versionId": 1
}
[04/24/26, 09:08:03:702] info: Apr-24 09:08:03.700 [SERVICE-WORKER] asset not found in an existing cache bucket https://a.slack-edge.com/bv1-13-br/gantry-v2-async-vendors-node_modules_shikijs_langs_dist_scala_mjs.d481443f940f325d662d.min.js 
{
  "versionId": 1
}
[04/24/26, 09:08:03:702] info: Apr-24 09:08:03.700 [SERVICE-WORKER] asset not found in an existing cache bucket https://a.slack-edge.com/bv1-13-br/gantry-v2-async-node_modules_shikijs_langs_dist_scheme_mjs.f7cf4d5378af16a35fb4.min.js 
{
  "versionId": 1
}
[04/24/26, 09:08:03:702] info: Apr-24 09:08:03.701 [SERVICE-WORKER] asset not found in an existing cache bucket https://a.slack-edge.com/bv1-13-br/gantry-v2-async-vendors-node_modules_shikijs_langs_dist_scss_mjs.0ca56b673c65647a083f.min.js 
{
  "versionId": 1
}
[04/24/26, 09:08:03:702] info: Apr-24 09:08:03.701 [SERVICE-WORKER] asset not found in an existing cache bucket https://a.slack-edge.com/bv1-13-br/gantry-v2-async-node_modules_shikijs_langs_dist_sdbl_mjs.3ee03ce49f34ec810cf7.min.js 
{
  "versionId": 1
}
[04/24/26, 09:08:03:702] info: Apr-24 09:08:03.701 [SERVICE-WORKER] asset not found in an existing cache bucket https://a.slack-edge.com/bv1-13-br/gantry-v2-async-node_modules_shikijs_langs_dist_shaderlab_mjs.831501ba0dd221264f62.min.js 
{
  "versionId": 1
}
[04/24/26, 09:08:03:702] info: Apr-24 09:08:03.701 [SERVICE-WORKER] asset not found in an existing cache bucket https://a.slack-edge.com/bv1-13-br/gantry-v2-async-vendors-node_modules_shikijs_langs_dist_shellscript_mjs.f20ca4836bfa451e412a.min.js 
{
  "versionId": 1
}
[04/24/26, 09:08:03:702] info: Apr-24 09:08:03.701 [SERVICE-WORKER] asset not found in an existing cache bucket https://a.slack-edge.com/bv1-13-br/gantry-v2-async-node_modules_shikijs_langs_dist_shellsession_mjs.34f50a7b893684fe3159.min.js 
{
  "versionId": 1
}
[04/24/26, 09:08:03:702] info: Apr-24 09:08:03.701 [SERVICE-WORKER] asset not found in an existing cache bucket https://a.slack-edge.com/bv1-13-br/gantry-v2-async-node_modules_shikijs_langs_dist_smalltalk_mjs.18e64b5e6c7f2ca65744.min.js 
{
  "versionId": 1
}
[04/24/26, 09:08:03:702] info: Apr-24 09:08:03.701 [SERVICE-WORKER] asset not found in an existing cache bucket https://a.slack-edge.com/bv1-13-br/gantry-v2-async-node_modules_shikijs_langs_dist_solidity_mjs.1e154edc9bf3e386ff0b.min.js 
{
  "versionId": 1
}
[04/24/26, 09:08:03:702] info: Apr-24 09:08:03.701 [SERVICE-WORKER] asset not found in an existing cache bucket https://a.slack-edge.com/bv1-13-br/gantry-v2-async-node_modules_shikijs_langs_dist_soy_mjs.64cb129eaa106aae6454.min.js 
{
  "versionId": 1
}
[04/24/26, 09:08:03:703] info: Apr-24 09:08:03.701 [SERVICE-WORKER] asset not found in an existing cache bucket https://a.slack-edge.com/bv1-13-br/gantry-v2-async-node_modules_shikijs_langs_dist_sparql_mjs.3c79bb234ab21a0b6987.min.js 
{
  "versionId": 1
}
[04/24/26, 09:08:03:703] info: Apr-24 09:08:03.702 [SERVICE-WORKER] asset not found in an existing cache bucket https://a.slack-edge.com/bv1-13-br/gantry-v2-async-node_modules_shikijs_langs_dist_splunk_mjs.f6d57ad73ebcbcf6ae20.min.js 
{
  "versionId": 1
}
[04/24/26, 09:08:03:703] info: Apr-24 09:08:03.702 [SERVICE-WORKER] asset not found in an existing cache bucket https://a.slack-edge.com/bv1-13-br/gantry-v2-async-node_modules_shikijs_langs_dist_ssh-config_mjs.c848bd36ec9a637311fd.min.js 
{
  "versionId": 1
}
[04/24/26, 09:08:03:703] info: Apr-24 09:08:03.702 [SERVICE-WORKER] asset not found in an existing cache bucket https://a.slack-edge.com/bv1-13-br/gantry-v2-async-vendors-node_modules_shikijs_langs_dist_stata_mjs.7a9ae872397b136f22a3.min.js 
{
  "versionId": 1
}
[04/24/26, 09:08:03:703] info: Apr-24 09:08:03.702 [SERVICE-WORKER] asset not found in an existing cache bucket https://a.slack-edge.com/bv1-13-br/gantry-v2-async-vendors-node_modules_shikijs_langs_dist_stylus_mjs.d443f4e0489f4f23d744.min.js 
{
  "versionId": 1
}
[04/24/26, 09:08:03:703] info: Apr-24 09:08:03.702 [SERVICE-WORKER] asset not found in an existing cache bucket https://a.slack-edge.com/bv1-13-br/gantry-v2-async-vendors-node_modules_shikijs_langs_dist_surrealql_mjs.0c992ae22e83adcd7c5e.min.js 
{
  "versionId": 1
}
[04/24/26, 09:08:03:703] info: Apr-24 09:08:03.702 [SERVICE-WORKER] asset not found in an existing cache bucket https://a.slack-edge.com/bv1-13-br/gantry-v2-async-vendors-node_modules_shikijs_langs_dist_svelte_mjs.78c0a0b0772a2fdebb20.min.js 
{
  "versionId": 1
}
[04/24/26, 09:08:03:703] info: Apr-24 09:08:03.702 [SERVICE-WORKER] asset not found in an existing cache bucket https://a.slack-edge.com/bv1-13-br/gantry-v2-async-vendors-node_modules_shikijs_langs_dist_swift_mjs.d81d14114a15aaf6db62.min.js 
{
  "versionId": 1
}
[04/24/26, 09:08:03:704] info: Apr-24 09:08:03.702 [SERVICE-WORKER] asset not found in an existing cache bucket https://a.slack-edge.com/bv1-13-br/gantry-v2-async-vendors-node_modules_shikijs_langs_dist_system-verilog_mjs.388a150a058abb9ecf86.min.js 
{
  "versionId": 1
}
[04/24/26, 09:08:03:704] info: Apr-24 09:08:03.702 [SERVICE-WORKER] asset not found in an existing cache bucket https://a.slack-edge.com/bv1-13-br/gantry-v2-async-node_modules_shikijs_langs_dist_systemd_mjs.43ce92c09f3c7e2ace65.min.js 
{
  "versionId": 1
}
[04/24/26, 09:08:03:704] info: Apr-24 09:08:03.702 [SERVICE-WORKER] asset not found in an existing cache bucket https://a.slack-edge.com/bv1-13-br/gantry-v2-async-node_modules_shikijs_langs_dist_talonscript_mjs.f8387d92f26b499287a6.min.js 
{
  "versionId": 1
}
[04/24/26, 09:08:03:704] info: Apr-24 09:08:03.703 [SERVICE-WORKER] asset not found in an existing cache bucket https://a.slack-edge.com/bv1-13-br/gantry-v2-async-node_modules_shikijs_langs_dist_tasl_mjs.071199233f79d796dbfd.min.js 
{
  "versionId": 1
}
[04/24/26, 09:08:03:704] info: Apr-24 09:08:03.704 [SERVICE-WORKER] asset not found in an existing cache bucket https://a.slack-edge.com/bv1-13-br/gantry-v2-async-node_modules_shikijs_langs_dist_tcl_mjs.3d5ddc4f1806f5e700f6.min.js 
{
  "versionId": 1
}
[04/24/26, 09:08:03:704] info: Apr-24 09:08:03.704 [SERVICE-WORKER] asset not found in an existing cache bucket https://a.slack-edge.com/bv1-13-br/gantry-v2-async-vendors-node_modules_shikijs_langs_dist_templ_mjs.c5b3b36aa05f2b4af7a4.min.js 
{
  "versionId": 1
}
[04/24/26, 09:08:03:704] info: Apr-24 09:08:03.704 [SERVICE-WORKER] asset not found in an existing cache bucket https://a.slack-edge.com/bv1-13-br/gantry-v2-async-node_modules_shikijs_langs_dist_terraform_mjs.c54c3dd0dd8332b9c0fb.min.js 
{
  "versionId": 1
}
[04/24/26, 09:08:03:704] info: Apr-24 09:08:03.704 [SERVICE-WORKER] asset not found in an existing cache bucket https://a.slack-edge.com/bv1-13-br/gantry-v2-async-node_modules_shikijs_langs_dist_tex_mjs.d918f17aa0794c55047b.min.js 
{
  "versionId": 1
}
[04/24/26, 09:08:03:705] info: Apr-24 09:08:03.704 [SERVICE-WORKER] asset not found in an existing cache bucket https://a.slack-edge.com/bv1-13-br/gantry-v2-async-node_modules_shikijs_langs_dist_toml_mjs.3e7e1c4342e763d212dd.min.js 
{
  "versionId": 1
}
[04/24/26, 09:08:03:705] info: Apr-24 09:08:03.704 [SERVICE-WORKER] asset not found in an existing cache bucket https://a.slack-edge.com/bv1-13-br/gantry-v2-async-vendors-node_modules_shikijs_langs_dist_ts-tags_mjs.d17108114bb93f4e8130.min.js 
{
  "versionId": 1
}
[04/24/26, 09:08:03:705] info: Apr-24 09:08:03.704 [SERVICE-WORKER] asset not found in an existing cache bucket https://a.slack-edge.com/bv1-13-br/gantry-v2-async-node_modules_shikijs_langs_dist_tsv_mjs.e57762494ced271e2bde.min.js 
{
  "versionId": 1
}
[04/24/26, 09:08:03:705] info: Apr-24 09:08:03.704 [SERVICE-WORKER] asset not found in an existing cache bucket https://a.slack-edge.com/bv1-13-br/gantry-v2-async-vendors-node_modules_shikijs_langs_dist_tsx_mjs.847ef0a7867979b3eb80.min.js 
{
  "versionId": 1
}
[04/24/26, 09:08:03:705] info: Apr-24 09:08:03.704 [SERVICE-WORKER] asset not found in an existing cache bucket https://a.slack-edge.com/bv1-13-br/gantry-v2-async-node_modules_shikijs_langs_dist_turtle_mjs.bf8ea93eb1c729ea2e0f.min.js 
{
  "versionId": 1
}
[04/24/26, 09:08:03:705] info: Apr-24 09:08:03.705 [SERVICE-WORKER] asset not found in an existing cache bucket https://a.slack-edge.com/bv1-13-br/gantry-v2-async-vendors-node_modules_shikijs_langs_dist_twig_mjs.3de6da3c6d85547c9d7c.min.js 
{
  "versionId": 1
}
[04/24/26, 09:08:03:705] info: Apr-24 09:08:03.705 [SERVICE-WORKER] asset not found in an existing cache bucket https://a.slack-edge.com/bv1-13-br/gantry-v2-async-vendors-node_modules_shikijs_langs_dist_typespec_mjs.40543de080f83ca69a03.min.js 
{
  "versionId": 1
}
[04/24/26, 09:08:03:705] info: Apr-24 09:08:03.705 [SERVICE-WORKER] asset not found in an existing cache bucket https://a.slack-edge.com/bv1-13-br/gantry-v2-async-node_modules_shikijs_langs_dist_typst_mjs.bab557faed40c2e9484b.min.js 
{
  "versionId": 1
}
[04/24/26, 09:08:03:705] info: Apr-24 09:08:03.705 [SERVICE-WORKER] asset not found in an existing cache bucket https://a.slack-edge.com/bv1-13-br/gantry-v2-async-node_modules_shikijs_langs_dist_v_mjs.7b58c4978c827d190a80.min.js 
{
  "versionId": 1
}
[04/24/26, 09:08:03:705] info: Apr-24 09:08:03.705 [SERVICE-WORKER] asset not found in an existing cache bucket https://a.slack-edge.com/bv1-13-br/gantry-v2-async-node_modules_shikijs_langs_dist_vala_mjs.c1a7c322b098c8c12cae.min.js 
{
  "versionId": 1
}
[04/24/26, 09:08:03:706] info: Apr-24 09:08:03.705 [SERVICE-WORKER] asset not found in an existing cache bucket https://a.slack-edge.com/bv1-13-br/gantry-v2-async-node_modules_shikijs_langs_dist_vb_mjs.d39067fc6e7a06dfb036.min.js 
{
  "versionId": 1
}
[04/24/26, 09:08:03:706] info: Apr-24 09:08:03.705 [SERVICE-WORKER] asset not found in an existing cache bucket https://a.slack-edge.com/bv1-13-br/gantry-v2-async-node_modules_shikijs_langs_dist_verilog_mjs.d50289fa6da842f9bc6a.min.js 
{
  "versionId": 1
}
[04/24/26, 09:08:03:706] info: Apr-24 09:08:03.705 [SERVICE-WORKER] asset not found in an existing cache bucket https://a.slack-edge.com/bv1-13-br/gantry-v2-async-vendors-node_modules_shikijs_langs_dist_vhdl_mjs.49f89c29d55f2632a017.min.js 
{
  "versionId": 1
}
[04/24/26, 09:08:03:706] info: Apr-24 09:08:03.705 [SERVICE-WORKER] asset not found in an existing cache bucket https://a.slack-edge.com/bv1-13-br/gantry-v2-async-vendors-node_modules_shikijs_langs_dist_viml_mjs.4d7bfb7179805ebf8b91.min.js 
{
  "versionId": 1
}
[04/24/26, 09:08:03:706] info: Apr-24 09:08:03.706 [SERVICE-WORKER] asset not found in an existing cache bucket https://a.slack-edge.com/bv1-13-br/gantry-v2-async-vendors-node_modules_shikijs_langs_dist_vue_mjs.2cf40c0653f588d3392a.min.js 
{
  "versionId": 1
}
[04/24/26, 09:08:03:706] info: Apr-24 09:08:03.706 [SERVICE-WORKER] asset not found in an existing cache bucket https://a.slack-edge.com/bv1-13-br/gantry-v2-async-node_modules_shikijs_langs_dist_vue-html_mjs.9a6d28591c6876569bba.min.js 
{
  "versionId": 1
}
[04/24/26, 09:08:03:706] info: Apr-24 09:08:03.706 [SERVICE-WORKER] asset not found in an existing cache bucket https://a.slack-edge.com/bv1-13-br/gantry-v2-async-vendors-node_modules_shikijs_langs_dist_vue-vine_mjs.bb1af7c00768565c7eca.min.js 
{
  "versionId": 1
}
[04/24/26, 09:08:03:706] info: Apr-24 09:08:03.706 [SERVICE-WORKER] asset not found in an existing cache bucket https://a.slack-edge.com/bv1-13-br/gantry-v2-async-vendors-node_modules_shikijs_langs_dist_vyper_mjs.69f2b3592620b4402229.min.js 
{
  "versionId": 1
}
[04/24/26, 09:08:03:706] info: Apr-24 09:08:03.706 [SERVICE-WORKER] asset not found in an existing cache bucket https://a.slack-edge.com/bv1-13-br/gantry-v2-async-node_modules_shikijs_langs_dist_wasm_mjs.30f58cc4caf8873aa640.min.js 
{
  "versionId": 1
}
[04/24/26, 09:08:03:706] info: Apr-24 09:08:03.706 [SERVICE-WORKER] asset not found in an existing cache bucket https://a.slack-edge.com/bv1-13-br/gantry-v2-async-node_modules_shikijs_langs_dist_wenyan_mjs.b53d6cd1bfb7cf649152.min.js 
{
  "versionId": 1
}
[04/24/26, 09:08:03:707] info: Apr-24 09:08:03.706 [SERVICE-WORKER] asset not found in an existing cache bucket https://a.slack-edge.com/bv1-13-br/gantry-v2-async-node_modules_shikijs_langs_dist_wgsl_mjs.a29fc6f17098d7da070d.min.js 
{
  "versionId": 1
}
[04/24/26, 09:08:03:707] info: Apr-24 09:08:03.706 [SERVICE-WORKER] asset not found in an existing cache bucket https://a.slack-edge.com/bv1-13-br/gantry-v2-async-vendors-node_modules_shikijs_langs_dist_wikitext_mjs.65d2b6407cfbd4c466e2.min.js 
{
  "versionId": 1
}
[04/24/26, 09:08:03:707] info: Apr-24 09:08:03.706 [SERVICE-WORKER] asset not found in an existing cache bucket https://a.slack-edge.com/bv1-13-br/gantry-v2-async-vendors-node_modules_shikijs_langs_dist_wit_mjs.e742d2c457022be468d3.min.js 
{
  "versionId": 1
}
[04/24/26, 09:08:03:707] info: Apr-24 09:08:03.706 [SERVICE-WORKER] asset not found in an existing cache bucket https://a.slack-edge.com/bv1-13-br/gantry-v2-async-vendors-node_modules_shikijs_langs_dist_wolfram_mjs.72ec03f7a2e9fd65803a.min.js 
{
  "versionId": 1
}
[04/24/26, 09:08:03:707] info: Apr-24 09:08:03.707 [SERVICE-WORKER] asset not found in an existing cache bucket https://a.slack-edge.com/bv1-13-br/gantry-v2-async-node_modules_shikijs_langs_dist_xml_mjs-_04f42.6d7d161a3996f61093ec.min.js 
{
  "versionId": 1
}
[04/24/26, 09:08:03:707] info: Apr-24 09:08:03.707 [SERVICE-WORKER] asset not found in an existing cache bucket https://a.slack-edge.com/bv1-13-br/gantry-v2-async-node_modules_shikijs_langs_dist_xsl_mjs.a93d30a24b8c2cea9ab8.min.js 
{
  "versionId": 1
}
[04/24/26, 09:08:03:707] info: Apr-24 09:08:03.707 [SERVICE-WORKER] asset not found in an existing cache bucket https://a.slack-edge.com/bv1-13-br/gantry-v2-async-node_modules_shikijs_langs_dist_yaml_mjs.c3d2812738c8c26ac71a.min.js 
{
  "versionId": 1
}
[04/24/26, 09:08:03:707] info: Apr-24 09:08:03.707 [SERVICE-WORKER] asset not found in an existing cache bucket https://a.slack-edge.com/bv1-13-br/gantry-v2-async-node_modules_shikijs_langs_dist_zenscript_mjs.a750da405ef847a7163d.min.js 
{
  "versionId": 1
}
[04/24/26, 09:08:03:708] info: Apr-24 09:08:03.707 [SERVICE-WORKER] asset not found in an existing cache bucket https://a.slack-edge.com/bv1-13-br/gantry-v2-async-node_modules_shikijs_langs_dist_zig_mjs.9bcd587da474c4841cef.min.js 
{
  "versionId": 1
}
[04/24/26, 09:08:03:708] info: Apr-24 09:08:03.707 [SERVICE-WORKER] asset not found in an existing cache bucket https://a.slack-edge.com/bv1-13-br/gantry-v2-async-node_modules_shikijs_themes_dist_andromeeda_mjs.843c9c754302c3c09b29.min.js 
{
  "versionId": 1
}
[04/24/26, 09:08:03:708] info: Apr-24 09:08:03.707 [SERVICE-WORKER] asset not found in an existing cache bucket https://a.slack-edge.com/bv1-13-br/gantry-v2-async-node_modules_shikijs_themes_dist_aurora-x_mjs.a48277468bb3b9721850.min.js 
{
  "versionId": 1
}
[04/24/26, 09:08:03:708] info: Apr-24 09:08:03.707 [SERVICE-WORKER] asset not found in an existing cache bucket https://a.slack-edge.com/bv1-13-br/gantry-v2-async-vendors-node_modules_shikijs_themes_dist_ayu-dark_mjs.f99b803a41c94316ec13.min.js 
{
  "versionId": 1
}
[04/24/26, 09:08:03:708] info: Apr-24 09:08:03.708 [SERVICE-WORKER] asset not found in an existing cache bucket https://a.slack-edge.com/bv1-13-br/gantry-v2-async-vendors-node_modules_shikijs_themes_dist_ayu-light_mjs.d98cb35e0f3d45168d66.min.js 
{
  "versionId": 1
}
[04/24/26, 09:08:03:708] info: Apr-24 09:08:03.708 [SERVICE-WORKER] asset not found in an existing cache bucket https://a.slack-edge.com/bv1-13-br/gantry-v2-async-vendors-node_modules_shikijs_themes_dist_ayu-mirage_mjs.224a5a8f077f84c57bec.min.js 
{
  "versionId": 1
}
[04/24/26, 09:08:03:708] info: Apr-24 09:08:03.708 [SERVICE-WORKER] asset found in existing cache bucket, adding to new bucket https://a.slack-edge.com/bv1-13-br/gantry-v2-async-vendors-node_modules_shiki_dist_wasm_mjs.32bf2126b78925455374.min.js 
{
  "versionId": 1
}
[04/24/26, 09:08:03:708] info: Apr-24 09:08:03.708 [SERVICE-WORKER] asset not found in an existing cache bucket https://a.slack-edge.com/bv1-13-br/gantry-v2-async-vendors-node_modules_shikijs_themes_dist_catppuccin-frappe_mjs.9cc0f056d3ff4c7d3dec.min.js 
{
  "versionId": 1
}
[04/24/26, 09:08:03:709] info: Apr-24 09:08:03.708 [SERVICE-WORKER] asset not found in an existing cache bucket https://a.slack-edge.com/bv1-13-br/gantry-v2-async-vendors-node_modules_shikijs_themes_dist_catppuccin-latte_mjs.bcccea4dfdfa72683858.min.js 
{
  "versionId": 1
}
[04/24/26, 09:08:03:709] info: Apr-24 09:08:03.709 [SERVICE-WORKER] asset not found in an existing cache bucket https://a.slack-edge.com/bv1-13-br/gantry-v2-async-vendors-node_modules_shikijs_themes_dist_catppuccin-macchiato_mjs.a6bc9de8f487fbf22b1e.min.js 
{
  "versionId": 1
}
[04/24/26, 09:08:03:710] info: Apr-24 09:08:03.710 [SERVICE-WORKER] asset not found in an existing cache bucket https://a.slack-edge.com/bv1-13-br/gantry-v2-async-vendors-node_modules_shikijs_themes_dist_catppuccin-mocha_mjs.5025f91a06dd2c530658.min.js 
{
  "versionId": 1
}
[04/24/26, 09:08:03:711] info: Apr-24 09:08:03.710 [SERVICE-WORKER] asset not found in an existing cache bucket https://a.slack-edge.com/bv1-13-br/gantry-v2-async-node_modules_shikijs_themes_dist_dark-plus_mjs.70c8f6776ae8b6384be5.min.js 
{
  "versionId": 1
}
[04/24/26, 09:08:03:711] info: Apr-24 09:08:03.710 [SERVICE-WORKER] asset not found in an existing cache bucket https://a.slack-edge.com/bv1-13-br/gantry-v2-async-vendors-node_modules_shikijs_themes_dist_dracula_mjs.32855297d00ff2819c14.min.js 
{
  "versionId": 1
}
[04/24/26, 09:08:03:711] info: Apr-24 09:08:03.710 [SERVICE-WORKER] asset not found in an existing cache bucket https://a.slack-edge.com/bv1-13-br/gantry-v2-async-vendors-node_modules_shikijs_themes_dist_dracula-soft_mjs.491b368518d921444fe9.min.js 
{
  "versionId": 1
}
[04/24/26, 09:08:03:711] info: Apr-24 09:08:03.711 [SERVICE-WORKER] asset not found in an existing cache bucket https://a.slack-edge.com/bv1-13-br/gantry-v2-async-vendors-node_modules_shikijs_themes_dist_everforest-dark_mjs.921d116f0e48a8b52005.min.js 
{
  "versionId": 1
}
[04/24/26, 09:08:03:711] info: Apr-24 09:08:03.711 [SERVICE-WORKER] asset not found in an existing cache bucket https://a.slack-edge.com/bv1-13-br/gantry-v2-async-vendors-node_modules_shikijs_themes_dist_everforest-light_mjs.2f9064eea42ecf5bf92a.min.js 
{
  "versionId": 1
}
[04/24/26, 09:08:03:711] info: Apr-24 09:08:03.711 [SERVICE-WORKER] asset not found in an existing cache bucket https://a.slack-edge.com/bv1-13-br/gantry-v2-async-node_modules_shikijs_themes_dist_github-dark_mjs.f73aed6dd105fdb90f1a.min.js 
{
  "versionId": 1
}
[04/24/26, 09:08:03:712] info: Apr-24 09:08:03.711 [SERVICE-WORKER] asset not found in an existing cache bucket https://a.slack-edge.com/bv1-13-br/gantry-v2-async-node_modules_shikijs_themes_dist_github-dark-default_mjs.3fba60a6fc217b27db43.min.js 
{
  "versionId": 1
}
[04/24/26, 09:08:03:712] info: Apr-24 09:08:03.711 [SERVICE-WORKER] asset not found in an existing cache bucket https://a.slack-edge.com/bv1-13-br/gantry-v2-async-node_modules_shikijs_themes_dist_github-dark-dimmed_mjs.30daa937685c0524a5d5.min.js 
{
  "versionId": 1
}
[04/24/26, 09:08:03:712] info: Apr-24 09:08:03.711 [SERVICE-WORKER] asset not found in an existing cache bucket https://a.slack-edge.com/bv1-13-br/gantry-v2-async-node_modules_shikijs_themes_dist_github-dark-high-contrast_mjs.38687d6d5108507453c6.min.js 
{
  "versionId": 1
}
[04/24/26, 09:08:03:712] info: Apr-24 09:08:03.711 [SERVICE-WORKER] asset not found in an existing cache bucket https://a.slack-edge.com/bv1-13-br/gantry-v2-async-node_modules_shikijs_themes_dist_github-light_mjs.fc057e19c84c4a22aa46.min.js 
{
  "versionId": 1
}
[04/24/26, 09:08:03:712] info: Apr-24 09:08:03.711 [SERVICE-WORKER] asset not found in an existing cache bucket https://a.slack-edge.com/bv1-13-br/gantry-v2-async-node_modules_shikijs_themes_dist_github-light-default_mjs.306faf9a97e6408d29be.min.js 
{
  "versionId": 1
}
[04/24/26, 09:08:03:712] info: Apr-24 09:08:03.712 [SERVICE-WORKER] asset not found in an existing cache bucket https://a.slack-edge.com/bv1-13-br/gantry-v2-async-node_modules_shikijs_themes_dist_github-light-high-contrast_mjs.ac1ed75ff767e06dad7b.min.js 
{
  "versionId": 1
}
[04/24/26, 09:08:03:712] info: Apr-24 09:08:03.712 [SERVICE-WORKER] asset not found in an existing cache bucket https://a.slack-edge.com/bv1-13-br/gantry-v2-async-vendors-node_modules_shikijs_themes_dist_gruvbox-dark-hard_mjs.cd7f69a316671cfe11a8.min.js 
{
  "versionId": 1
}
[04/24/26, 09:08:03:713] info: Apr-24 09:08:03.712 [SERVICE-WORKER] asset not found in an existing cache bucket https://a.slack-edge.com/bv1-13-br/gantry-v2-async-vendors-node_modules_shikijs_themes_dist_gruvbox-dark-medium_mjs.cc505158b4219f1b63d0.min.js 
{
  "versionId": 1
}
[04/24/26, 09:08:03:713] info: Apr-24 09:08:03.712 [SERVICE-WORKER] asset not found in an existing cache bucket https://a.slack-edge.com/bv1-13-br/gantry-v2-async-vendors-node_modules_shikijs_themes_dist_gruvbox-dark-soft_mjs.10c2f756051e92eff1c5.min.js 
{
  "versionId": 1
}
[04/24/26, 09:08:03:713] info: Apr-24 09:08:03.712 [SERVICE-WORKER] asset not found in an existing cache bucket https://a.slack-edge.com/bv1-13-br/gantry-v2-async-vendors-node_modules_shikijs_themes_dist_gruvbox-light-hard_mjs.41da12e812c4972b9483.min.js 
{
  "versionId": 1
}
[04/24/26, 09:08:03:713] info: Apr-24 09:08:03.712 [SERVICE-WORKER] asset not found in an existing cache bucket https://a.slack-edge.com/bv1-13-br/gantry-v2-async-vendors-node_modules_shikijs_themes_dist_gruvbox-light-medium_mjs.b347224547bfe798b00f.min.js 
{
  "versionId": 1
}
[04/24/26, 09:08:03:713] info: Apr-24 09:08:03.712 [SERVICE-WORKER] asset not found in an existing cache bucket https://a.slack-edge.com/bv1-13-br/gantry-v2-async-vendors-node_modules_shikijs_themes_dist_gruvbox-light-soft_mjs.67591e17ac07dfede40c.min.js 
{
  "versionId": 1
}
[04/24/26, 09:08:03:713] info: Apr-24 09:08:03.712 [SERVICE-WORKER] asset not found in an existing cache bucket https://a.slack-edge.com/bv1-13-br/gantry-v2-async-node_modules_shikijs_themes_dist_horizon_mjs.be8716f1bdf3a133ef82.min.js 
{
  "versionId": 1
}
[04/24/26, 09:08:03:713] info: Apr-24 09:08:03.712 [SERVICE-WORKER] asset not found in an existing cache bucket https://a.slack-edge.com/bv1-13-br/gantry-v2-async-node_modules_shikijs_themes_dist_horizon-bright_mjs.2092fc2d607139fb5528.min.js 
{
  "versionId": 1
}
[04/24/26, 09:08:03:714] info: Apr-24 09:08:03.712 [SERVICE-WORKER] asset not found in an existing cache bucket https://a.slack-edge.com/bv1-13-br/gantry-v2-async-vendors-node_modules_shikijs_themes_dist_houston_mjs.d7856807399330c5622c.min.js 
{
  "versionId": 1
}
[04/24/26, 09:08:03:714] info: Apr-24 09:08:03.713 [SERVICE-WORKER] asset not found in an existing cache bucket https://a.slack-edge.com/bv1-13-br/gantry-v2-async-node_modules_shikijs_themes_dist_kanagawa-dragon_mjs.f255fab4cfffd341b003.min.js 
{
  "versionId": 1
}
[04/24/26, 09:08:03:714] info: Apr-24 09:08:03.713 [SERVICE-WORKER] asset not found in an existing cache bucket https://a.slack-edge.com/bv1-13-br/gantry-v2-async-node_modules_shikijs_themes_dist_kanagawa-lotus_mjs.9e3072b2f8929dfbe108.min.js 
{
  "versionId": 1
}
[04/24/26, 09:08:03:714] info: Apr-24 09:08:03.713 [SERVICE-WORKER] asset not found in an existing cache bucket https://a.slack-edge.com/bv1-13-br/gantry-v2-async-node_modules_shikijs_themes_dist_kanagawa-wave_mjs.f11ced0f3bf731bedd9c.min.js 
{
  "versionId": 1
}
[04/24/26, 09:08:03:714] info: Apr-24 09:08:03.713 [SERVICE-WORKER] asset not found in an existing cache bucket https://a.slack-edge.com/bv1-13-br/gantry-v2-async-node_modules_shikijs_themes_dist_laserwave_mjs.f5ce5f4d942f9f7d31a6.min.js 
{
  "versionId": 1
}
[04/24/26, 09:08:03:714] info: Apr-24 09:08:03.713 [SERVICE-WORKER] asset not found in an existing cache bucket https://a.slack-edge.com/bv1-13-br/gantry-v2-async-node_modules_shikijs_themes_dist_light-plus_mjs.539abea487dc36320048.min.js 
{
  "versionId": 1
}
[04/24/26, 09:08:03:714] info: Apr-24 09:08:03.713 [SERVICE-WORKER] asset not found in an existing cache bucket https://a.slack-edge.com/bv1-13-br/gantry-v2-async-vendors-node_modules_shikijs_themes_dist_material-theme_mjs.97d700d775d183922e96.min.js 
{
  "versionId": 1
}
[04/24/26, 09:08:03:714] info: Apr-24 09:08:03.713 [SERVICE-WORKER] asset not found in an existing cache bucket https://a.slack-edge.com/bv1-13-br/gantry-v2-async-vendors-node_modules_shikijs_themes_dist_material-theme-darker_mjs.6398a6615bafd9a4cc18.min.js 
{
  "versionId": 1
}
[04/24/26, 09:08:03:715] info: Apr-24 09:08:03.713 [SERVICE-WORKER] asset not found in an existing cache bucket https://a.slack-edge.com/bv1-13-br/gantry-v2-async-vendors-node_modules_shikijs_themes_dist_material-theme-lighter_mjs.5f7c4e5d8caaf91a3b2f.min.js 
{
  "versionId": 1
}
[04/24/26, 09:08:03:715] info: Apr-24 09:08:03.713 [SERVICE-WORKER] asset not found in an existing cache bucket https://a.slack-edge.com/bv1-13-br/gantry-v2-async-vendors-node_modules_shikijs_themes_dist_material-theme-ocean_mjs.1e2649dc90cb9620242b.min.js 
{
  "versionId": 1
}
[04/24/26, 09:08:03:715] info: Apr-24 09:08:03.713 [SERVICE-WORKER] asset not found in an existing cache bucket https://a.slack-edge.com/bv1-13-br/gantry-v2-async-vendors-node_modules_shikijs_themes_dist_material-theme-palenight_mjs.22ca206c6d73eb592a89.min.js 
{
  "versionId": 1
}
[04/24/26, 09:08:03:715] info: Apr-24 09:08:03.714 [SERVICE-WORKER] asset not found in an existing cache bucket https://a.slack-edge.com/bv1-13-br/gantry-v2-async-node_modules_shikijs_themes_dist_min-dark_mjs.be44b72c0880d437daf3.min.js 
{
  "versionId": 1
}
[04/24/26, 09:08:03:715] info: Apr-24 09:08:03.714 [SERVICE-WORKER] asset not found in an existing cache bucket https://a.slack-edge.com/bv1-13-br/gantry-v2-async-node_modules_shikijs_themes_dist_min-light_mjs.10ab0709d5aeae895405.min.js 
{
  "versionId": 1
}
[04/24/26, 09:08:03:715] info: Apr-24 09:08:03.714 [SERVICE-WORKER] asset not found in an existing cache bucket https://a.slack-edge.com/bv1-13-br/gantry-v2-async-node_modules_shikijs_themes_dist_monokai_mjs.dd5b8eb3294da2cabe11.min.js 
{
  "versionId": 1
}
[04/24/26, 09:08:03:715] info: Apr-24 09:08:03.714 [SERVICE-WORKER] asset not found in an existing cache bucket https://a.slack-edge.com/bv1-13-br/gantry-v2-async-vendors-node_modules_shikijs_themes_dist_night-owl_mjs.e1a67cfeebf16efa8b76.min.js 
{
  "versionId": 1
}
[04/24/26, 09:08:03:715] info: Apr-24 09:08:03.714 [SERVICE-WORKER] asset not found in an existing cache bucket https://a.slack-edge.com/bv1-13-br/gantry-v2-async-vendors-node_modules_shikijs_themes_dist_night-owl-light_mjs.f47bc1ee90ecfa97b481.min.js 
{
  "versionId": 1
}
[04/24/26, 09:08:03:716] info: Apr-24 09:08:03.714 [SERVICE-WORKER] asset not found in an existing cache bucket https://a.slack-edge.com/bv1-13-br/gantry-v2-async-vendors-node_modules_shikijs_themes_dist_nord_mjs.cf11ea58e5af17c0148a.min.js 
{
  "versionId": 1
}
[04/24/26, 09:08:03:716] info: Apr-24 09:08:03.714 [SERVICE-WORKER] asset not found in an existing cache bucket https://a.slack-edge.com/bv1-13-br/gantry-v2-async-vendors-node_modules_shikijs_themes_dist_one-dark-pro_mjs.199707f70c4785e68980.min.js 
{
  "versionId": 1
}
[04/24/26, 09:08:03:716] info: Apr-24 09:08:03.714 [SERVICE-WORKER] asset not found in an existing cache bucket https://a.slack-edge.com/bv1-13-br/gantry-v2-async-vendors-node_modules_shikijs_themes_dist_one-light_mjs.774c64402c047fb94730.min.js 
{
  "versionId": 1
}
[04/24/26, 09:08:03:716] info: Apr-24 09:08:03.715 [SERVICE-WORKER] asset not found in an existing cache bucket https://a.slack-edge.com/bv1-13-br/gantry-v2-async-node_modules_shikijs_themes_dist_plastic_mjs.92730976ec9854b7b72a.min.js 
{
  "versionId": 1
}
[04/24/26, 09:08:03:716] info: Apr-24 09:08:03.715 [SERVICE-WORKER] asset not found in an existing cache bucket https://a.slack-edge.com/bv1-13-br/gantry-v2-async-vendors-node_modules_shikijs_themes_dist_poimandres_mjs.8b31467d5cc72bd258f0.min.js 
{
  "versionId": 1
}
[04/24/26, 09:08:03:716] info: Apr-24 09:08:03.715 [SERVICE-WORKER] asset not found in an existing cache bucket https://a.slack-edge.com/bv1-13-br/gantry-v2-async-node_modules_shikijs_themes_dist_red_mjs.f47685e693dea47359fe.min.js 
{
  "versionId": 1
}
[04/24/26, 09:08:03:716] info: Apr-24 09:08:03.715 [SERVICE-WORKER] asset not found in an existing cache bucket https://a.slack-edge.com/bv1-13-br/gantry-v2-async-vendors-node_modules_shikijs_themes_dist_rose-pine_mjs.2d69613d8ec08c847806.min.js 
{
  "versionId": 1
}
[04/24/26, 09:08:03:716] info: Apr-24 09:08:03.715 [SERVICE-WORKER] asset not found in an existing cache bucket https://a.slack-edge.com/bv1-13-br/gantry-v2-async-vendors-node_modules_shikijs_themes_dist_rose-pine-dawn_mjs.18bfbf2a27fcdc7d4416.min.js 
{
  "versionId": 1
}
[04/24/26, 09:08:03:716] info: Apr-24 09:08:03.715 [SERVICE-WORKER] asset not found in an existing cache bucket https://a.slack-edge.com/bv1-13-br/gantry-v2-async-vendors-node_modules_shikijs_themes_dist_rose-pine-moon_mjs.352b57e1ddc1cff6bfc4.min.js 
{
  "versionId": 1
}
[04/24/26, 09:08:03:717] info: Apr-24 09:08:03.715 [SERVICE-WORKER] asset not found in an existing cache bucket https://a.slack-edge.com/bv1-13-br/gantry-v2-async-node_modules_shikijs_themes_dist_slack-dark_mjs.af6161bb6650ae7b2c9d.min.js 
{
  "versionId": 1
}
[04/24/26, 09:08:03:717] info: Apr-24 09:08:03.715 [SERVICE-WORKER] asset not found in an existing cache bucket https://a.slack-edge.com/bv1-13-br/gantry-v2-async-node_modules_shikijs_themes_dist_slack-ochin_mjs.30c615ff2d715740f345.min.js 
{
  "versionId": 1
}
[04/24/26, 09:08:03:717] info: Apr-24 09:08:03.716 [SERVICE-WORKER] asset not found in an existing cache bucket https://a.slack-edge.com/bv1-13-br/gantry-v2-async-vendors-node_modules_shikijs_themes_dist_snazzy-light_mjs.33798506e4f1b3d661b9.min.js 
{
  "versionId": 1
}
[04/24/26, 09:08:03:717] info: Apr-24 09:08:03.716 [SERVICE-WORKER] asset not found in an existing cache bucket https://a.slack-edge.com/bv1-13-br/gantry-v2-async-node_modules_shikijs_themes_dist_solarized-dark_mjs.5795dfcd270420d9eb03.min.js 
{
  "versionId": 1
}
[04/24/26, 09:08:03:717] info: Apr-24 09:08:03.716 [SERVICE-WORKER] asset not found in an existing cache bucket https://a.slack-edge.com/bv1-13-br/gantry-v2-async-node_modules_shikijs_themes_dist_solarized-light_mjs.1db1d6038e99442ca415.min.js 
{
  "versionId": 1
}
[04/24/26, 09:08:03:717] info: Apr-24 09:08:03.716 [SERVICE-WORKER] asset not found in an existing cache bucket https://a.slack-edge.com/bv1-13-br/gantry-v2-async-node_modules_shikijs_themes_dist_synthwave-84_mjs.33e9e404d89caf28b91f.min.js 
{
  "versionId": 1
}
[04/24/26, 09:08:03:717] info: Apr-24 09:08:03.716 [SERVICE-WORKER] asset not found in an existing cache bucket https://a.slack-edge.com/bv1-13-br/gantry-v2-async-vendors-node_modules_shikijs_themes_dist_tokyo-night_mjs.0dc9062a01c76d871590.min.js 
{
  "versionId": 1
}
[04/24/26, 09:08:03:717] info: Apr-24 09:08:03.716 [SERVICE-WORKER] asset not found in an existing cache bucket https://a.slack-edge.com/bv1-13-br/gantry-v2-async-node_modules_shikijs_themes_dist_vesper_mjs.b6c11f9f3439945b15a8.min.js 
{
  "versionId": 1
}
[04/24/26, 09:08:03:717] info: Apr-24 09:08:03.716 [SERVICE-WORKER] asset not found in an existing cache bucket https://a.slack-edge.com/bv1-13-br/gantry-v2-async-node_modules_shikijs_themes_dist_vitesse-black_mjs.1b806d70c44dea5fc609.min.js 
{
  "versionId": 1
}
[04/24/26, 09:08:03:717] info: Apr-24 09:08:03.716 [SERVICE-WORKER] asset not found in an existing cache bucket https://a.slack-edge.com/bv1-13-br/gantry-v2-async-node_modules_shikijs_themes_dist_vitesse-dark_mjs.9b2f8533a77a47a83925.min.js 
{
  "versionId": 1
}
[04/24/26, 09:08:03:718] info: Apr-24 09:08:03.716 [SERVICE-WORKER] asset not found in an existing cache bucket https://a.slack-edge.com/bv1-13-br/gantry-v2-async-node_modules_shikijs_themes_dist_vitesse-light_mjs.218528bee29952b7a563.min.js 
{
  "versionId": 1
}
[04/24/26, 09:08:03:718] info: Apr-24 09:08:03.717 [SERVICE-WORKER] asset found in existing cache bucket, adding to new bucket https://a.slack-edge.com/bv1-13-br/gantry-v2-async-effect-renderer.611cd2386a0c74a0cea7.min.js 
{
  "versionId": 1
}
[04/24/26, 09:08:03:718] info: Apr-24 09:08:03.717 [SERVICE-WORKER] asset found in existing cache bucket, adding to new bucket https://a.slack-edge.com/bv1-13-br/gantry-v2-async-hls.js.e965251f74066c7f0499.min.js 
{
  "versionId": 1
}
[04/24/26, 09:08:03:718] info: Apr-24 09:08:03.717 [SERVICE-WORKER] asset found in existing cache bucket, adding to new bucket https://a.slack-edge.com/bv1-13-br/gantry-v2-async-markdown-it.05234d0c9f3f86460cb0.min.js 
{
  "versionId": 1
}
[04/24/26, 09:08:03:718] info: Apr-24 09:08:03.718 [SERVICE-WORKER] asset found in existing cache bucket, adding to new bucket https://a.slack-edge.com/bv1-13-br/gantry-v2-async-elevenlabs-client.4aae6dc3a4913526f4b4.min.js 
{
  "versionId": 1
}
[04/24/26, 09:08:03:723] info: Apr-24 09:08:03.722 [SERVICE-WORKER] asset not found in an existing cache bucket https://a.slack-edge.com/bv1-13-br/gantry-v2-async-prototype-widget-block.d308e1159337d5185dda.min.js 
{
  "versionId": 1
}
[04/24/26, 09:08:03:723] info: Apr-24 09:08:03.722 [SERVICE-WORKER] fetching asset https://a.slack-edge.com/bv1-13-br/gantry-v2-async-prototype-widget-block.d308e1159337d5185dda.min.js 
{
  "versionId": 1
}
[04/24/26, 09:08:03:723] info: Apr-24 09:08:03.723 [SERVICE-WORKER] asset found in existing cache bucket, adding to new bucket https://a.slack-edge.com/bv1-13-br/gantry-v2-async-codemirror-snippet-editor.f7bc0e20a81b99ddd908.min.js 
{
  "versionId": 1
}
[04/24/26, 09:08:03:723] info: Apr-24 09:08:03.723 [SERVICE-WORKER] asset found in existing cache bucket, adding to new bucket https://a.slack-edge.com/bv1-13-br/gantry-v2-async-prototype-chart-block.41ed7782bdd6e8132647.min.js 
{
  "versionId": 1
}
[04/24/26, 09:08:03:724] info: Apr-24 09:08:03.723 [SERVICE-WORKER] asset not found in an existing cache bucket https://a.slack-edge.com/bv1-13-br/gantry-v2-async-prototype-mcp-app-block.422668f0fb3e2eef4e19.min.js 
{
  "versionId": 1
}
[04/24/26, 09:08:03:724] info: Apr-24 09:08:03.723 [SERVICE-WORKER] fetching asset https://a.slack-edge.com/bv1-13-br/gantry-v2-async-prototype-mcp-app-block.422668f0fb3e2eef4e19.min.js 
{
  "versionId": 1
}
[04/24/26, 09:08:03:725] info: Apr-24 09:08:03.725 [SERVICE-WORKER] asset found in existing cache bucket, adding to new bucket https://a.slack-edge.com/bv1-13-br/gantry-v2-async-client-message-action-add-to-list-button-nux.c75c159b34cda94ed622.min.js 
{
  "versionId": 1
}
[04/24/26, 09:08:03:726] info: Apr-24 09:08:03.725 [SERVICE-WORKER] asset found in existing cache bucket, adding to new bucket https://a.slack-edge.com/bv1-13-br/gantry-v2-async-client-message-action-add-to-list-menu-item-nux.eea0328e534f96ddc11a.min.js 
{
  "versionId": 1
}
[04/24/26, 09:08:03:727] info: Apr-24 09:08:03.727 [SERVICE-WORKER] asset not found in an existing cache bucket https://a.slack-edge.com/bv1-13-br/gantry-v2-async-modal-message-stats.fdc5ea5433cb62f32dbb.min.js 
{
  "versionId": 1
}
[04/24/26, 09:08:03:727] info: Apr-24 09:08:03.727 [SERVICE-WORKER] fetching asset https://a.slack-edge.com/bv1-13-br/gantry-v2-async-modal-message-stats.fdc5ea5433cb62f32dbb.min.js 
{
  "versionId": 1
}
[04/24/26, 09:08:03:728] info: Apr-24 09:08:03.728 [SERVICE-WORKER] asset found in existing cache bucket, adding to new bucket https://a.slack-edge.com/bv1-13-br/gantry-v2-async-codemirror-lang-1.8893aea42f87d6bede5a.min.js 
{
  "versionId": 1
}
[04/24/26, 09:08:03:731] info: Apr-24 09:08:03.731 [SERVICE-WORKER] asset found in existing cache bucket, adding to new bucket https://a.slack-edge.com/bv1-13-br/gantry-v2-async-codemirror-lang-3.61d250739c03e760bbb1.min.js 
{
  "versionId": 1
}
[04/24/26, 09:08:03:734] info: Apr-24 09:08:03.734 [SERVICE-WORKER] asset found in existing cache bucket, adding to new bucket https://a.slack-edge.com/bv1-13-br/gantry-v2-async-codemirror-lang-2.40668a06cada7acb84a1.min.js 
{
  "versionId": 1
}
[04/24/26, 09:08:03:736] info: Apr-24 09:08:03.736 [SERVICE-WORKER] asset found in existing cache bucket, adding to new bucket https://a.slack-edge.com/bv1-13-br/gantry-v2-async-lead-form-codemirror.e8caa4c5087ca2173cf1.min.js 
{
  "versionId": 1
}
[04/24/26, 09:08:03:737] info: Apr-24 09:08:03.737 [SERVICE-WORKER] putting asset in cache https://a.slack-edge.com/bv1-13-br/gantry-v2-async-prototype-widget-block.d308e1159337d5185dda.min.js 
{
  "versionId": 1
}
[04/24/26, 09:08:03:738] info: Apr-24 09:08:03.738 [SERVICE-WORKER] putting asset in cache https://a.slack-edge.com/bv1-13-br/gantry-v2-async-prototype-mcp-app-block.422668f0fb3e2eef4e19.min.js 
{
  "versionId": 1
}
[04/24/26, 09:08:03:738] info: Apr-24 09:08:03.738 [SERVICE-WORKER] asset found in existing cache bucket, adding to new bucket https://a.slack-edge.com/bv1-13-br/gantry-v2-async-canvas-chart-block.f47dd2707d6bd36cb817.min.js 
{
  "versionId": 1
}
[04/24/26, 09:08:03:740] info: Apr-24 09:08:03.740 [SERVICE-WORKER] asset found in existing cache bucket, adding to new bucket https://a.slack-edge.com/bv1-13-br/gantry-v2-async-client-ai-workspace-list-banner.ca3fe41847aa6dcf5e5e.min.js 
{
  "versionId": 1
}
[04/24/26, 09:08:03:740] info: Apr-24 09:08:03.740 [SERVICE-WORKER] asset found in existing cache bucket, adding to new bucket https://a.slack-edge.com/bv1-13-br/gantry-v2-async-client-creator-guided-setup-list-banner.884cbeabad3185ed1f3b.min.js 
{
  "versionId": 1
}
[04/24/26, 09:08:03:740] info: Apr-24 09:08:03.740 [SERVICE-WORKER] asset found in existing cache bucket, adding to new bucket https://a.slack-edge.com/bv1-13-br/gantry-v2-async-client-ai-workspace-canvas-banner.9698a7d5e7d753a07b9a.min.js 
{
  "versionId": 1
}
[04/24/26, 09:08:03:741] info: Apr-24 09:08:03.741 [SERVICE-WORKER] putting asset in cache https://a.slack-edge.com/bv1-13-br/gantry-v2-async-modal-message-stats.fdc5ea5433cb62f32dbb.min.js 
{
  "versionId": 1
}
[04/24/26, 09:08:03:742] info: Apr-24 09:08:03.742 [SERVICE-WORKER] asset found in existing cache bucket, adding to new bucket https://a.slack-edge.com/bv1-13-br/gantry-v2-async-client-creator-guided-setup-canvas-banner.22eb675bc6b0fd7aaabf.min.js 
{
  "versionId": 1
}
[04/24/26, 09:08:03:742] info: Apr-24 09:08:03.742 [SERVICE-WORKER] asset found in existing cache bucket, adding to new bucket https://a.slack-edge.com/bv1-13-br/gantry-v2-async-sidebar-party-emoji.json.3ae26215bf7021767fa8.min.js 
{
  "versionId": 1
}
[04/24/26, 09:08:03:743] info: Apr-24 09:08:03.743 [SERVICE-WORKER] asset found in existing cache bucket, adding to new bucket https://a.slack-edge.com/bv1-13-br/gantry-v2-async-client-day-picker-nux-banner.d9af6deca481081d0fe6.min.js 
{
  "versionId": 1
}
[04/24/26, 09:08:03:743] info: Apr-24 09:08:03.743 [SERVICE-WORKER] asset found in existing cache bucket, adding to new bucket https://a.slack-edge.com/bv1-13-br/gantry-v2-async-loader.json.ec2c18cc8df2709d15d1.min.js 
{
  "versionId": 1
}
[04/24/26, 09:08:03:744] info: Apr-24 09:08:03.744 [SERVICE-WORKER] asset found in existing cache bucket, adding to new bucket https://a.slack-edge.com/bv1-13-br/gantry-v2-async-slack-kit-debug.83631a29d89eacaf320a.min.js 
{
  "versionId": 1
}
[04/24/26, 09:08:03:745] info: Apr-24 09:08:03.745 [SERVICE-WORKER] asset found in existing cache bucket, adding to new bucket https://a.slack-edge.com/bv1-13-br/gantry-v2-async-layout-debug-overlay.f5732b13e2298a3f1626.min.js 
{
  "versionId": 1
}
[04/24/26, 09:08:03:745] info: Apr-24 09:08:03.745 [SERVICE-WORKER] asset found in existing cache bucket, adding to new bucket https://a.slack-edge.com/bv1-13-br/gantry-v2-async-slackbot-headphones.json.253f4d238a9dcc0863e5.min.js 
{
  "versionId": 1
}
[04/24/26, 09:08:03:746] info: Apr-24 09:08:03.746 [SERVICE-WORKER] asset found in existing cache bucket, adding to new bucket https://a.slack-edge.com/bv1-13-br/gantry-v2-async-sparkles-wobbly.json.38211e86aa59fb506f31.min.js 
{
  "versionId": 1
}
[04/24/26, 09:08:03:747] info: Apr-24 09:08:03.746 [SERVICE-WORKER] asset found in existing cache bucket, adding to new bucket https://a.slack-edge.com/bv1-13-br/gantry-v2-async-trick-or-treat.json.58380fc782cdef1a50a8.min.js 
{
  "versionId": 1
}
[04/24/26, 09:08:03:747] info: Apr-24 09:08:03.747 [SERVICE-WORKER] asset found in existing cache bucket, adding to new bucket https://a.slack-edge.com/bv1-13-br/gantry-v2-async-hauntify-02.json.f68b60e675363899909c.min.js 
{
  "versionId": 1
}
[04/24/26, 09:08:03:748] info: Apr-24 09:08:03.747 [SERVICE-WORKER] asset found in existing cache bucket, adding to new bucket https://a.slack-edge.com/bv1-13-br/gantry-v2-async-soap-icon.json.3010773b9bca7c7da11c.min.js 
{
  "versionId": 1
}
[04/24/26, 09:08:03:749] info: Apr-24 09:08:03.748 [SERVICE-WORKER] asset found in existing cache bucket, adding to new bucket https://a.slack-edge.com/bv1-13-br/gantry-v2-async-bubbles-full-screen.json.3027b116a3d99d670304.min.js 
{
  "versionId": 1
}
[04/24/26, 09:08:03:749] info: Apr-24 09:08:03.749 [SERVICE-WORKER] asset found in existing cache bucket, adding to new bucket https://a.slack-edge.com/bv1-13-br/gantry-v2-async-duster-pocket-guide.json.f056102d1b9ecc250daa.min.js 
{
  "versionId": 1
}
[04/24/26, 09:08:03:750] info: Apr-24 09:08:03.749 [SERVICE-WORKER] asset found in existing cache bucket, adding to new bucket https://a.slack-edge.com/bv1-13-br/gantry-v2-async-feelings-catcher-heart.a9ae3d58aa0381242eef.min.js 
{
  "versionId": 1
}
[04/24/26, 09:08:03:750] info: Apr-24 09:08:03.750 [SERVICE-WORKER] asset not found in an existing cache bucket https://a.slack-edge.com/bv1-13-br/gantry-v2-async-client-channel-view.7073a275a4e13ac72a6f.min.js 
{
  "versionId": 1
}
[04/24/26, 09:08:03:750] info: Apr-24 09:08:03.750 [SERVICE-WORKER] fetching asset https://a.slack-edge.com/bv1-13-br/gantry-v2-async-client-channel-view.7073a275a4e13ac72a6f.min.js 
{
  "versionId": 1
}
[04/24/26, 09:08:03:751] info: Apr-24 09:08:03.751 [SERVICE-WORKER] asset not found in an existing cache bucket https://a.slack-edge.com/bv1-13-br/gantry-v2-async-client-app-space-view.b7dc07c1093f830b0abc.min.js 
{
  "versionId": 1
}
[04/24/26, 09:08:03:751] info: Apr-24 09:08:03.751 [SERVICE-WORKER] fetching asset https://a.slack-edge.com/bv1-13-br/gantry-v2-async-client-app-space-view.b7dc07c1093f830b0abc.min.js 
{
  "versionId": 1
}
[04/24/26, 09:08:03:751] info: Apr-24 09:08:03.751 [SERVICE-WORKER] asset not found in an existing cache bucket https://a.slack-edge.com/bv1-13-br/gantry-v2-async-client-tasks-view.c4bc66669a7242ee9e6c.min.js 
{
  "versionId": 1
}
[04/24/26, 09:08:03:751] info: Apr-24 09:08:03.751 [SERVICE-WORKER] fetching asset https://a.slack-edge.com/bv1-13-br/gantry-v2-async-client-tasks-view.c4bc66669a7242ee9e6c.min.js 
{
  "versionId": 1
}
[04/24/26, 09:08:03:752] info: Apr-24 09:08:03.752 [SERVICE-WORKER] asset found in existing cache bucket, adding to new bucket https://a.slack-edge.com/bv1-13-br/gantry-v2-async-client-assigned-tasks-view.999898a839646fac0110.min.js 
{
  "versionId": 1
}
[04/24/26, 09:08:03:754] info: Apr-24 09:08:03.754 [SERVICE-WORKER] asset found in existing cache bucket, adding to new bucket https://a.slack-edge.com/bv1-13-br/gantry-v2-async-client-saved-view.c6d85313fd33827f0088.min.js 
{
  "versionId": 1
}
[04/24/26, 09:08:03:755] info: Apr-24 09:08:03.755 [SERVICE-WORKER] asset found in existing cache bucket, adding to new bucket https://a.slack-edge.com/bv1-13-br/gantry-v2-async-client-reminders-view.7653ec63c0620e0b1da0.min.js 
{
  "versionId": 1
}
[04/24/26, 09:08:03:756] info: Apr-24 09:08:03.756 [SERVICE-WORKER] asset not found in an existing cache bucket https://a.slack-edge.com/bv1-13-br/gantry-v2-async-client-sales-admin-view.fa4f51c6306df95e6648.min.js 
{
  "versionId": 1
}
[04/24/26, 09:08:03:756] info: Apr-24 09:08:03.756 [SERVICE-WORKER] fetching asset https://a.slack-edge.com/bv1-13-br/gantry-v2-async-client-sales-admin-view.fa4f51c6306df95e6648.min.js 
{
  "versionId": 1
}
[04/24/26, 09:08:03:766] info: Apr-24 09:08:03.765 [SERVICE-WORKER] putting asset in cache https://a.slack-edge.com/bv1-13-br/gantry-v2-async-client-channel-view.7073a275a4e13ac72a6f.min.js 
{
  "versionId": 1
}
[04/24/26, 09:08:03:769] info: Apr-24 09:08:03.769 [SERVICE-WORKER] putting asset in cache https://a.slack-edge.com/bv1-13-br/gantry-v2-async-client-app-space-view.b7dc07c1093f830b0abc.min.js 
{
  "versionId": 1
}
[04/24/26, 09:08:03:771] info: Apr-24 09:08:03.771 [SERVICE-WORKER] putting asset in cache https://a.slack-edge.com/bv1-13-br/gantry-v2-async-client-tasks-view.c4bc66669a7242ee9e6c.min.js 
{
  "versionId": 1
}
[04/24/26, 09:08:03:784] info: Apr-24 09:08:03.784 [SERVICE-WORKER] putting asset in cache https://a.slack-edge.com/bv1-13-br/gantry-v2-async-client-sales-admin-view.fa4f51c6306df95e6648.min.js 
{
  "versionId": 1
}
[04/24/26, 09:08:03:791] info: Apr-24 09:08:03.791 [SERVICE-WORKER] asset not found in an existing cache bucket https://a.slack-edge.com/bv1-13-br/gantry-v2-async-client-sales-home-view.bd54f4a51376ed2de04c.min.js 
{
  "versionId": 1
}
[04/24/26, 09:08:03:791] info: Apr-24 09:08:03.791 [SERVICE-WORKER] fetching asset https://a.slack-edge.com/bv1-13-br/gantry-v2-async-client-sales-home-view.bd54f4a51376ed2de04c.min.js 
{
  "versionId": 1
}
[04/24/26, 09:08:03:807] info: Apr-24 09:08:03.806 [SERVICE-WORKER] asset not found in an existing cache bucket https://a.slack-edge.com/bv1-13-br/gantry-v2-async-client-sales-notifications-view.d01488b48bf7afc2530b.min.js 
{
  "versionId": 1
}
[04/24/26, 09:08:03:807] info: Apr-24 09:08:03.806 [SERVICE-WORKER] fetching asset https://a.slack-edge.com/bv1-13-br/gantry-v2-async-client-sales-notifications-view.d01488b48bf7afc2530b.min.js 
{
  "versionId": 1
}
[04/24/26, 09:08:03:816] info: Apr-24 09:08:03.816 [SERVICE-WORKER] asset found in existing cache bucket, adding to new bucket https://a.slack-edge.com/bv1-13-br/gantry-v2-async-client-sales-home-list-view-browser.86f87fabac78c7972fef.min.js 
{
  "versionId": 1
}
[04/24/26, 09:08:03:817] info: Apr-24 09:08:03.817 [SERVICE-WORKER] asset not found in an existing cache bucket https://a.slack-edge.com/bv1-13-br/gantry-v2-async-client-sales-bulk-grid-view.84c86082c3d84e0808c0.min.js 
{
  "versionId": 1
}
[04/24/26, 09:08:03:818] info: Apr-24 09:08:03.817 [SERVICE-WORKER] fetching asset https://a.slack-edge.com/bv1-13-br/gantry-v2-async-client-sales-bulk-grid-view.84c86082c3d84e0808c0.min.js 
{
  "versionId": 1
}
[04/24/26, 09:08:03:820] info: Apr-24 09:08:03.820 [SERVICE-WORKER] putting asset in cache https://a.slack-edge.com/bv1-13-br/gantry-v2-async-client-sales-home-view.bd54f4a51376ed2de04c.min.js 
{
  "versionId": 1
}
[04/24/26, 09:08:03:822] info: Apr-24 09:08:03.822 [SERVICE-WORKER] asset not found in an existing cache bucket https://a.slack-edge.com/bv1-13-br/gantry-v2-async-client-thread-view.b1fb9120f8770ed4330d.min.js 
{
  "versionId": 1
}
[04/24/26, 09:08:03:822] info: Apr-24 09:08:03.822 [SERVICE-WORKER] fetching asset https://a.slack-edge.com/bv1-13-br/gantry-v2-async-client-thread-view.b1fb9120f8770ed4330d.min.js 
{
  "versionId": 1
}
[04/24/26, 09:08:03:822] info: Apr-24 09:08:03.822 [SERVICE-WORKER] asset found in existing cache bucket, adding to new bucket https://a.slack-edge.com/bv1-13-br/gantry-v2-async-client-sales-auto-slack-launchpad-view.0a305530f581e16acb1c.min.js 
{
  "versionId": 1
}
[04/24/26, 09:08:03:823] info: Apr-24 09:08:03.823 [SERVICE-WORKER] putting asset in cache https://a.slack-edge.com/bv1-13-br/gantry-v2-async-client-sales-notifications-view.d01488b48bf7afc2530b.min.js 
{
  "versionId": 1
}
[04/24/26, 09:08:03:824] info: Apr-24 09:08:03.824 [SERVICE-WORKER] asset found in existing cache bucket, adding to new bucket https://a.slack-edge.com/bv1-13-br/gantry-v2-async-client-assistant-home-view.ac24411174afafbe5483.min.js 
{
  "versionId": 1
}
[04/24/26, 09:08:03:825] info: Apr-24 09:08:03.825 [SERVICE-WORKER] asset found in existing cache bucket, adding to new bucket https://a.slack-edge.com/bv1-13-br/gantry-v2-async-client-canvas-thread-view.808b1df6952405db7f61.min.js 
{
  "versionId": 1
}
[04/24/26, 09:08:03:827] info: Apr-24 09:08:03.827 [SERVICE-WORKER] asset found in existing cache bucket, adding to new bucket https://a.slack-edge.com/bv1-13-br/gantry-v2-async-client-profile-view.29d385d02c158ca9868e.min.js 
{
  "versionId": 1
}
[04/24/26, 09:08:03:829] info: Apr-24 09:08:03.828 [SERVICE-WORKER] asset found in existing cache bucket, adding to new bucket https://a.slack-edge.com/bv1-13-br/gantry-v2-async-client-file-details-view.a1e3b4cc694ba4a61d31.min.js 
{
  "versionId": 1
}
[04/24/26, 09:08:03:829] info: Apr-24 09:08:03.829 [SERVICE-WORKER] asset found in existing cache bucket, adding to new bucket https://a.slack-edge.com/bv1-13-br/gantry-v2-async-daily-digest-view.8e546d173d9e80975719.min.js 
{
  "versionId": 1
}
[04/24/26, 09:08:03:830] info: Apr-24 09:08:03.830 [SERVICE-WORKER] asset not found in an existing cache bucket https://a.slack-edge.com/bv1-13-br/gantry-v2-async-client-external-file-view.f26dfafb14337bd3a43a.min.js 
{
  "versionId": 1
}
[04/24/26, 09:08:03:831] info: Apr-24 09:08:03.830 [SERVICE-WORKER] fetching asset https://a.slack-edge.com/bv1-13-br/gantry-v2-async-client-external-file-view.f26dfafb14337bd3a43a.min.js 
{
  "versionId": 1
}
[04/24/26, 09:08:03:831] info: Apr-24 09:08:03.830 [SERVICE-WORKER] asset not found in an existing cache bucket https://a.slack-edge.com/bv1-13-br/gantry-v2-async-client-canvas-view.5cef046496354f60dd4a.min.js 
{
  "versionId": 1
}
[04/24/26, 09:08:03:831] info: Apr-24 09:08:03.831 [SERVICE-WORKER] fetching asset https://a.slack-edge.com/bv1-13-br/gantry-v2-async-client-canvas-view.5cef046496354f60dd4a.min.js 
{
  "versionId": 1
}
[04/24/26, 09:08:03:833] info: Apr-24 09:08:03.833 [SERVICE-WORKER] putting asset in cache https://a.slack-edge.com/bv1-13-br/gantry-v2-async-client-sales-bulk-grid-view.84c86082c3d84e0808c0.min.js 
{
  "versionId": 1
}
[04/24/26, 09:08:03:837] info: Apr-24 09:08:03.837 [SERVICE-WORKER] putting asset in cache https://a.slack-edge.com/bv1-13-br/gantry-v2-async-client-thread-view.b1fb9120f8770ed4330d.min.js 
{
  "versionId": 1
}
[04/24/26, 09:08:03:838] info: Apr-24 09:08:03.837 [SERVICE-WORKER] asset not found in an existing cache bucket https://a.slack-edge.com/bv1-13-br/gantry-v2-async-client-threads-view.0bc70ed87ba96a56cb42.min.js 
{
  "versionId": 1
}
[04/24/26, 09:08:03:838] info: Apr-24 09:08:03.838 [SERVICE-WORKER] fetching asset https://a.slack-edge.com/bv1-13-br/gantry-v2-async-client-threads-view.0bc70ed87ba96a56cb42.min.js 
{
  "versionId": 1
}
[04/24/26, 09:08:03:838] info: Apr-24 09:08:03.838 [SERVICE-WORKER] asset not found in an existing cache bucket https://a.slack-edge.com/bv1-13-br/gantry-v2-async-client-page-view.79528779a512bfc22178.min.js 
{
  "versionId": 1
}
[04/24/26, 09:08:03:838] info: Apr-24 09:08:03.838 [SERVICE-WORKER] fetching asset https://a.slack-edge.com/bv1-13-br/gantry-v2-async-client-page-view.79528779a512bfc22178.min.js 
{
  "versionId": 1
}
[04/24/26, 09:08:03:844] info: Apr-24 09:08:03.844 [SERVICE-WORKER] putting asset in cache https://a.slack-edge.com/bv1-13-br/gantry-v2-async-client-external-file-view.f26dfafb14337bd3a43a.min.js 
{
  "versionId": 1
}
[04/24/26, 09:08:03:845] info: Apr-24 09:08:03.845 [SERVICE-WORKER] putting asset in cache https://a.slack-edge.com/bv1-13-br/gantry-v2-async-client-canvas-view.5cef046496354f60dd4a.min.js 
{
  "versionId": 1
}
[04/24/26, 09:08:03:846] info: Apr-24 09:08:03.846 [SERVICE-WORKER] asset not found in an existing cache bucket https://a.slack-edge.com/bv1-13-br/gantry-v2-async-client-browse-apps-view.e0e6235569b884ffc521.min.js 
{
  "versionId": 1
}
[04/24/26, 09:08:03:846] info: Apr-24 09:08:03.846 [SERVICE-WORKER] fetching asset https://a.slack-edge.com/bv1-13-br/gantry-v2-async-client-browse-apps-view.e0e6235569b884ffc521.min.js 
{
  "versionId": 1
}
[04/24/26, 09:08:03:847] info: Apr-24 09:08:03.847 [SERVICE-WORKER] asset found in existing cache bucket, adding to new bucket https://a.slack-edge.com/bv1-13-br/gantry-v2-async-client-browse-workflows-tabbed-view.b7c474899235aefdaaf3.min.js 
{
  "versionId": 1
}
[04/24/26, 09:08:03:849] info: Apr-24 09:08:03.848 [SERVICE-WORKER] asset found in existing cache bucket, adding to new bucket https://a.slack-edge.com/bv1-13-br/gantry-v2-async-client-browse-unified-files-view.aa1c6a43c3bab2cef175.min.js 
{
  "versionId": 1
}
[04/24/26, 09:08:03:850] info: Apr-24 09:08:03.850 [SERVICE-WORKER] asset found in existing cache bucket, adding to new bucket https://a.slack-edge.com/bv1-13-br/gantry-v2-async-client-deleted-unified-files-view.e3b792fc75576cf8ff30.min.js 
{
  "versionId": 1
}
[04/24/26, 09:08:03:852] info: Apr-24 09:08:03.851 [SERVICE-WORKER] asset found in existing cache bucket, adding to new bucket https://a.slack-edge.com/bv1-13-br/gantry-v2-async-client-solutions-view.f50ba0cb50cfbbce13db.min.js 
{
  "versionId": 1
}
[04/24/26, 09:08:03:853] info: Apr-24 09:08:03.853 [SERVICE-WORKER] putting asset in cache https://a.slack-edge.com/bv1-13-br/gantry-v2-async-client-threads-view.0bc70ed87ba96a56cb42.min.js 
{
  "versionId": 1
}
[04/24/26, 09:08:03:854] info: Apr-24 09:08:03.853 [SERVICE-WORKER] asset found in existing cache bucket, adding to new bucket https://a.slack-edge.com/bv1-13-br/gantry-v2-async-client-agents-view.b9677f6b78f711bd55a5.min.js 
{
  "versionId": 1
}
[04/24/26, 09:08:03:855] info: Apr-24 09:08:03.855 [SERVICE-WORKER] asset found in existing cache bucket, adding to new bucket https://a.slack-edge.com/bv1-13-br/gantry-v2-async-client-agent-browser-view.de500714365e948bc0e2.min.js 
{
  "versionId": 1
}
[04/24/26, 09:08:03:857] info: Apr-24 09:08:03.856 [SERVICE-WORKER] asset found in existing cache bucket, adding to new bucket https://a.slack-edge.com/bv1-13-br/gantry-v2-async-client-external-people-view.b530da63cbabfa497f45.min.js 
{
  "versionId": 1
}
[04/24/26, 09:08:03:858] info: Apr-24 09:08:03.858 [SERVICE-WORKER] asset found in existing cache bucket, adding to new bucket https://a.slack-edge.com/bv1-13-br/gantry-v2-async-client-slack-connect-channels-view.160836cbaf996b7cb502.min.js 
{
  "versionId": 1
}
[04/24/26, 09:08:03:859] info: Apr-24 09:08:03.859 [SERVICE-WORKER] putting asset in cache https://a.slack-edge.com/bv1-13-br/gantry-v2-async-client-page-view.79528779a512bfc22178.min.js 
{
  "versionId": 1
}
[04/24/26, 09:08:03:859] info: Apr-24 09:08:03.859 [SERVICE-WORKER] asset not found in an existing cache bucket https://a.slack-edge.com/bv1-13-br/gantry-v2-async-client-browse-external-workpaces-view.3853eec05ef222e23994.min.js 
{
  "versionId": 1
}
[04/24/26, 09:08:03:859] info: Apr-24 09:08:03.859 [SERVICE-WORKER] fetching asset https://a.slack-edge.com/bv1-13-br/gantry-v2-async-client-browse-external-workpaces-view.3853eec05ef222e23994.min.js 
{
  "versionId": 1
}
[04/24/26, 09:08:03:861] info: Apr-24 09:08:03.861 [SERVICE-WORKER] putting asset in cache https://a.slack-edge.com/bv1-13-br/gantry-v2-async-client-browse-apps-view.e0e6235569b884ffc521.min.js 
{
  "versionId": 1
}
[04/24/26, 09:08:03:862] info: Apr-24 09:08:03.861 [SERVICE-WORKER] asset not found in an existing cache bucket https://a.slack-edge.com/bv1-13-br/gantry-v2-async-client-workflow-editor-view.4fc2fea504ad580312bd.min.js 
{
  "versionId": 1
}
[04/24/26, 09:08:03:862] info: Apr-24 09:08:03.861 [SERVICE-WORKER] fetching asset https://a.slack-edge.com/bv1-13-br/gantry-v2-async-client-workflow-editor-view.4fc2fea504ad580312bd.min.js 
{
  "versionId": 1
}
[04/24/26, 09:08:03:862] info: Apr-24 09:08:03.862 [SERVICE-WORKER] asset not found in an existing cache bucket https://a.slack-edge.com/bv1-13-br/gantry-v2-async-client-workflow-template-editor-view.8211fc0ea37e26bdb981.min.js 
{
  "versionId": 1
}
[04/24/26, 09:08:03:862] info: Apr-24 09:08:03.862 [SERVICE-WORKER] fetching asset https://a.slack-edge.com/bv1-13-br/gantry-v2-async-client-workflow-template-editor-view.8211fc0ea37e26bdb981.min.js 
{
  "versionId": 1
}
[04/24/26, 09:08:03:869] info: Apr-24 09:08:03.869 [SERVICE-WORKER] asset found in existing cache bucket, adding to new bucket https://a.slack-edge.com/bv1-13-br/gantry-v2-async-client-workflow-being-created-view.d097634b832b3338d660.min.js 
{
  "versionId": 1
}
[04/24/26, 09:08:03:870] info: Apr-24 09:08:03.870 [SERVICE-WORKER] asset found in existing cache bucket, adding to new bucket https://a.slack-edge.com/bv1-13-br/gantry-v2-async-client-recent-platform-view.e7eff54062e6329a7430.min.js 
{
  "versionId": 1
}
[04/24/26, 09:08:03:871] info: Apr-24 09:08:03.871 [SERVICE-WORKER] asset not found in an existing cache bucket https://a.slack-edge.com/bv1-13-br/gantry-v2-async-client-slack-connect-view.43bd2eb3dae5ead06395.min.js 
{
  "versionId": 1
}
[04/24/26, 09:08:03:871] info: Apr-24 09:08:03.871 [SERVICE-WORKER] fetching asset https://a.slack-edge.com/bv1-13-br/gantry-v2-async-client-slack-connect-view.43bd2eb3dae5ead06395.min.js 
{
  "versionId": 1
}
[04/24/26, 09:08:03:875] info: Apr-24 09:08:03.875 [SERVICE-WORKER] putting asset in cache https://a.slack-edge.com/bv1-13-br/gantry-v2-async-client-browse-external-workpaces-view.3853eec05ef222e23994.min.js 
{
  "versionId": 1
}
[04/24/26, 09:08:03:878] info: Apr-24 09:08:03.878 [SERVICE-WORKER] putting asset in cache https://a.slack-edge.com/bv1-13-br/gantry-v2-async-client-workflow-editor-view.4fc2fea504ad580312bd.min.js 
{
  "versionId": 1
}
[04/24/26, 09:08:03:879] info: Apr-24 09:08:03.878 [SERVICE-WORKER] asset not found in an existing cache bucket https://a.slack-edge.com/bv1-13-br/gantry-v2-async-about-workspace-view.dee3ecdd072577f3ef98.min.js 
{
  "versionId": 1
}
[04/24/26, 09:08:03:879] info: Apr-24 09:08:03.878 [SERVICE-WORKER] fetching asset https://a.slack-edge.com/bv1-13-br/gantry-v2-async-about-workspace-view.dee3ecdd072577f3ef98.min.js 
{
  "versionId": 1
}
[04/24/26, 09:08:03:890] info: Apr-24 09:08:03.890 [SERVICE-WORKER] putting asset in cache https://a.slack-edge.com/bv1-13-br/gantry-v2-async-client-workflow-template-editor-view.8211fc0ea37e26bdb981.min.js 
{
  "versionId": 1
}
[04/24/26, 09:08:03:909] info: Apr-24 09:08:03.909 [SERVICE-WORKER] asset found in existing cache bucket, adding to new bucket https://a.slack-edge.com/bv1-13-br/gantry-v2-async-external-workspace-people-browser.fd936636277edc146fc7.min.js 
{
  "versionId": 1
}
[04/24/26, 09:08:03:910] info: Apr-24 09:08:03.910 [SERVICE-WORKER] putting asset in cache https://a.slack-edge.com/bv1-13-br/gantry-v2-async-client-slack-connect-view.43bd2eb3dae5ead06395.min.js 
{
  "versionId": 1
}
[04/24/26, 09:08:03:911] info: Apr-24 09:08:03.911 [SERVICE-WORKER] asset found in existing cache bucket, adding to new bucket https://a.slack-edge.com/bv1-13-br/gantry-v2-async-external-workspace-channel-browser.bb6bb4adb1a45754c3ba.min.js 
{
  "versionId": 1
}
[04/24/26, 09:08:03:912] info: Apr-24 09:08:03.912 [SERVICE-WORKER] asset not found in an existing cache bucket https://a.slack-edge.com/bv1-13-br/gantry-v2-async-paid-benefits-view.8a2d9f91ee65575f649c.min.js 
{
  "versionId": 1
}
[04/24/26, 09:08:03:913] info: Apr-24 09:08:03.912 [SERVICE-WORKER] fetching asset https://a.slack-edge.com/bv1-13-br/gantry-v2-async-paid-benefits-view.8a2d9f91ee65575f649c.min.js 
{
  "versionId": 1
}
[04/24/26, 09:08:03:918] info: Apr-24 09:08:03.918 [SERVICE-WORKER] putting asset in cache https://a.slack-edge.com/bv1-13-br/gantry-v2-async-about-workspace-view.dee3ecdd072577f3ef98.min.js 
{
  "versionId": 1
}
[04/24/26, 09:08:03:920] info: Apr-24 09:08:03.920 [SERVICE-WORKER] asset found in existing cache bucket, adding to new bucket https://a.slack-edge.com/bv1-13-br/gantry-v2-async-client-search-empty-view.9d49b4f654c1011b6d85.min.js 
{
  "versionId": 1
}
[04/24/26, 09:08:03:920] info: Apr-24 09:08:03.920 [SERVICE-WORKER] asset found in existing cache bucket, adding to new bucket https://a.slack-edge.com/bv1-13-br/gantry-v2-async-client-setup-view.0364e85e63241dff91a2.min.js 
{
  "versionId": 1
}
[04/24/26, 09:08:03:923] info: Apr-24 09:08:03.922 [SERVICE-WORKER] asset found in existing cache bucket, adding to new bucket https://a.slack-edge.com/bv1-13-br/gantry-v2-async-client-activity-empty-view.9b11fcf4c833cafe6022.min.js 
{
  "versionId": 1
}
[04/24/26, 09:08:03:923] info: Apr-24 09:08:03.923 [SERVICE-WORKER] asset not found in an existing cache bucket https://a.slack-edge.com/bv1-13-br/gantry-v2-async-client-list-record-thread.451f1bef024727370af8.min.js 
{
  "versionId": 1
}
[04/24/26, 09:08:03:923] info: Apr-24 09:08:03.923 [SERVICE-WORKER] asset found in existing cache bucket, adding to new bucket https://a.slack-edge.com/bv1-13-br/gantry-v2-async-client-list-view.7819e01535925951d4e5.min.js 
{
  "versionId": 1
}
[04/24/26, 09:08:03:923] info: Apr-24 09:08:03.923 [SERVICE-WORKER] fetching asset https://a.slack-edge.com/bv1-13-br/gantry-v2-async-client-list-record-thread.451f1bef024727370af8.min.js 
{
  "versionId": 1
}
[04/24/26, 09:08:03:924] info: Apr-24 09:08:03.924 [SERVICE-WORKER] asset not found in an existing cache bucket https://a.slack-edge.com/bv1-13-br/gantry-v2-async-client-record-channel-related-list-view.c1f7588bf04c4ea380a8.min.js 
{
  "versionId": 1
}
[04/24/26, 09:08:03:924] info: Apr-24 09:08:03.924 [SERVICE-WORKER] fetching asset https://a.slack-edge.com/bv1-13-br/gantry-v2-async-client-record-channel-related-list-view.c1f7588bf04c4ea380a8.min.js 
{
  "versionId": 1
}
[04/24/26, 09:08:03:924] info: Apr-24 09:08:03.924 [SERVICE-WORKER] asset not found in an existing cache bucket https://a.slack-edge.com/bv1-13-br/gantry-v2-async-client-record-ask-view.9a5c38ee9ecd1063a39b.min.js 
{
  "versionId": 1
}
[04/24/26, 09:08:03:925] info: Apr-24 09:08:03.924 [SERVICE-WORKER] fetching asset https://a.slack-edge.com/bv1-13-br/gantry-v2-async-client-record-ask-view.9a5c38ee9ecd1063a39b.min.js 
{
  "versionId": 1
}
[04/24/26, 09:08:03:927] info: Apr-24 09:08:03.926 [SERVICE-WORKER] putting asset in cache https://a.slack-edge.com/bv1-13-br/gantry-v2-async-paid-benefits-view.8a2d9f91ee65575f649c.min.js 
{
  "versionId": 1
}
[04/24/26, 09:08:03:930] info: Apr-24 09:08:03.930 [SERVICE-WORKER] asset not found in an existing cache bucket https://a.slack-edge.com/bv1-13-br/gantry-v2-async-client-record-view.ffb6ca2f7f44ac742239.min.js 
{
  "versionId": 1
}
[04/24/26, 09:08:03:930] info: Apr-24 09:08:03.930 [SERVICE-WORKER] fetching asset https://a.slack-edge.com/bv1-13-br/gantry-v2-async-client-record-view.ffb6ca2f7f44ac742239.min.js 
{
  "versionId": 1
}
[04/24/26, 09:08:03:937] info: Apr-24 09:08:03.937 [SERVICE-WORKER] putting asset in cache https://a.slack-edge.com/bv1-13-br/gantry-v2-async-client-list-record-thread.451f1bef024727370af8.min.js 
{
  "versionId": 1
}
[04/24/26, 09:08:03:938] info: Apr-24 09:08:03.938 [SERVICE-WORKER] putting asset in cache https://a.slack-edge.com/bv1-13-br/gantry-v2-async-client-record-channel-related-list-view.c1f7588bf04c4ea380a8.min.js 
{
  "versionId": 1
}
[04/24/26, 09:08:03:940] info: Apr-24 09:08:03.940 [SERVICE-WORKER] asset not found in an existing cache bucket https://a.slack-edge.com/bv1-13-br/gantry-v2-async-client-work-object-view.71ceb51a7fa8ac61c0a6.min.js 
{
  "versionId": 1
}
[04/24/26, 09:08:03:941] info: Apr-24 09:08:03.940 [SERVICE-WORKER] fetching asset https://a.slack-edge.com/bv1-13-br/gantry-v2-async-client-work-object-view.71ceb51a7fa8ac61c0a6.min.js 
{
  "versionId": 1
}
[04/24/26, 09:08:03:944] info: Apr-24 09:08:03.944 [SERVICE-WORKER] putting asset in cache https://a.slack-edge.com/bv1-13-br/gantry-v2-async-client-record-ask-view.9a5c38ee9ecd1063a39b.min.js 
{
  "versionId": 1
}
[04/24/26, 09:08:03:947] info: Apr-24 09:08:03.947 [SERVICE-WORKER] asset not found in an existing cache bucket https://a.slack-edge.com/bv1-13-br/gantry-v2-async-client-list-record-details.0b1925674d13bdb55543.min.js 
{
  "versionId": 1
}
[04/24/26, 09:08:03:948] info: Apr-24 09:08:03.947 [SERVICE-WORKER] fetching asset https://a.slack-edge.com/bv1-13-br/gantry-v2-async-client-list-record-details.0b1925674d13bdb55543.min.js 
{
  "versionId": 1
}
[04/24/26, 09:08:03:948] info: Apr-24 09:08:03.948 [SERVICE-WORKER] asset found in existing cache bucket, adding to new bucket https://a.slack-edge.com/bv1-13-br/gantry-v2-async-client-tableau-details.a29748fc3717507efad9.min.js 
{
  "versionId": 1
}
[04/24/26, 09:08:03:948] info: Apr-24 09:08:03.948 [SERVICE-WORKER] putting asset in cache https://a.slack-edge.com/bv1-13-br/gantry-v2-async-client-record-view.ffb6ca2f7f44ac742239.min.js 
{
  "versionId": 1
}
[04/24/26, 09:08:03:949] info: Apr-24 09:08:03.949 [SERVICE-WORKER] asset not found in an existing cache bucket https://a.slack-edge.com/bv1-13-br/gantry-v2-async-client-today-view.4c3ae53f941a1a00d865.min.js 
{
  "versionId": 1
}
[04/24/26, 09:08:03:949] info: Apr-24 09:08:03.949 [SERVICE-WORKER] fetching asset https://a.slack-edge.com/bv1-13-br/gantry-v2-async-client-today-view.4c3ae53f941a1a00d865.min.js 
{
  "versionId": 1
}
[04/24/26, 09:08:03:952] info: Apr-24 09:08:03.951 [SERVICE-WORKER] asset found in existing cache bucket, adding to new bucket https://a.slack-edge.com/bv1-13-br/gantry-v2-async-today-unreads-view.815aa791a936b6f7d9fb.min.js 
{
  "versionId": 1
}
[04/24/26, 09:08:03:953] info: Apr-24 09:08:03.953 [SERVICE-WORKER] asset found in existing cache bucket, adding to new bucket https://a.slack-edge.com/bv1-13-br/gantry-v2-async-today-action-items-view.b9333042dabd614a30a1.min.js 
{
  "versionId": 1
}
[04/24/26, 09:08:03:954] info: Apr-24 09:08:03.954 [SERVICE-WORKER] asset found in existing cache bucket, adding to new bucket https://a.slack-edge.com/bv1-13-br/gantry-v2-async-today-agenda-view.eaeac1ea2fc7a6f85f45.min.js 
{
  "versionId": 1
}
[04/24/26, 09:08:03:955] info: Apr-24 09:08:03.955 [SERVICE-WORKER] asset not found in an existing cache bucket https://a.slack-edge.com/bv1-13-br/gantry-v2-async-about-usergroup-view.cba17b4650d026963020.min.js 
{
  "versionId": 1
}
[04/24/26, 09:08:03:955] info: Apr-24 09:08:03.955 [SERVICE-WORKER] fetching asset https://a.slack-edge.com/bv1-13-br/gantry-v2-async-about-usergroup-view.cba17b4650d026963020.min.js 
{
  "versionId": 1
}
[04/24/26, 09:08:03:957] info: Apr-24 09:08:03.957 [SERVICE-WORKER] putting asset in cache https://a.slack-edge.com/bv1-13-br/gantry-v2-async-client-work-object-view.71ceb51a7fa8ac61c0a6.min.js 
{
  "versionId": 1
}
[04/24/26, 09:08:03:962] info: Apr-24 09:08:03.962 [SERVICE-WORKER] asset not found in an existing cache bucket https://a.slack-edge.com/bv1-13-br/gantry-v2-async-client-unified-directory-view.bb5c5cf63e38ba462af1.min.js 
{
  "versionId": 1
}
[04/24/26, 09:08:03:962] info: Apr-24 09:08:03.962 [SERVICE-WORKER] fetching asset https://a.slack-edge.com/bv1-13-br/gantry-v2-async-client-unified-directory-view.bb5c5cf63e38ba462af1.min.js 
{
  "versionId": 1
}
[04/24/26, 09:08:03:963] info: Apr-24 09:08:03.963 [SERVICE-WORKER] putting asset in cache https://a.slack-edge.com/bv1-13-br/gantry-v2-async-client-list-record-details.0b1925674d13bdb55543.min.js 
{
  "versionId": 1
}
[04/24/26, 09:08:03:966] info: Apr-24 09:08:03.965 [SERVICE-WORKER] putting asset in cache https://a.slack-edge.com/bv1-13-br/gantry-v2-async-client-today-view.4c3ae53f941a1a00d865.min.js 
{
  "versionId": 1
}
[04/24/26, 09:08:03:967] info: Apr-24 09:08:03.966 [SERVICE-WORKER] asset not found in an existing cache bucket https://a.slack-edge.com/bv1-13-br/gantry-v2-async-client-calendar-view.caa4360b5ea34806db51.min.js 
{
  "versionId": 1
}
[04/24/26, 09:08:03:967] info: Apr-24 09:08:03.966 [SERVICE-WORKER] fetching asset https://a.slack-edge.com/bv1-13-br/gantry-v2-async-client-calendar-view.caa4360b5ea34806db51.min.js 
{
  "versionId": 1
}
[04/24/26, 09:08:03:967] info: Apr-24 09:08:03.967 [SERVICE-WORKER] asset found in existing cache bucket, adding to new bucket https://a.slack-edge.com/bv1-13-br/gantry-v2-async-client-your-agents-view.0f7cf15a79ac149c3f74.min.js 
{
  "versionId": 1
}
[04/24/26, 09:08:03:968] info: Apr-24 09:08:03.968 [SERVICE-WORKER] asset not found in an existing cache bucket https://a.slack-edge.com/bv1-13-br/gantry-v2-async-timeline-sources-view.3d45bd3ab0fe03bf1498.min.js 
{
  "versionId": 1
}
[04/24/26, 09:08:03:968] info: Apr-24 09:08:03.968 [SERVICE-WORKER] fetching asset https://a.slack-edge.com/bv1-13-br/gantry-v2-async-timeline-sources-view.3d45bd3ab0fe03bf1498.min.js 
{
  "versionId": 1
}
[04/24/26, 09:08:03:970] info: Apr-24 09:08:03.969 [SERVICE-WORKER] putting asset in cache https://a.slack-edge.com/bv1-13-br/gantry-v2-async-about-usergroup-view.cba17b4650d026963020.min.js 
{
  "versionId": 1
}
[04/24/26, 09:08:03:974] info: Apr-24 09:08:03.974 [SERVICE-WORKER] asset not found in an existing cache bucket https://a.slack-edge.com/bv1-13-br/gantry-v2-async-client-work-object-file-preview-view.93bbb7ce189aa588200f.min.js 
{
  "versionId": 1
}
[04/24/26, 09:08:03:974] info: Apr-24 09:08:03.974 [SERVICE-WORKER] fetching asset https://a.slack-edge.com/bv1-13-br/gantry-v2-async-client-work-object-file-preview-view.93bbb7ce189aa588200f.min.js 
{
  "versionId": 1
}
[04/24/26, 09:08:03:976] info: Apr-24 09:08:03.976 [SERVICE-WORKER] putting asset in cache https://a.slack-edge.com/bv1-13-br/gantry-v2-async-client-unified-directory-view.bb5c5cf63e38ba462af1.min.js 
{
  "versionId": 1
}
[04/24/26, 09:08:03:981] info: Apr-24 09:08:03.981 [SERVICE-WORKER] putting asset in cache https://a.slack-edge.com/bv1-13-br/gantry-v2-async-client-calendar-view.caa4360b5ea34806db51.min.js 
{
  "versionId": 1
}
[04/24/26, 09:08:03:982] info: Apr-24 09:08:03.981 [SERVICE-WORKER] asset not found in an existing cache bucket https://a.slack-edge.com/bv1-13-br/gantry-v2-async-activity-system-notification-view.690edc2f55c6e6f83b12.min.js 
{
  "versionId": 1
}
[04/24/26, 09:08:03:982] info: Apr-24 09:08:03.982 [SERVICE-WORKER] fetching asset https://a.slack-edge.com/bv1-13-br/gantry-v2-async-activity-system-notification-view.690edc2f55c6e6f83b12.min.js 
{
  "versionId": 1
}
[04/24/26, 09:08:03:985] info: Apr-24 09:08:03.985 [SERVICE-WORKER] putting asset in cache https://a.slack-edge.com/bv1-13-br/gantry-v2-async-timeline-sources-view.3d45bd3ab0fe03bf1498.min.js 
{
  "versionId": 1
}
[04/24/26, 09:08:03:987] info: Apr-24 09:08:03.987 [SERVICE-WORKER] asset not found in an existing cache bucket https://a.slack-edge.com/bv1-13-br/gantry-v2-async-activity-later-reminder-details-view.8cc53e8ff96d9c857443.min.js 
{
  "versionId": 1
}
[04/24/26, 09:08:03:987] info: Apr-24 09:08:03.987 [SERVICE-WORKER] fetching asset https://a.slack-edge.com/bv1-13-br/gantry-v2-async-activity-later-reminder-details-view.8cc53e8ff96d9c857443.min.js 
{
  "versionId": 1
}
[04/24/26, 09:08:03:988] info: Apr-24 09:08:03.988 [SERVICE-WORKER] asset found in existing cache bucket, adding to new bucket https://a.slack-edge.com/bv1-13-br/gantry-v2-async-slackbot-ai-upgrade-paywall.a3d81f4cd4e656b1ff4c.min.js 
{
  "versionId": 1
}
[04/24/26, 09:08:03:989] info: Apr-24 09:08:03.989 [SERVICE-WORKER] asset not found in an existing cache bucket https://a.slack-edge.com/bv1-13-br/gantry-v2-async-client-slackbot-ai-history-view.50f1f98a923e3beae6ea.min.js 
{
  "versionId": 1
}
[04/24/26, 09:08:03:989] info: Apr-24 09:08:03.989 [SERVICE-WORKER] fetching asset https://a.slack-edge.com/bv1-13-br/gantry-v2-async-client-slackbot-ai-history-view.50f1f98a923e3beae6ea.min.js 
{
  "versionId": 1
}
[04/24/26, 09:08:03:989] info: Apr-24 09:08:03.989 [SERVICE-WORKER] putting asset in cache https://a.slack-edge.com/bv1-13-br/gantry-v2-async-client-work-object-file-preview-view.93bbb7ce189aa588200f.min.js 
{
  "versionId": 1
}
[04/24/26, 09:08:03:993] info: Apr-24 09:08:03.992 [SERVICE-WORKER] asset not found in an existing cache bucket https://a.slack-edge.com/bv1-13-br/gantry-v2-async-client-slackbot-ai-skills-view.77ac855de82ad1a27b75.min.js 
{
  "versionId": 1
}
[04/24/26, 09:08:03:993] info: Apr-24 09:08:03.992 [SERVICE-WORKER] fetching asset https://a.slack-edge.com/bv1-13-br/gantry-v2-async-client-slackbot-ai-skills-view.77ac855de82ad1a27b75.min.js 
{
  "versionId": 1
}
[04/24/26, 09:08:03:998] info: Apr-24 09:08:03.997 [SERVICE-WORKER] putting asset in cache https://a.slack-edge.com/bv1-13-br/gantry-v2-async-activity-system-notification-view.690edc2f55c6e6f83b12.min.js 
{
  "versionId": 1
}
[04/24/26, 09:08:04:001] info: Apr-24 09:08:04.001 [SERVICE-WORKER] putting asset in cache https://a.slack-edge.com/bv1-13-br/gantry-v2-async-activity-later-reminder-details-view.8cc53e8ff96d9c857443.min.js 
{
  "versionId": 1
}
[04/24/26, 09:08:04:002] info: Apr-24 09:08:04.002 [SERVICE-WORKER] asset found in existing cache bucket, adding to new bucket https://a.slack-edge.com/bv1-13-br/gantry-v2-async-activity-inbox-view.e6e2a6f7d6a7e6c5065c.min.js 
{
  "versionId": 1
}
[04/24/26, 09:08:04:003] info: Apr-24 09:08:04.003 [SERVICE-WORKER] asset found in existing cache bucket, adding to new bucket https://a.slack-edge.com/bv1-13-br/gantry-v2-async-client-later-list-view.8d4a9e19d0c8d4480d9f.min.js 
{
  "versionId": 1
}
[04/24/26, 09:08:04:004] info: Apr-24 09:08:04.004 [SERVICE-WORKER] putting asset in cache https://a.slack-edge.com/bv1-13-br/gantry-v2-async-client-slackbot-ai-history-view.50f1f98a923e3beae6ea.min.js 
{
  "versionId": 1
}
[04/24/26, 09:08:04:005] info: Apr-24 09:08:04.005 [SERVICE-WORKER] asset found in existing cache bucket, adding to new bucket https://a.slack-edge.com/bv1-13-br/gantry-v2-async-search-primary-prototype.8aaddda5841e9c566f91.min.js 
{
  "versionId": 1
}
[04/24/26, 09:08:04:006] info: Apr-24 09:08:04.005 [SERVICE-WORKER] asset found in existing cache bucket, adding to new bucket https://a.slack-edge.com/bv1-13-br/gantry-v2-async-client-sales-log-activity-view.ba1b614627f70b6b0a08.min.js 
{
  "versionId": 1
}
[04/24/26, 09:08:04:007] info: Apr-24 09:08:04.007 [SERVICE-WORKER] asset found in existing cache bucket, adding to new bucket https://a.slack-edge.com/bv1-13-br/gantry-v2-async-widget-detail-view.6b2ff6ce1828a84d2ae7.min.js 
{
  "versionId": 1
}
[04/24/26, 09:08:04:007] info: Apr-24 09:08:04.007 [SERVICE-WORKER] asset found in existing cache bucket, adding to new bucket https://a.slack-edge.com/bv1-13-br/gantry-v2-async-client-canvas-comment-stream-view.8235e2828c83907b6941.min.js 
{
  "versionId": 1
}
[04/24/26, 09:08:04:009] info: Apr-24 09:08:04.009 [SERVICE-WORKER] putting asset in cache https://a.slack-edge.com/bv1-13-br/gantry-v2-async-client-slackbot-ai-skills-view.77ac855de82ad1a27b75.min.js 
{
  "versionId": 1
}
[04/24/26, 09:08:04:010] info: Apr-24 09:08:04.010 [SERVICE-WORKER] asset found in existing cache bucket, adding to new bucket https://a.slack-edge.com/bv1-13-br/gantry-v2-async-client-canvas-activity-history-view.5f77697672069e8d3baf.min.js 
{
  "versionId": 1
}
[04/24/26, 09:08:04:010] info: Apr-24 09:08:04.010 [SERVICE-WORKER] asset found in existing cache bucket, adding to new bucket https://a.slack-edge.com/bv1-13-br/gantry-v2-async-client-canvas-automations-view.9d62de0b518dbc1d079c.min.js 
{
  "versionId": 1
}
[04/24/26, 09:08:04:013] info: Apr-24 09:08:04.012 [SERVICE-WORKER] asset found in existing cache bucket, adding to new bucket https://a.slack-edge.com/bv1-13-br/gantry-v2-async-client-huddle-transcript-details-view.a0925eab89c34a61f04a.min.js 
{
  "versionId": 1
}
[04/24/26, 09:08:04:013] info: Apr-24 09:08:04.013 [SERVICE-WORKER] asset found in existing cache bucket, adding to new bucket https://a.slack-edge.com/bv1-13-br/gantry-v2-async-client-link-details-view.0c91d7ad10b82b3b32f8.min.js 
{
  "versionId": 1
}
[04/24/26, 09:08:04:013] info: Apr-24 09:08:04.013 [SERVICE-WORKER] asset found in existing cache bucket, adding to new bucket https://a.slack-edge.com/bv1-13-br/gantry-v2-async-client-search-in-channel-view.c6f6de68273cc476ca70.min.js 
{
  "versionId": 1
}
[04/24/26, 09:08:04:014] info: Apr-24 09:08:04.013 [SERVICE-WORKER] asset found in existing cache bucket, adding to new bucket https://a.slack-edge.com/bv1-13-br/gantry-v2-async-client-channel-user-group-view.a2400f8529efd9acf94d.min.js 
{
  "versionId": 1
}
[04/24/26, 09:08:04:018] info: Apr-24 09:08:04.018 [SERVICE-WORKER] asset found in existing cache bucket, adding to new bucket https://a.slack-edge.com/bv1-13-br/gantry-v2-async-external-workspace-allowed-org-pane-view.68082dbbac4cc852a3bf.min.js 
{
  "versionId": 1
}
[04/24/26, 09:08:04:018] info: Apr-24 09:08:04.018 [SERVICE-WORKER] asset found in existing cache bucket, adding to new bucket https://a.slack-edge.com/bv1-13-br/gantry-v2-async-client-feedback-view.b7444b7e8d7a1256f3ae.min.js 
{
  "versionId": 1
}
[04/24/26, 09:08:04:018] info: Apr-24 09:08:04.018 [SERVICE-WORKER] asset found in existing cache bucket, adding to new bucket https://a.slack-edge.com/bv1-13-br/gantry-v2-async-client-help-browser-view.ecf6bd6ee52d11fcb4e7.min.js 
{
  "versionId": 1
}
[04/24/26, 09:08:04:018] info: Apr-24 09:08:04.018 [SERVICE-WORKER] asset found in existing cache bucket, adding to new bucket https://a.slack-edge.com/bv1-13-br/gantry-v2-async-client-help-article-browser-view.5628403027e8e68892ea.min.js 
{
  "versionId": 1
}
[04/24/26, 09:08:04:021] info: Apr-24 09:08:04.020 [SERVICE-WORKER] asset not found in an existing cache bucket https://a.slack-edge.com/bv1-13-br/gantry-v2-async-client-list-record-history.57cd2b12a2a1eb87b6da.min.js 
{
  "versionId": 1
}
[04/24/26, 09:08:04:021] info: Apr-24 09:08:04.020 [SERVICE-WORKER] fetching asset https://a.slack-edge.com/bv1-13-br/gantry-v2-async-client-list-record-history.57cd2b12a2a1eb87b6da.min.js 
{
  "versionId": 1
}
[04/24/26, 09:08:04:021] info: Apr-24 09:08:04.021 [SERVICE-WORKER] asset found in existing cache bucket, adding to new bucket https://a.slack-edge.com/bv1-13-br/gantry-v2-async-client-whats-new-browser-view.b61d935df8adc1e5f9b0.min.js 
{
  "versionId": 1
}
[04/24/26, 09:08:04:021] info: Apr-24 09:08:04.021 [SERVICE-WORKER] asset found in existing cache bucket, adding to new bucket https://a.slack-edge.com/bv1-13-br/gantry-v2-async-client-help-category-browser-view.0b128f7274a1f49c5523.min.js 
{
  "versionId": 1
}
[04/24/26, 09:08:04:021] info: Apr-24 09:08:04.021 [SERVICE-WORKER] asset found in existing cache bucket, adding to new bucket https://a.slack-edge.com/bv1-13-br/gantry-v2-async-client-keyboard-shortcuts-browser-view.d86cc5d613f8218fbea5.min.js 
{
  "versionId": 1
}
[04/24/26, 09:08:04:023] info: Apr-24 09:08:04.023 [SERVICE-WORKER] asset not found in an existing cache bucket https://a.slack-edge.com/bv1-13-br/gantry-v2-async-client-work-object.ee9d908e49fa02bcdad5.min.js 
{
  "versionId": 1
}
[04/24/26, 09:08:04:023] info: Apr-24 09:08:04.023 [SERVICE-WORKER] fetching asset https://a.slack-edge.com/bv1-13-br/gantry-v2-async-client-work-object.ee9d908e49fa02bcdad5.min.js 
{
  "versionId": 1
}
[04/24/26, 09:08:04:023] info: Apr-24 09:08:04.023 [SERVICE-WORKER] asset found in existing cache bucket, adding to new bucket https://a.slack-edge.com/bv1-13-br/gantry-v2-async-client-list-history.065e5ee18ed0824de74f.min.js 
{
  "versionId": 1
}
[04/24/26, 09:08:04:023] info: Apr-24 09:08:04.023 [SERVICE-WORKER] asset not found in an existing cache bucket https://a.slack-edge.com/bv1-13-br/gantry-v2-async-client-ai-app-view.4fb4b077e8882cdfb03e.min.js 
{
  "versionId": 1
}
[04/24/26, 09:08:04:024] info: Apr-24 09:08:04.023 [SERVICE-WORKER] fetching asset https://a.slack-edge.com/bv1-13-br/gantry-v2-async-client-ai-app-view.4fb4b077e8882cdfb03e.min.js 
{
  "versionId": 1
}
[04/24/26, 09:08:04:025] info: Apr-24 09:08:04.024 [SERVICE-WORKER] asset found in existing cache bucket, adding to new bucket https://a.slack-edge.com/bv1-13-br/gantry-v2-async-client-about-ai-app-view.eb9acfaf3ab970393df0.min.js 
{
  "versionId": 1
}
[04/24/26, 09:08:04:026] info: Apr-24 09:08:04.026 [SERVICE-WORKER] asset found in existing cache bucket, adding to new bucket https://a.slack-edge.com/bv1-13-br/gantry-v2-async-workflow-details.0226f238f72f8c2fabc9.min.js 
{
  "versionId": 1
}
[04/24/26, 09:08:04:028] info: Apr-24 09:08:04.028 [SERVICE-WORKER] asset not found in an existing cache bucket https://a.slack-edge.com/bv1-13-br/gantry-v2-async-client-workflow-builder-agent-view.5f675dd8f27f20c1ac52.min.js 
{
  "versionId": 1
}
[04/24/26, 09:08:04:028] info: Apr-24 09:08:04.028 [SERVICE-WORKER] fetching asset https://a.slack-edge.com/bv1-13-br/gantry-v2-async-client-workflow-builder-agent-view.5f675dd8f27f20c1ac52.min.js 
{
  "versionId": 1
}
[04/24/26, 09:08:04:036] info: Apr-24 09:08:04.035 [SERVICE-WORKER] putting asset in cache https://a.slack-edge.com/bv1-13-br/gantry-v2-async-client-list-record-history.57cd2b12a2a1eb87b6da.min.js 
{
  "versionId": 1
}
[04/24/26, 09:08:04:037] info: Apr-24 09:08:04.037 [SERVICE-WORKER] putting asset in cache https://a.slack-edge.com/bv1-13-br/gantry-v2-async-client-work-object.ee9d908e49fa02bcdad5.min.js 
{
  "versionId": 1
}
[04/24/26, 09:08:04:038] info: Apr-24 09:08:04.038 [SERVICE-WORKER] asset found in existing cache bucket, adding to new bucket https://a.slack-edge.com/bv1-13-br/gantry-v2-async-app-details.8348a43d112e08b8bc44.min.js 
{
  "versionId": 1
}
[04/24/26, 09:08:04:039] info: Apr-24 09:08:04.039 [SERVICE-WORKER] putting asset in cache https://a.slack-edge.com/bv1-13-br/gantry-v2-async-client-ai-app-view.4fb4b077e8882cdfb03e.min.js 
{
  "versionId": 1
}
[04/24/26, 09:08:04:040] info: Apr-24 09:08:04.040 [SERVICE-WORKER] asset found in existing cache bucket, adding to new bucket https://a.slack-edge.com/bv1-13-br/gantry-v2-async-meeting-details-view.8cb98e89514820fcb278.min.js 
{
  "versionId": 1
}
[04/24/26, 09:08:04:040] info: Apr-24 09:08:04.040 [SERVICE-WORKER] asset found in existing cache bucket, adding to new bucket https://a.slack-edge.com/bv1-13-br/gantry-v2-async-huddle-files-view.38100dbb5c6c55c494dd.min.js 
{
  "versionId": 1
}
[04/24/26, 09:08:04:042] info: Apr-24 09:08:04.041 [SERVICE-WORKER] asset not found in an existing cache bucket https://a.slack-edge.com/bv1-13-br/gantry-v2-async-today-ai-search-view.62cad1b2e80658f732cb.min.js 
{
  "versionId": 1
}
[04/24/26, 09:08:04:042] info: Apr-24 09:08:04.041 [SERVICE-WORKER] fetching asset https://a.slack-edge.com/bv1-13-br/gantry-v2-async-today-ai-search-view.62cad1b2e80658f732cb.min.js 
{
  "versionId": 1
}
[04/24/26, 09:08:04:042] info: Apr-24 09:08:04.042 [SERVICE-WORKER] asset found in existing cache bucket, adding to new bucket https://a.slack-edge.com/bv1-13-br/gantry-v2-async-ai-explain-view.6e570543d64abb332157.min.js 
{
  "versionId": 1
}
[04/24/26, 09:08:04:042] info: Apr-24 09:08:04.042 [SERVICE-WORKER] asset found in existing cache bucket, adding to new bucket https://a.slack-edge.com/bv1-13-br/gantry-v2-async-record-related-conversations-list-all-view.4b3f0692038fe72c9643.min.js 
{
  "versionId": 1
}
[04/24/26, 09:08:04:042] info: Apr-24 09:08:04.042 [SERVICE-WORKER] putting asset in cache https://a.slack-edge.com/bv1-13-br/gantry-v2-async-client-workflow-builder-agent-view.5f675dd8f27f20c1ac52.min.js 
{
  "versionId": 1
}
[04/24/26, 09:08:04:044] info: Apr-24 09:08:04.044 [SERVICE-WORKER] asset not found in an existing cache bucket https://a.slack-edge.com/bv1-13-br/gantry-v2-async-client-channel-list-view.d57f0d144d5da1794f5d.min.js 
{
  "versionId": 1
}
[04/24/26, 09:08:04:044] info: Apr-24 09:08:04.044 [SERVICE-WORKER] fetching asset https://a.slack-edge.com/bv1-13-br/gantry-v2-async-client-channel-list-view.d57f0d144d5da1794f5d.min.js 
{
  "versionId": 1
}
[04/24/26, 09:08:04:044] info: Apr-24 09:08:04.044 [SERVICE-WORKER] asset found in existing cache bucket, adding to new bucket https://a.slack-edge.com/bv1-13-br/gantry-v2-async-today-agenda-detail-view.390b3b7b0981f80b6170.min.js 
{
  "versionId": 1
}
[04/24/26, 09:08:04:044] info: Apr-24 09:08:04.044 [SERVICE-WORKER] asset found in existing cache bucket, adding to new bucket https://a.slack-edge.com/bv1-13-br/gantry-v2-async-client-record-events-view.5f734725ffa395e1f0fd.min.js 
{
  "versionId": 1
}
[04/24/26, 09:08:04:045] info: Apr-24 09:08:04.045 [SERVICE-WORKER] asset not found in an existing cache bucket https://a.slack-edge.com/bv1-13-br/gantry-v2-async-client-dms-list-view.7ff95450217c21693b31.min.js 
{
  "versionId": 1
}
[04/24/26, 09:08:04:045] info: Apr-24 09:08:04.045 [SERVICE-WORKER] fetching asset https://a.slack-edge.com/bv1-13-br/gantry-v2-async-client-dms-list-view.7ff95450217c21693b31.min.js 
{
  "versionId": 1
}
[04/24/26, 09:08:04:045] info: Apr-24 09:08:04.045 [SERVICE-WORKER] asset not found in an existing cache bucket https://a.slack-edge.com/bv1-13-br/gantry-v2-async-more-todos-sidebar-view.ed5b0a5860bee5ce7f25.min.js 
{
  "versionId": 1
}
[04/24/26, 09:08:04:046] info: Apr-24 09:08:04.045 [SERVICE-WORKER] fetching asset https://a.slack-edge.com/bv1-13-br/gantry-v2-async-more-todos-sidebar-view.ed5b0a5860bee5ce7f25.min.js 
{
  "versionId": 1
}
[04/24/26, 09:08:04:056] info: Apr-24 09:08:04.056 [SERVICE-WORKER] putting asset in cache https://a.slack-edge.com/bv1-13-br/gantry-v2-async-today-ai-search-view.62cad1b2e80658f732cb.min.js 
{
  "versionId": 1
}
[04/24/26, 09:08:04:057] info: Apr-24 09:08:04.057 [SERVICE-WORKER] asset found in existing cache bucket, adding to new bucket https://a.slack-edge.com/bv1-13-br/gantry-v2-async-client-search-view.05cf8546ab18ca85bad9.min.js 
{
  "versionId": 1
}
[04/24/26, 09:08:04:058] info: Apr-24 09:08:04.058 [SERVICE-WORKER] putting asset in cache https://a.slack-edge.com/bv1-13-br/gantry-v2-async-client-channel-list-view.d57f0d144d5da1794f5d.min.js 
{
  "versionId": 1
}
[04/24/26, 09:08:04:059] info: Apr-24 09:08:04.058 [SERVICE-WORKER] asset not found in an existing cache bucket https://a.slack-edge.com/bv1-13-br/gantry-v2-async-unified-files-sidebar-view.707ceff5641fbc3a29cc.min.js 
{
  "versionId": 1
}
[04/24/26, 09:08:04:059] info: Apr-24 09:08:04.058 [SERVICE-WORKER] fetching asset https://a.slack-edge.com/bv1-13-br/gantry-v2-async-unified-files-sidebar-view.707ceff5641fbc3a29cc.min.js 
{
  "versionId": 1
}
[04/24/26, 09:08:04:065] info: Apr-24 09:08:04.065 [SERVICE-WORKER] putting asset in cache https://a.slack-edge.com/bv1-13-br/gantry-v2-async-client-dms-list-view.7ff95450217c21693b31.min.js 
{
  "versionId": 1
}
[04/24/26, 09:08:04:066] info: Apr-24 09:08:04.065 [SERVICE-WORKER] putting asset in cache https://a.slack-edge.com/bv1-13-br/gantry-v2-async-more-todos-sidebar-view.ed5b0a5860bee5ce7f25.min.js 
{
  "versionId": 1
}
[04/24/26, 09:08:04:066] info: Apr-24 09:08:04.066 [SERVICE-WORKER] asset not found in an existing cache bucket https://a.slack-edge.com/bv1-13-br/gantry-v2-async-more-platform-sidebar-view.84dcaff83f84a586d8a4.min.js 
{
  "versionId": 1
}
[04/24/26, 09:08:04:066] info: Apr-24 09:08:04.066 [SERVICE-WORKER] fetching asset https://a.slack-edge.com/bv1-13-br/gantry-v2-async-more-platform-sidebar-view.84dcaff83f84a586d8a4.min.js 
{
  "versionId": 1
}
[04/24/26, 09:08:04:068] info: Apr-24 09:08:04.068 [SERVICE-WORKER] asset not found in an existing cache bucket https://a.slack-edge.com/bv1-13-br/gantry-v2-async-sales-sidebar-view.9bf170202c15e8c270a0.min.js 
{
  "versionId": 1
}
[04/24/26, 09:08:04:068] info: Apr-24 09:08:04.068 [SERVICE-WORKER] fetching asset https://a.slack-edge.com/bv1-13-br/gantry-v2-async-sales-sidebar-view.9bf170202c15e8c270a0.min.js 
{
  "versionId": 1
}
[04/24/26, 09:08:04:071] info: Apr-24 09:08:04.070 [SERVICE-WORKER] asset not found in an existing cache bucket https://a.slack-edge.com/bv1-13-br/gantry-v2-async-external-connections-sidebar-view.3519fa86fc7385cb05b4.min.js 
{
  "versionId": 1
}
[04/24/26, 09:08:04:071] info: Apr-24 09:08:04.070 [SERVICE-WORKER] fetching asset https://a.slack-edge.com/bv1-13-br/gantry-v2-async-external-connections-sidebar-view.3519fa86fc7385cb05b4.min.js 
{
  "versionId": 1
}
[04/24/26, 09:08:04:074] info: Apr-24 09:08:04.073 [SERVICE-WORKER] putting asset in cache https://a.slack-edge.com/bv1-13-br/gantry-v2-async-unified-files-sidebar-view.707ceff5641fbc3a29cc.min.js 
{
  "versionId": 1
}
[04/24/26, 09:08:04:079] info: Apr-24 09:08:04.078 [SERVICE-WORKER] asset not found in an existing cache bucket https://a.slack-edge.com/bv1-13-br/gantry-v2-async-client-bbm-main-view.77af8e42bea7e90c2228.min.js 
{
  "versionId": 1
}
[04/24/26, 09:08:04:079] info: Apr-24 09:08:04.078 [SERVICE-WORKER] fetching asset https://a.slack-edge.com/bv1-13-br/gantry-v2-async-client-bbm-main-view.77af8e42bea7e90c2228.min.js 
{
  "versionId": 1
}
[04/24/26, 09:08:04:082] info: Apr-24 09:08:04.082 [SERVICE-WORKER] putting asset in cache https://a.slack-edge.com/bv1-13-br/gantry-v2-async-more-platform-sidebar-view.84dcaff83f84a586d8a4.min.js 
{
  "versionId": 1
}
[04/24/26, 09:08:04:087] info: Apr-24 09:08:04.087 [SERVICE-WORKER] putting asset in cache https://a.slack-edge.com/bv1-13-br/gantry-v2-async-sales-sidebar-view.9bf170202c15e8c270a0.min.js 
{
  "versionId": 1
}
[04/24/26, 09:08:04:088] info: Apr-24 09:08:04.088 [SERVICE-WORKER] asset found in existing cache bucket, adding to new bucket https://a.slack-edge.com/bv1-13-br/gantry-v2-async-client-bbm-workspace-switcher-view.f36931b8a80e862dda66.min.js 
{
  "versionId": 1
}
[04/24/26, 09:08:04:090] info: Apr-24 09:08:04.089 [SERVICE-WORKER] asset not found in an existing cache bucket https://a.slack-edge.com/bv1-13-br/gantry-v2-async-client-bbm-more-view.273f4b373c270c7063f2.min.js 
{
  "versionId": 1
}
[04/24/26, 09:08:04:090] info: Apr-24 09:08:04.089 [SERVICE-WORKER] fetching asset https://a.slack-edge.com/bv1-13-br/gantry-v2-async-client-bbm-more-view.273f4b373c270c7063f2.min.js 
{
  "versionId": 1
}
[04/24/26, 09:08:04:091] info: Apr-24 09:08:04.091 [SERVICE-WORKER] putting asset in cache https://a.slack-edge.com/bv1-13-br/gantry-v2-async-external-connections-sidebar-view.3519fa86fc7385cb05b4.min.js 
{
  "versionId": 1
}
[04/24/26, 09:08:04:092] info: Apr-24 09:08:04.092 [SERVICE-WORKER] asset not found in an existing cache bucket https://a.slack-edge.com/bv1-13-br/gantry-v2-async-client-later-sidebar-prototype-view.4cf16f27204ba1c76b12.min.js 
{
  "versionId": 1
}
[04/24/26, 09:08:04:092] info: Apr-24 09:08:04.092 [SERVICE-WORKER] fetching asset https://a.slack-edge.com/bv1-13-br/gantry-v2-async-client-later-sidebar-prototype-view.4cf16f27204ba1c76b12.min.js 
{
  "versionId": 1
}
[04/24/26, 09:08:04:095] info: Apr-24 09:08:04.094 [SERVICE-WORKER] putting asset in cache https://a.slack-edge.com/bv1-13-br/gantry-v2-async-client-bbm-main-view.77af8e42bea7e90c2228.min.js 
{
  "versionId": 1
}
[04/24/26, 09:08:04:096] info: Apr-24 09:08:04.095 [SERVICE-WORKER] asset not found in an existing cache bucket https://a.slack-edge.com/bv1-13-br/gantry-v2-async-client-slackbot-sidebar-view.d308e940f151eb59bf37.min.js 
{
  "versionId": 1
}
[04/24/26, 09:08:04:096] info: Apr-24 09:08:04.095 [SERVICE-WORKER] fetching asset https://a.slack-edge.com/bv1-13-br/gantry-v2-async-client-slackbot-sidebar-view.d308e940f151eb59bf37.min.js 
{
  "versionId": 1
}
[04/24/26, 09:08:04:097] info: Apr-24 09:08:04.097 [SERVICE-WORKER] asset found in existing cache bucket, adding to new bucket https://a.slack-edge.com/bv1-13-br/gantry-v2-async-client-activity-sidebar-prototype-view.44451904f2d04f1340e9.min.js 
{
  "versionId": 1
}
[04/24/26, 09:08:04:099] info: Apr-24 09:08:04.099 [SERVICE-WORKER] asset found in existing cache bucket, adding to new bucket https://a.slack-edge.com/bv1-13-br/gantry-v2-async-client-search-sidebar-prototype-view.b189f4e18347dac8d607.min.js 
{
  "versionId": 1
}
[04/24/26, 09:08:04:100] info: Apr-24 09:08:04.100 [SERVICE-WORKER] asset not found in an existing cache bucket https://a.slack-edge.com/bv1-13-br/gantry-v2-async-client-agent-home-view-split.f220a92508cde9577a00.min.js 
{
  "versionId": 1
}
[04/24/26, 09:08:04:100] info: Apr-24 09:08:04.100 [SERVICE-WORKER] fetching asset https://a.slack-edge.com/bv1-13-br/gantry-v2-async-client-agent-home-view-split.f220a92508cde9577a00.min.js 
{
  "versionId": 1
}
[04/24/26, 09:08:04:106] info: Apr-24 09:08:04.106 [SERVICE-WORKER] putting asset in cache https://a.slack-edge.com/bv1-13-br/gantry-v2-async-client-bbm-more-view.273f4b373c270c7063f2.min.js 
{
  "versionId": 1
}
[04/24/26, 09:08:04:106] info: Apr-24 09:08:04.106 [SERVICE-WORKER] putting asset in cache https://a.slack-edge.com/bv1-13-br/gantry-v2-async-client-later-sidebar-prototype-view.4cf16f27204ba1c76b12.min.js 
{
  "versionId": 1
}
[04/24/26, 09:08:04:108] info: Apr-24 09:08:04.108 [SERVICE-WORKER] asset not found in an existing cache bucket https://a.slack-edge.com/bv1-13-br/gantry-v2-async-slackbot-ai-split-view.c2fe3952239ab13b8a9a.min.js 
{
  "versionId": 1
}
[04/24/26, 09:08:04:108] info: Apr-24 09:08:04.108 [SERVICE-WORKER] fetching asset https://a.slack-edge.com/bv1-13-br/gantry-v2-async-slackbot-ai-split-view.c2fe3952239ab13b8a9a.min.js 
{
  "versionId": 1
}
[04/24/26, 09:08:04:110] info: Apr-24 09:08:04.110 [SERVICE-WORKER] putting asset in cache https://a.slack-edge.com/bv1-13-br/gantry-v2-async-client-slackbot-sidebar-view.d308e940f151eb59bf37.min.js 
{
  "versionId": 1
}
[04/24/26, 09:08:04:111] info: Apr-24 09:08:04.111 [SERVICE-WORKER] asset not found in an existing cache bucket https://a.slack-edge.com/bv1-13-br/gantry-v2-async-client-dev-tools-panel.7945e935baa79583d33d.min.js 
{
  "versionId": 1
}
[04/24/26, 09:08:04:111] info: Apr-24 09:08:04.111 [SERVICE-WORKER] fetching asset https://a.slack-edge.com/bv1-13-br/gantry-v2-async-client-dev-tools-panel.7945e935baa79583d33d.min.js 
{
  "versionId": 1
}
[04/24/26, 09:08:04:115] info: Apr-24 09:08:04.115 [SERVICE-WORKER] asset found in existing cache bucket, adding to new bucket https://a.slack-edge.com/bv1-13-br/gantry-v2-async-spider-crawl.json.4a06b2e364afbe928460.min.js 
{
  "versionId": 1
}
[04/24/26, 09:08:04:118] info: Apr-24 09:08:04.117 [SERVICE-WORKER] putting asset in cache https://a.slack-edge.com/bv1-13-br/gantry-v2-async-client-agent-home-view-split.f220a92508cde9577a00.min.js 
{
  "versionId": 1
}
[04/24/26, 09:08:04:118] info: Apr-24 09:08:04.118 [SERVICE-WORKER] asset found in existing cache bucket, adding to new bucket https://a.slack-edge.com/bv1-13-br/gantry-v2-async-spring-bloom.json.9120e8aae1597a62f33d.min.js 
{
  "versionId": 1
}
[04/24/26, 09:08:04:120] info: Apr-24 09:08:04.120 [SERVICE-WORKER] asset found in existing cache bucket, adding to new bucket https://a.slack-edge.com/bv1-13-br/gantry-v2-async-spring-bunny.json.8ff144fffd79ca23b18b.min.js 
{
  "versionId": 1
}
[04/24/26, 09:08:04:121] info: Apr-24 09:08:04.120 [SERVICE-WORKER] asset found in existing cache bucket, adding to new bucket https://a.slack-edge.com/bv1-13-br/gantry-v2-async-spring-sweep.json.2737bf36468495c44033.min.js 
{
  "versionId": 1
}
[04/24/26, 09:08:04:122] info: Apr-24 09:08:04.122 [SERVICE-WORKER] putting asset in cache https://a.slack-edge.com/bv1-13-br/gantry-v2-async-slackbot-ai-split-view.c2fe3952239ab13b8a9a.min.js 
{
  "versionId": 1
}
[04/24/26, 09:08:04:123] info: Apr-24 09:08:04.123 [SERVICE-WORKER] asset found in existing cache bucket, adding to new bucket https://a.slack-edge.com/bv1-13-br/gantry-v2-async-client-browse-user-groups-view.838e19d7a5fac8117b6a.min.js 
{
  "versionId": 1
}
[04/24/26, 09:08:04:123] info: Apr-24 09:08:04.123 [SERVICE-WORKER] asset found in existing cache bucket, adding to new bucket https://a.slack-edge.com/bv1-13-br/gantry-v2-async-client-sidekicks-view.798c8288a8cbbbc6e240.min.js 
{
  "versionId": 1
}
[04/24/26, 09:08:04:124] info: Apr-24 09:08:04.124 [SERVICE-WORKER] asset not found in an existing cache bucket https://a.slack-edge.com/bv1-13-br/gantry-v2-async-client-app-popout-view.4bc60993cf6eb3d71b32.min.js 
{
  "versionId": 1
}
[04/24/26, 09:08:04:124] info: Apr-24 09:08:04.124 [SERVICE-WORKER] fetching asset https://a.slack-edge.com/bv1-13-br/gantry-v2-async-client-app-popout-view.4bc60993cf6eb3d71b32.min.js 
{
  "versionId": 1
}
[04/24/26, 09:08:04:125] info: Apr-24 09:08:04.125 [SERVICE-WORKER] asset found in existing cache bucket, adding to new bucket https://a.slack-edge.com/bv1-13-br/gantry-v2-async-client-feed-item-details-view.1fbf207f0fc972d79dbe.min.js 
{
  "versionId": 1
}
[04/24/26, 09:08:04:126] info: Apr-24 09:08:04.126 [SERVICE-WORKER] asset found in existing cache bucket, adding to new bucket https://a.slack-edge.com/bv1-13-br/gantry-v2-async-client-browse-people-view.27d9c5fd9894040453a2.min.js 
{
  "versionId": 1
}
[04/24/26, 09:08:04:126] info: Apr-24 09:08:04.126 [SERVICE-WORKER] putting asset in cache https://a.slack-edge.com/bv1-13-br/gantry-v2-async-client-dev-tools-panel.7945e935baa79583d33d.min.js 
{
  "versionId": 1
}
[04/24/26, 09:08:04:127] info: Apr-24 09:08:04.127 [SERVICE-WORKER] asset not found in an existing cache bucket https://a.slack-edge.com/bv1-13-br/gantry-v2-async-client-org-directory-view.9756e6c9e80a5f4e4429.min.js 
{
  "versionId": 1
}
[04/24/26, 09:08:04:127] info: Apr-24 09:08:04.127 [SERVICE-WORKER] fetching asset https://a.slack-edge.com/bv1-13-br/gantry-v2-async-client-org-directory-view.9756e6c9e80a5f4e4429.min.js 
{
  "versionId": 1
}
[04/24/26, 09:08:04:128] info: Apr-24 09:08:04.127 [SERVICE-WORKER] asset not found in an existing cache bucket https://a.slack-edge.com/bv1-13-br/gantry-v2-async-client-task-approval-view.93a9b39e6d1cb9fa2105.min.js 
{
  "versionId": 1
}
[04/24/26, 09:08:04:128] info: Apr-24 09:08:04.127 [SERVICE-WORKER] fetching asset https://a.slack-edge.com/bv1-13-br/gantry-v2-async-client-task-approval-view.93a9b39e6d1cb9fa2105.min.js 
{
  "versionId": 1
}
[04/24/26, 09:08:04:128] info: Apr-24 09:08:04.128 [SERVICE-WORKER] asset not found in an existing cache bucket https://a.slack-edge.com/bv1-13-br/gantry-v2-async-client-agents-home-view.6b213ed9d76cf1ac5f4f.min.js 
{
  "versionId": 1
}
[04/24/26, 09:08:04:128] info: Apr-24 09:08:04.128 [SERVICE-WORKER] fetching asset https://a.slack-edge.com/bv1-13-br/gantry-v2-async-client-agents-home-view.6b213ed9d76cf1ac5f4f.min.js 
{
  "versionId": 1
}
[04/24/26, 09:08:04:140] info: Apr-24 09:08:04.140 [SERVICE-WORKER] putting asset in cache https://a.slack-edge.com/bv1-13-br/gantry-v2-async-client-app-popout-view.4bc60993cf6eb3d71b32.min.js 
{
  "versionId": 1
}
[04/24/26, 09:08:04:142] info: Apr-24 09:08:04.141 [SERVICE-WORKER] putting asset in cache https://a.slack-edge.com/bv1-13-br/gantry-v2-async-client-org-directory-view.9756e6c9e80a5f4e4429.min.js 
{
  "versionId": 1
}
[04/24/26, 09:08:04:143] info: Apr-24 09:08:04.143 [SERVICE-WORKER] asset found in existing cache bucket, adding to new bucket https://a.slack-edge.com/bv1-13-br/gantry-v2-async-desktop-delegates-patching.bbeeb80a062fd3ec64fe.min.js 
{
  "versionId": 1
}
[04/24/26, 09:08:04:145] info: Apr-24 09:08:04.145 [SERVICE-WORKER] putting asset in cache https://a.slack-edge.com/bv1-13-br/gantry-v2-async-client-task-approval-view.93a9b39e6d1cb9fa2105.min.js 
{
  "versionId": 1
}
[04/24/26, 09:08:04:146] info: Apr-24 09:08:04.146 [SERVICE-WORKER] asset not found in an existing cache bucket https://a.slack-edge.com/bv1-13-br/gantry-v2-async-node_modules_sqlite_org_sqlite-wasm_sqlite-wasm_jswasm_sqlite3-worker1-bundler-friendly_mjs.429fa149eb2108222574.min.js 
{
  "versionId": 1
}
[04/24/26, 09:08:04:147] info: Apr-24 09:08:04.146 [SERVICE-WORKER] fetching asset https://a.slack-edge.com/bv1-13-br/gantry-v2-async-node_modules_sqlite_org_sqlite-wasm_sqlite-wasm_jswasm_sqlite3-worker1-bundler-friendly_mjs.429fa149eb2108222574.min.js 
{
  "versionId": 1
}
[04/24/26, 09:08:04:147] info: Apr-24 09:08:04.146 [SERVICE-WORKER] asset found in existing cache bucket, adding to new bucket https://a.slack-edge.com/bv1-13-br/gantry-v2-async-vendors-node_modules_sqlite_org_sqlite-wasm_sqlite-wasm_jswasm_sqlite3-opfs-async-proxy_js.b33d22168554afa1f34c.min.js 
{
  "versionId": 1
}
[04/24/26, 09:08:04:149] info: Apr-24 09:08:04.149 [SERVICE-WORKER] putting asset in cache https://a.slack-edge.com/bv1-13-br/gantry-v2-async-client-agents-home-view.6b213ed9d76cf1ac5f4f.min.js 
{
  "versionId": 1
}
[04/24/26, 09:08:04:154] info: Apr-24 09:08:04.153 [SERVICE-WORKER] asset found in existing cache bucket, adding to new bucket https://a.slack-edge.com/bv1-13-br/gantry-v2-async-straight-to-biz-plus-rocket-animation.e2640314039fc05ce192.min.js 
{
  "versionId": 1
}
[04/24/26, 09:08:04:154] info: Apr-24 09:08:04.154 [SERVICE-WORKER] asset not found in an existing cache bucket https://a.slack-edge.com/bv1-13-br/gantry-v2-async-workflow-builder-page-edit-hermes-workflow.6e12ef3da0302f085daf.min.js 
{
  "versionId": 1
}
[04/24/26, 09:08:04:154] info: Apr-24 09:08:04.154 [SERVICE-WORKER] fetching asset https://a.slack-edge.com/bv1-13-br/gantry-v2-async-workflow-builder-page-edit-hermes-workflow.6e12ef3da0302f085daf.min.js 
{
  "versionId": 1
}
[04/24/26, 09:08:04:156] info: Apr-24 09:08:04.154 [SERVICE-WORKER] asset found in existing cache bucket, adding to new bucket https://a.slack-edge.com/bv1-13-br/gantry-v2-async-workflow-builder-page-workflow-deleted.2996a2898eb1283a61c0.min.js 
{
  "versionId": 1
}
[04/24/26, 09:08:04:159] info: Apr-24 09:08:04.159 [SERVICE-WORKER] asset not found in an existing cache bucket https://a.slack-edge.com/bv1-13-br/gantry-v2-async-workflow-builder-page-integrations.b6f9904b9f1a0790200c.min.js 
{
  "versionId": 1
}
[04/24/26, 09:08:04:160] info: Apr-24 09:08:04.159 [SERVICE-WORKER] fetching asset https://a.slack-edge.com/bv1-13-br/gantry-v2-async-workflow-builder-page-integrations.b6f9904b9f1a0790200c.min.js 
{
  "versionId": 1
}
[04/24/26, 09:08:04:160] info: Apr-24 09:08:04.159 [SERVICE-WORKER] asset found in existing cache bucket, adding to new bucket https://a.slack-edge.com/bv1-13-br/gantry-v2-async-workflow-builder-page-workflow-list.688a96998fcc93b1aa31.min.js 
{
  "versionId": 1
}
[04/24/26, 09:08:04:162] info: Apr-24 09:08:04.162 [SERVICE-WORKER] asset found in existing cache bucket, adding to new bucket https://a.slack-edge.com/bv1-13-br/gantry-v2-async-workflow-builder-page-create-empty-workflow.55698f22caddc67e818e.min.js 
{
  "versionId": 1
}
[04/24/26, 09:08:04:163] info: Apr-24 09:08:04.163 [SERVICE-WORKER] putting asset in cache https://a.slack-edge.com/bv1-13-br/gantry-v2-async-node_modules_sqlite_org_sqlite-wasm_sqlite-wasm_jswasm_sqlite3-worker1-bundler-friendly_mjs.429fa149eb2108222574.min.js 
{
  "versionId": 1
}
[04/24/26, 09:08:04:165] info: Apr-24 09:08:04.165 [SERVICE-WORKER] asset found in existing cache bucket, adding to new bucket https://a.slack-edge.com/bv1-13-br/gantry-v2-async-workflow-builder-page-url-error.4a998356024923317a75.min.js 
{
  "versionId": 1
}
[04/24/26, 09:08:04:167] info: Apr-24 09:08:04.166 [SERVICE-WORKER] asset not found in an existing cache bucket https://a.slack-edge.com/bv1-13-br/gantry-v2-async-workflow-builder-template-selection-workflow.053a15425dc0cd5a6cf1.min.js 
{
  "versionId": 1
}
[04/24/26, 09:08:04:167] info: Apr-24 09:08:04.166 [SERVICE-WORKER] fetching asset https://a.slack-edge.com/bv1-13-br/gantry-v2-async-workflow-builder-template-selection-workflow.053a15425dc0cd5a6cf1.min.js 
{
  "versionId": 1
}
[04/24/26, 09:08:04:168] info: Apr-24 09:08:04.167 [SERVICE-WORKER] asset not found in an existing cache bucket https://a.slack-edge.com/bv1-13-br/gantry-v2-async-workflow-builder-template-edit.d899590a5bd2ef1e8ebc.min.js 
{
  "versionId": 1
}
[04/24/26, 09:08:04:168] info: Apr-24 09:08:04.167 [SERVICE-WORKER] fetching asset https://a.slack-edge.com/bv1-13-br/gantry-v2-async-workflow-builder-template-edit.d899590a5bd2ef1e8ebc.min.js 
{
  "versionId": 1
}
[04/24/26, 09:08:04:171] info: Apr-24 09:08:04.170 [SERVICE-WORKER] putting asset in cache https://a.slack-edge.com/bv1-13-br/gantry-v2-async-workflow-builder-page-edit-hermes-workflow.6e12ef3da0302f085daf.min.js 
{
  "versionId": 1
}
[04/24/26, 09:08:04:185] info: Apr-24 09:08:04.184 [SERVICE-WORKER] putting asset in cache https://a.slack-edge.com/bv1-13-br/gantry-v2-async-workflow-builder-page-integrations.b6f9904b9f1a0790200c.min.js 
{
  "versionId": 1
}
[04/24/26, 09:08:04:188] info: Apr-24 09:08:04.187 [SERVICE-WORKER] putting asset in cache https://a.slack-edge.com/bv1-13-br/gantry-v2-async-workflow-builder-template-selection-workflow.053a15425dc0cd5a6cf1.min.js 
{
  "versionId": 1
}
[04/24/26, 09:08:04:189] info: Apr-24 09:08:04.189 [SERVICE-WORKER] asset not found in an existing cache bucket https://a.slack-edge.com/bv1-13-br/gantry-v2-async-workflow-builder-page-agent.c5054055d10c3dcfebb8.min.js 
{
  "versionId": 1
}
[04/24/26, 09:08:04:189] info: Apr-24 09:08:04.189 [SERVICE-WORKER] fetching asset https://a.slack-edge.com/bv1-13-br/gantry-v2-async-workflow-builder-page-agent.c5054055d10c3dcfebb8.min.js 
{
  "versionId": 1
}
[04/24/26, 09:08:04:189] info: Apr-24 09:08:04.189 [SERVICE-WORKER] asset found in existing cache bucket, adding to new bucket https://a.slack-edge.com/bv1-13-br/gantry-v2-async-workflow-builder-template-steps-edit.8fa5b37f025a73c282e6.min.js 
{
  "versionId": 1
}
[04/24/26, 09:08:04:191] info: Apr-24 09:08:04.191 [SERVICE-WORKER] asset found in existing cache bucket, adding to new bucket https://a.slack-edge.com/bv1-13-br/gantry-v2-async-slackbot-banner-animation.70613d809be533a0415b.min.js 
{
  "versionId": 1
}
[04/24/26, 09:08:04:193] info: Apr-24 09:08:04.193 [SERVICE-WORKER] asset found in existing cache bucket, adding to new bucket https://a.slack-edge.com/bv1-13-br/gantry-v2-async-slackbot-banner-darkmode-animation.f1844c7222bee9671cf9.min.js 
{
  "versionId": 1
}
[04/24/26, 09:08:04:194] info: Apr-24 09:08:04.194 [SERVICE-WORKER] putting asset in cache https://a.slack-edge.com/bv1-13-br/gantry-v2-async-workflow-builder-template-edit.d899590a5bd2ef1e8ebc.min.js 
{
  "versionId": 1
}
[04/24/26, 09:08:04:196] info: Apr-24 09:08:04.196 [SERVICE-WORKER] asset found in existing cache bucket, adding to new bucket https://a.slack-edge.com/bv1-13-br/gantry-v2-async-mrbeast-confetti.json.a3992cc2879f6a12f971.min.js 
{
  "versionId": 1
}
[04/24/26, 09:08:04:199] info: Apr-24 09:08:04.199 [SERVICE-WORKER] asset found in existing cache bucket, adding to new bucket https://a.slack-edge.com/bv1-13-br/gantry-v2-async-client-browse-shortcuts-view.7f9ba6bfdf1ea294427b.min.js 
{
  "versionId": 1
}
[04/24/26, 09:08:04:201] info: Apr-24 09:08:04.201 [SERVICE-WORKER] asset found in existing cache bucket, adding to new bucket https://a.slack-edge.com/bv1-13-br/gantry-v2-async-client-workflow-templates-view.a2e583fa18cf95f9e69b.min.js 
{
  "versionId": 1
}
[04/24/26, 09:08:04:203] info: Apr-24 09:08:04.203 [SERVICE-WORKER] asset found in existing cache bucket, adding to new bucket https://a.slack-edge.com/bv1-13-br/gantry-v2-async-client-workflows-managed-by-you-view.3be1283023746f6c65af.min.js 
{
  "versionId": 1
}
[04/24/26, 09:08:04:203] info: Apr-24 09:08:04.203 [SERVICE-WORKER] asset found in existing cache bucket, adding to new bucket https://a.slack-edge.com/bv1-13-br/gantry-v2-async-client-your-workflow-templates-view.30f72d5d4e689770bc5f.min.js 
{
  "versionId": 1
}
[04/24/26, 09:08:04:204] info: Apr-24 09:08:04.204 [SERVICE-WORKER] putting asset in cache https://a.slack-edge.com/bv1-13-br/gantry-v2-async-workflow-builder-page-agent.c5054055d10c3dcfebb8.min.js 
{
  "versionId": 1
}
[04/24/26, 09:08:04:206] info: Apr-24 09:08:04.206 [SERVICE-WORKER] asset found in existing cache bucket, adding to new bucket https://a.slack-edge.com/bv1-13-br/gantry-v2-async-client-agent-browser-agent-exchange-view.0241d3d3fcc1e785c321.min.js 
{
  "versionId": 1
}
[04/24/26, 09:08:04:206] info: Apr-24 09:08:04.206 [SERVICE-WORKER] asset found in existing cache bucket, adding to new bucket https://a.slack-edge.com/bv1-13-br/gantry-v2-async-client-agent-browser-my-agents-view.9b0bb8a28414db45c838.min.js 
{
  "versionId": 1
}
[04/24/26, 09:08:04:206] info: Apr-24 09:08:04.206 [SERVICE-WORKER] asset found in existing cache bucket, adding to new bucket https://a.slack-edge.com/bv1-13-br/gantry-v2-async-client-browse-sidekicks-view-content.39e27ff706ee75d634a6.min.js 
{
  "versionId": 1
}
[04/24/26, 09:08:04:208] info: Apr-24 09:08:04.208 [SERVICE-WORKER] asset found in existing cache bucket, adding to new bucket https://a.slack-edge.com/bv1-13-br/gantry-v2-async-workflow-builder-segment-form-loop.069f0550b170a297f468.min.js 
{
  "versionId": 1
}
[04/24/26, 09:08:04:209] info: Apr-24 09:08:04.208 [SERVICE-WORKER] asset found in existing cache bucket, adding to new bucket https://a.slack-edge.com/bv1-13-br/gantry-v2-async-workflow-builder-segment-form-slack-function-form.b5dda013d2a16f5a45e7.min.js 
{
  "versionId": 1
}
[04/24/26, 09:08:04:209] info: Apr-24 09:08:04.209 [SERVICE-WORKER] asset found in existing cache bucket, adding to new bucket https://a.slack-edge.com/bv1-13-br/gantry-v2-async-workflow-builder-segment-form-switch.b832ffb4dde9cf1208ba.min.js 
{
  "versionId": 1
}
[04/24/26, 09:08:04:211] info: Apr-24 09:08:04.211 [SERVICE-WORKER] asset found in existing cache bucket, adding to new bucket https://a.slack-edge.com/bv1-13-br/gantry-v2-async-workflow-builder-segment-form-third-party-event.c892c9ff533b44a54c2d.min.js 
{
  "versionId": 1
}
[04/24/26, 09:08:04:211] info: Apr-24 09:08:04.211 [SERVICE-WORKER] asset found in existing cache bucket, adding to new bucket https://a.slack-edge.com/bv1-13-br/gantry-v2-async-workflow-builder-segment-form-hermes-scheduled.e5e02109d911dc375387.min.js 
{
  "versionId": 1
}
[04/24/26, 09:08:04:213] info: Apr-24 09:08:04.213 [SERVICE-WORKER] asset found in existing cache bucket, adding to new bucket https://a.slack-edge.com/bv1-13-br/gantry-v2-async-workflow-builder-segment-form-hermes-webhook.4efac6b521b2a3cc7e40.min.js 
{
  "versionId": 1
}
[04/24/26, 09:08:04:216] info: Apr-24 09:08:04.215 [SERVICE-WORKER] asset not found in an existing cache bucket https://a.slack-edge.com/bv1-13-br/gantry-v2-async-react-scan.8ab934268dfed6f42f98.min.js 
{
  "versionId": 1
}
[04/24/26, 09:08:04:216] info: Apr-24 09:08:04.215 [SERVICE-WORKER] fetching asset https://a.slack-edge.com/bv1-13-br/gantry-v2-async-react-scan.8ab934268dfed6f42f98.min.js 
{
  "versionId": 1
}
[04/24/26, 09:08:04:216] info: Apr-24 09:08:04.216 [SERVICE-WORKER] asset found in existing cache bucket, adding to new bucket https://a.slack-edge.com/bv1-13-br/gantry-v2-async-workflow-builder-segment-form-shortcut.d4ca967d2ef4112b620f.min.js 
{
  "versionId": 1
}
[04/24/26, 09:08:04:216] info: Apr-24 09:08:04.216 [SERVICE-WORKER] asset found in existing cache bucket, adding to new bucket https://a.slack-edge.com/bv1-13-br/gantry-v2-async-workflow-builder-segment-form-slack-event.690fd3755fc0d9caece9.min.js 
{
  "versionId": 1
}
[04/24/26, 09:08:04:220] info: Apr-24 09:08:04.220 [SERVICE-WORKER] asset not found in an existing cache bucket https://a.slack-edge.com/bv1-13-br/gantry-v2-async-gantry-v2-vendors-async.f39cce92b265002e3f04.min.js 
{
  "versionId": 1
}
[04/24/26, 09:08:04:220] info: Apr-24 09:08:04.220 [SERVICE-WORKER] fetching asset https://a.slack-edge.com/bv1-13-br/gantry-v2-async-gantry-v2-vendors-async.f39cce92b265002e3f04.min.js 
{
  "versionId": 1
}
[04/24/26, 09:08:04:220] info: Apr-24 09:08:04.220 [SERVICE-WORKER] asset not found in an existing cache bucket https://a.slack-edge.com/bv1-13-br/gantry-v2-async-gantry-v2-shared-boot-async.2e97c75c3665a4c6d29b.min.js 
{
  "versionId": 1
}
[04/24/26, 09:08:04:220] info: Apr-24 09:08:04.220 [SERVICE-WORKER] fetching asset https://a.slack-edge.com/bv1-13-br/gantry-v2-async-gantry-v2-shared-boot-async.2e97c75c3665a4c6d29b.min.js 
{
  "versionId": 1
}
[04/24/26, 09:08:04:223] info: Apr-24 09:08:04.222 [SERVICE-WORKER] asset not found in an existing cache bucket https://a.slack-edge.com/bv1-13-br/gantry-v2-vendors.4ccb766c85ca342c4460.min.js 
{
  "versionId": 1
}
[04/24/26, 09:08:04:223] info: Apr-24 09:08:04.223 [SERVICE-WORKER] fetching asset https://a.slack-edge.com/bv1-13-br/gantry-v2-vendors.4ccb766c85ca342c4460.min.js 
{
  "versionId": 1
}
[04/24/26, 09:08:04:232] info: Apr-24 09:08:04.232 [SERVICE-WORKER] putting asset in cache https://a.slack-edge.com/bv1-13-br/gantry-v2-async-react-scan.8ab934268dfed6f42f98.min.js 
{
  "versionId": 1
}
[04/24/26, 09:08:04:241] info: Apr-24 09:08:04.236 [SERVICE-WORKER] putting asset in cache https://a.slack-edge.com/bv1-13-br/gantry-v2-async-gantry-v2-vendors-async.f39cce92b265002e3f04.min.js 
{
  "versionId": 1
}
[04/24/26, 09:08:04:241] info: Apr-24 09:08:04.237 [SERVICE-WORKER] asset not found in an existing cache bucket https://a.slack-edge.com/bv1-13-br/gantry-v2-async-gantry-v2-vendors-async-client.77a512f5ee50d939afc7.min.js 
{
  "versionId": 1
}
[04/24/26, 09:08:04:241] info: Apr-24 09:08:04.237 [SERVICE-WORKER] fetching asset https://a.slack-edge.com/bv1-13-br/gantry-v2-async-gantry-v2-vendors-async-client.77a512f5ee50d939afc7.min.js 
{
  "versionId": 1
}
[04/24/26, 09:08:04:243] info: Apr-24 09:08:04.242 [SERVICE-WORKER] putting asset in cache https://a.slack-edge.com/bv1-13-br/gantry-v2-async-gantry-v2-shared-boot-async.2e97c75c3665a4c6d29b.min.js 
{
  "versionId": 1
}
[04/24/26, 09:08:04:252] info: Apr-24 09:08:04.251 [SERVICE-WORKER] putting asset in cache https://a.slack-edge.com/bv1-13-br/gantry-v2-vendors.4ccb766c85ca342c4460.min.js 
{
  "versionId": 1
}
[04/24/26, 09:08:04:285] info: Apr-24 09:08:04.285 [SERVICE-WORKER] putting asset in cache https://a.slack-edge.com/bv1-13-br/gantry-v2-async-gantry-v2-vendors-async-client.77a512f5ee50d939afc7.min.js 
{
  "versionId": 1
}
[04/24/26, 09:08:04:324] info: Apr-24 09:08:04.324 [SERVICE-WORKER] asset found in existing cache bucket, adding to new bucket https://a.slack-edge.com/bv1-13-br/gantry-v2-async-gantry-v2-vendors-async-workflow-builder.36c4015f818705c5a3e0.min.js 
{
  "versionId": 1
}
[04/24/26, 09:08:04:325] info: Apr-24 09:08:04.325 [SERVICE-WORKER] asset not found in an existing cache bucket https://a.slack-edge.com/bv1-13-br/gantry-v2-vendors-client.5076482d21ad9e9444f7.min.js 
{
  "versionId": 1
}
[04/24/26, 09:08:04:325] info: Apr-24 09:08:04.325 [SERVICE-WORKER] fetching asset https://a.slack-edge.com/bv1-13-br/gantry-v2-vendors-client.5076482d21ad9e9444f7.min.js 
{
  "versionId": 1
}
[04/24/26, 09:08:04:370] info: Apr-24 09:08:04.370 [SERVICE-WORKER] asset not found in an existing cache bucket https://a.slack-edge.com/bv1-13-br/gantry-v2-shared.975b78e55bbe880c847e.min.js 
{
  "versionId": 1
}
[04/24/26, 09:08:04:370] info: Apr-24 09:08:04.370 [SERVICE-WORKER] fetching asset https://a.slack-edge.com/bv1-13-br/gantry-v2-shared.975b78e55bbe880c847e.min.js 
{
  "versionId": 1
}
[04/24/26, 09:08:04:373] info: Apr-24 09:08:04.373 [SERVICE-WORKER] putting asset in cache https://a.slack-edge.com/bv1-13-br/gantry-v2-vendors-client.5076482d21ad9e9444f7.min.js 
{
  "versionId": 1
}
[04/24/26, 09:08:04:395] info: Apr-24 09:08:04.395 [SERVICE-WORKER] putting asset in cache https://a.slack-edge.com/bv1-13-br/gantry-v2-shared.975b78e55bbe880c847e.min.js 
{
  "versionId": 1
}
[04/24/26, 09:08:04:445] info: Apr-24 09:08:04.444 [SERVICE-WORKER] asset found in existing cache bucket, adding to new bucket https://a.slack-edge.com/bv1-13-br/gantry-v2-async-vendors-node_modules_recharts_es6_cartesian_CartesianGrid_js-node_modules_recharts_es6_chart_-553340.d56eae80f59b60a70dbe.min.js 
{
  "versionId": 1
}
[04/24/26, 09:08:04:447] info: Apr-24 09:08:04.447 [SERVICE-WORKER] asset found in existing cache bucket, adding to new bucket https://a.slack-edge.com/bv1-13-br/gantry-v2-async-vendors-node_modules_codemirror_addon_mode_overlay_js-node_modules_codemirror_mode_htmlmixed_-38ceb7.89191c90a0deda93aeca.min.js 
{
  "versionId": 1
}
[04/24/26, 09:08:04:450] info: Apr-24 09:08:04.450 [SERVICE-WORKER] asset found in existing cache bucket, adding to new bucket https://a.slack-edge.com/bv1-13-br/gantry-v2-async-vendors-node_modules_mediapipe_selfie_segmentation_selfie_segmentation_js-node_modules_tensor-f12dad.843def897efacb26bb27.min.js 
{
  "versionId": 1
}
[04/24/26, 09:08:04:454] info: Apr-24 09:08:04.453 [SERVICE-WORKER] asset found in existing cache bucket, adding to new bucket https://a.slack-edge.com/bv1-13-br/gantry-v2-async-vendors-node_modules_sqlite_org_sqlite-wasm_sqlite-wasm_jswasm_sqlite3-bundler-friendly_mjs.8c0672ada0c4db453994.min.js 
{
  "versionId": 1
}
[04/24/26, 09:08:04:456] info: Apr-24 09:08:04.456 [SERVICE-WORKER] asset found in existing cache bucket, adding to new bucket https://a.slack-edge.com/bv1-13-br/gantry-v2-async-vendors-node_modules_mcp-ui_client_dist_index_mjs.8b66fbf4870c35c5cdc6.min.js 
{
  "versionId": 1
}
[04/24/26, 09:08:04:479] info: Apr-24 09:08:04.479 [SERVICE-WORKER] asset not found in an existing cache bucket https://a.slack-edge.com/bv1-13-br/gantry-v2-async-vendors-node_modules_shikijs_langs_dist_php_mjs.d6009044eb576fe2cbe2.min.js 
{
  "versionId": 1
}
[04/24/26, 09:08:04:479] info: Apr-24 09:08:04.479 [SERVICE-WORKER] asset not found in an existing cache bucket https://a.slack-edge.com/bv1-13-br/gantry-v2-async-vendors-node_modules_shikijs_langs_dist_perl_mjs.5eecf6d552748602152f.min.js 
{
  "versionId": 1
}
[04/24/26, 09:08:04:480] info: Apr-24 09:08:04.480 [SERVICE-WORKER] asset found in existing cache bucket, adding to new bucket https://a.slack-edge.com/bv1-13-br/gantry-v2-async-vendors-node_modules_codemirror_addon_mode_simple_js-node_modules_codemirror_mode_clike_clike-24f51a.7184321d0964eb6b7b16.min.js 
{
  "versionId": 1
}
[04/24/26, 09:08:04:481] info: Apr-24 09:08:04.481 [SERVICE-WORKER] asset found in existing cache bucket, adding to new bucket https://a.slack-edge.com/bv1-13-br/gantry-v2-async-vendors-node_modules_codemirror_mode_handlebars_handlebars_js-node_modules_codemirror_mode_ha-4cd3fd.5ca4a1e1f490c9c3ddec.min.js 
{
  "versionId": 1
}
[04/24/26, 09:08:04:482] info: Apr-24 09:08:04.482 [SERVICE-WORKER] asset found in existing cache bucket, adding to new bucket https://a.slack-edge.com/bv1-13-br/gantry-v2-async-vendors-node_modules_sqlite_org_sqlite-wasm_index_mjs-node_modules_kysely_dist_esm_dialect_sq-3ee74a.b573590758fed75567fb.min.js 
{
  "versionId": 1
}
[04/24/26, 09:08:04:483] info: Apr-24 09:08:04.482 [SERVICE-WORKER] asset found in existing cache bucket, adding to new bucket https://a.slack-edge.com/bv1-13-br/gantry-v2-async-vendors-node_modules_c3_c3_js-node_modules_d3-selection_index_js.a394e33e9ae7ef4705b5.min.js 
{
  "versionId": 1
}
[04/24/26, 09:08:04:486] info: Apr-24 09:08:04.485 [SERVICE-WORKER] asset found in existing cache bucket, adding to new bucket https://a.slack-edge.com/bv1-13-br/gantry-v2-async-vendors-node_modules_codemirror_mode_htmlmixed_htmlmixed_js-node_modules_react-codemirror2_index_js.5ab260c82a973b63a626.min.js 
{
  "versionId": 1
}
[04/24/26, 09:08:04:486] info: Apr-24 09:08:04.486 [SERVICE-WORKER] asset found in existing cache bucket, adding to new bucket https://a.slack-edge.com/bv1-13-br/gantry-v2-async-vendors-node_modules_react-codemirror2_index_js.984ed727973e50501e1b.min.js 
{
  "versionId": 1
}
[04/24/26, 09:08:04:488] info: Apr-24 09:08:04.488 [SERVICE-WORKER] fetching asset /boot/workflow-builder.html 
{
  "versionId": 1
}
[04/24/26, 09:08:04:489] info: Apr-24 09:08:04.488 [SERVICE-WORKER] asset found in existing cache bucket, adding to new bucket https://a.slack-edge.com/bv1-13-br/gantry-v2-async-vendors-node_modules_mediapipe_tasks-vision_vision_bundle_mjs.534f4e957bd579a8412b.min.js 
{
  "versionId": 1
}
[04/24/26, 09:08:04:490] info: Apr-24 09:08:04.490 [SERVICE-WORKER] fetching asset /boot/client-v2.html 
{
  "versionId": 1
}
[04/24/26, 09:08:04:619] info: Apr-24 09:08:04.619 [SERVICE-WORKER] putting asset in cache /boot/workflow-builder.html 
{
  "versionId": 1
}
[04/24/26, 09:08:04:629] info: Apr-24 09:08:04.628 [SERVICE-WORKER] putting asset in cache /boot/client-v2.html 
{
  "versionId": 1
}
[04/24/26, 09:08:04:716] info: Apr-24 09:08:04.716 [SERVICE-WORKER] All files fetched and put in cache in 1403.3999999994412ms 
{
  "versionId": 1
}
[04/24/26, 09:08:05:722] info: Apr-24 09:08:05.722 [SERVICE-WORKER] activate event [object ExtendableEvent] 
{
  "versionId": 1
}
[04/24/26, 09:08:39:770] info: Apr-24 09:08:39.769 [SERVICE-WORKER] responding with fetch https://a.slack-edge.com/canvas_blob/RxnEyllqIW_9mizf1vEgeA-module-loader 
{
  "versionId": 1
}
[04/24/26, 09:08:39:778] info: Apr-24 09:08:39.778 [SERVICE-WORKER] responding with fetch https://a.slack-edge.com/canvas_blob/RxnEyllqIW_9mizf1vEgeA-module-loader 
{
  "versionId": 1
}
[04/24/26, 09:08:39:781] info: Apr-24 09:08:39.781 [SERVICE-WORKER] responding with fetch https://a.slack-edge.com/canvas_blob/oSYH7HJ86F3wQjt62IiWCA 
{
  "versionId": 1
}
[04/24/26, 09:08:39:793] info: Apr-24 09:08:39.793 [SERVICE-WORKER] responding with fetch https://a.slack-edge.com/canvas_blob/oSYH7HJ86F3wQjt62IiWCA 
{
  "versionId": 1
}
[04/24/26, 09:08:39:828] info: Apr-24 09:08:39.828 [SERVICE-WORKER] responding with fetch https://a.slack-edge.com/canvas_blob/S_G3Vq-_i1KffIlQQtGc8w-ancillary 
{
  "versionId": 1
}
[04/24/26, 09:08:39:908] info: Apr-24 09:08:39.907 [SERVICE-WORKER] responding with fetch https://a.slack-edge.com/canvas_blob/0QFFwVZVopw7jrqTssa31w 
{
  "versionId": 1
}
[04/24/26, 09:08:39:931] info: Apr-24 09:08:39.930 [SERVICE-WORKER] responding with fetch https://a.slack-edge.com/canvas_blob/vIxJDX5kaIEah2oF_sJ3lg-chunk 
{
  "versionId": 1
}
[04/24/26, 09:08:39:931] info: Apr-24 09:08:39.931 [SERVICE-WORKER] asset found in existing cache bucket, adding to new bucket //a.slack-edge.com/canvas_blob/vIxJDX5kaIEah2oF_sJ3lg-chunk 
{
  "versionId": 1
}
[04/24/26, 09:08:39:931] info: Apr-24 09:08:39.931 [SERVICE-WORKER] asset found in existing cache bucket, adding to new bucket //a.slack-edge.com/canvas_blob/37geItnwJmlY_iT5zfWh5A-chunk 
{
  "versionId": 1
}
[04/24/26, 09:08:39:932] info: Apr-24 09:08:39.932 [SERVICE-WORKER] asset found in existing cache bucket, adding to new bucket //a.slack-edge.com/canvas_blob/S_G3Vq-_i1KffIlQQtGc8w-ancillary 
{
  "versionId": 1
}
[04/24/26, 09:08:39:932] info: Apr-24 09:08:39.932 [SERVICE-WORKER] asset found in existing cache bucket, adding to new bucket //a.slack-edge.com/canvas_blob/iuFng8_P8CbbHNx_hTq0HA-chunk 
{
  "versionId": 1
}
[04/24/26, 09:08:39:940] info: Apr-24 09:08:39.940 [SERVICE-WORKER] responding from cache https://a.slack-edge.com/canvas_blob/iuFng8_P8CbbHNx_hTq0HA-chunk 
{
  "versionId": 1
}
[04/24/26, 09:08:39:941] info: Apr-24 09:08:39.941 [SERVICE-WORKER] asset found in existing cache bucket, adding to new bucket //a.slack-edge.com/canvas_blob/mp1W-zURFQPLNDCmtP9Dqw-chunk 
{
  "versionId": 1
}
[04/24/26, 09:08:39:941] info: Apr-24 09:08:39.941 [SERVICE-WORKER] asset found in existing cache bucket, adding to new bucket //a.slack-edge.com/canvas_blob/kaNPLFodzRSI0qiaN3AbIQ-chunk 
{
  "versionId": 1
}
[04/24/26, 09:08:39:941] info: Apr-24 09:08:39.941 [SERVICE-WORKER] asset found in existing cache bucket, adding to new bucket //a.slack-edge.com/canvas_blob/Eg61ziYCh5ErOffGvkWGug-chunk 
{
  "versionId": 1
}
[04/24/26, 09:08:39:942] info: Apr-24 09:08:39.942 [SERVICE-WORKER] asset found in existing cache bucket, adding to new bucket //a.slack-edge.com/canvas_blob/hbX7iWtaxXOEHKgO4QMZGw-chunk 
{
  "versionId": 1
}
[04/24/26, 09:08:39:944] info: Apr-24 09:08:39.944 [SERVICE-WORKER] asset found in existing cache bucket, adding to new bucket //a.slack-edge.com/canvas_blob/_82dPNszy6x1sgYXC9AfAA-chunk 
{
  "versionId": 1
}
[04/24/26, 09:08:39:944] info: Apr-24 09:08:39.944 [SERVICE-WORKER] asset found in existing cache bucket, adding to new bucket //a.slack-edge.com/canvas_blob/zQKHockVf0hALPE0k4hcJQ-chunk 
{
  "versionId": 1
}
[04/24/26, 09:08:39:945] info: Apr-24 09:08:39.944 [SERVICE-WORKER] asset found in existing cache bucket, adding to new bucket //a.slack-edge.com/canvas_blob/Xdi8zb__uv-i5y3n0VPS-A-chunk 
{
  "versionId": 1
}
[04/24/26, 09:08:39:945] info: Apr-24 09:08:39.945 [SERVICE-WORKER] asset found in existing cache bucket, adding to new bucket //a.slack-edge.com/canvas_blob/6qt-W9GTWSWLUdM8S46Sjw-chunk 
{
  "versionId": 1
}
[04/24/26, 09:08:39:947] info: Apr-24 09:08:39.947 [SERVICE-WORKER] asset found in existing cache bucket, adding to new bucket //a.slack-edge.com/canvas_blob/4KieTuhgp5DQ-uTrmLPf8w-chunk 
{
  "versionId": 1
}
[04/24/26, 09:08:39:947] info: Apr-24 09:08:39.947 [SERVICE-WORKER] asset found in existing cache bucket, adding to new bucket //a.slack-edge.com/canvas_blob/E_fpFaDTrT5O-2qWw2dw2w-chunk 
{
  "versionId": 1
}
[04/24/26, 09:08:39:947] info: Apr-24 09:08:39.947 [SERVICE-WORKER] asset found in existing cache bucket, adding to new bucket //a.slack-edge.com/canvas_blob/WIAx5gmMNy3cAnCk3uZWqg-chunk 
{
  "versionId": 1
}
[04/24/26, 09:08:39:948] info: Apr-24 09:08:39.948 [SERVICE-WORKER] asset found in existing cache bucket, adding to new bucket //a.slack-edge.com/canvas_blob/WbPyjDMtlN7GXuHde-ATyw-chunk 
{
  "versionId": 1
}
[04/24/26, 09:08:39:954] info: Apr-24 09:08:39.954 [SERVICE-WORKER] asset found in existing cache bucket, adding to new bucket //a.slack-edge.com/canvas_blob/5JReYbiN_kAXi5moQsdDVA-chunk 
{
  "versionId": 1
}
[04/24/26, 09:08:39:954] info: Apr-24 09:08:39.954 [SERVICE-WORKER] asset found in existing cache bucket, adding to new bucket //a.slack-edge.com/canvas_blob/ZG6GeIcSreKpfnZO9JWOhA-chunk 
{
  "versionId": 1
}
[04/24/26, 09:08:39:955] info: Apr-24 09:08:39.955 [SERVICE-WORKER] asset found in existing cache bucket, adding to new bucket //a.slack-edge.com/canvas_blob/XTh-xwjzrPQeBhtFrUXOiw-chunk 
{
  "versionId": 1
}
[04/24/26, 09:08:39:955] info: Apr-24 09:08:39.955 [SERVICE-WORKER] asset found in existing cache bucket, adding to new bucket //a.slack-edge.com/canvas_blob/Y7DpcR9I_B9MY8ez1TAO6Q-chunk 
{
  "versionId": 1
}
[04/24/26, 09:08:39:957] info: Apr-24 09:08:39.957 [SERVICE-WORKER] asset found in existing cache bucket, adding to new bucket //a.slack-edge.com/canvas_blob/dKRXP8C1gEJnEK12s8n99w-chunk 
{
  "versionId": 1
}
[04/24/26, 09:08:39:957] info: Apr-24 09:08:39.957 [SERVICE-WORKER] asset found in existing cache bucket, adding to new bucket //a.slack-edge.com/canvas_blob/sSG_K1ua2NGWyQ_kDvbvqA-chunk 
{
  "versionId": 1
}
[04/24/26, 09:08:39:958] info: Apr-24 09:08:39.957 [SERVICE-WORKER] asset found in existing cache bucket, adding to new bucket //a.slack-edge.com/canvas_blob/vDx_0qqYuTWAxGPqAbOvIg-chunk 
{
  "versionId": 1
}
[04/24/26, 09:08:39:958] info: Apr-24 09:08:39.958 [SERVICE-WORKER] asset found in existing cache bucket, adding to new bucket //a.slack-edge.com/canvas_blob/5w255YpeKtObQxGaHbe2aA-chunk 
{
  "versionId": 1
}
[04/24/26, 09:08:39:960] info: Apr-24 09:08:39.960 [SERVICE-WORKER] asset found in existing cache bucket, adding to new bucket //a.slack-edge.com/canvas_blob/aDujTszlvwOogFuZFC-8rQ-chunk 
{
  "versionId": 1
}
[04/24/26, 09:08:39:960] info: Apr-24 09:08:39.960 [SERVICE-WORKER] asset found in existing cache bucket, adding to new bucket //a.slack-edge.com/canvas_blob/Ld3jUKUgwdk3kgZe6G9inA-chunk 
{
  "versionId": 1
}
[04/24/26, 09:08:39:960] info: Apr-24 09:08:39.960 [SERVICE-WORKER] asset found in existing cache bucket, adding to new bucket //a.slack-edge.com/canvas_blob/vrR-nKQOYZzx2bsG8w4m2g-chunk 
{
  "versionId": 1
}
[04/24/26, 09:08:39:960] info: Apr-24 09:08:39.960 [SERVICE-WORKER] asset found in existing cache bucket, adding to new bucket //a.slack-edge.com/canvas_blob/PeAsiCT4ifSneW4WqYaAEQ-chunk 
{
  "versionId": 1
}
[04/24/26, 09:08:39:962] info: Apr-24 09:08:39.962 [SERVICE-WORKER] asset found in existing cache bucket, adding to new bucket //a.slack-edge.com/canvas_blob/59yBEaQG4pxGFe0zZotNJA-chunk 
{
  "versionId": 1
}
[04/24/26, 09:08:39:962] info: Apr-24 09:08:39.962 [SERVICE-WORKER] asset found in existing cache bucket, adding to new bucket //a.slack-edge.com/canvas_blob/lVG4_D_vkis0VEYZnFJnBQ-chunk 
{
  "versionId": 1
}
[04/24/26, 09:08:39:963] info: Apr-24 09:08:39.962 [SERVICE-WORKER] asset found in existing cache bucket, adding to new bucket //a.slack-edge.com/canvas_blob/KP_Isnj1IN-NH71pfsnB6Q-chunk 
{
  "versionId": 1
}
[04/24/26, 09:08:39:963] info: Apr-24 09:08:39.963 [SERVICE-WORKER] asset found in existing cache bucket, adding to new bucket //a.slack-edge.com/canvas_blob/1UZ09hF7pSGVgiWp5FDtKQ-chunk 
{
  "versionId": 1
}
[04/24/26, 09:08:39:964] info: Apr-24 09:08:39.964 [SERVICE-WORKER] asset found in existing cache bucket, adding to new bucket //a.slack-edge.com/canvas_blob/4EKph6AyzfbefZQ7iSEhiQ-chunk 
{
  "versionId": 1
}
[04/24/26, 09:08:39:964] info: Apr-24 09:08:39.964 [SERVICE-WORKER] asset found in existing cache bucket, adding to new bucket //a.slack-edge.com/canvas_blob/yg7EgAGiF-uBAkh9O6OPyA-chunk 
{
  "versionId": 1
}
[04/24/26, 09:08:39:965] info: Apr-24 09:08:39.964 [SERVICE-WORKER] asset found in existing cache bucket, adding to new bucket //a.slack-edge.com/canvas_blob/HiztfOLmPalCDB4gkBXLQw-chunk 
{
  "versionId": 1
}
[04/24/26, 09:08:39:965] info: Apr-24 09:08:39.965 [SERVICE-WORKER] asset found in existing cache bucket, adding to new bucket //a.slack-edge.com/canvas_blob/9V7EfXCIKT-tens8XG2feQ-chunk 
{
  "versionId": 1
}
[04/24/26, 09:08:39:966] info: Apr-24 09:08:39.966 [SERVICE-WORKER] asset found in existing cache bucket, adding to new bucket //a.slack-edge.com/canvas_blob/LgI-CC3kiHvwC-Dd3rmRZA-chunk 
{
  "versionId": 1
}
[04/24/26, 09:08:39:966] info: Apr-24 09:08:39.966 [SERVICE-WORKER] asset found in existing cache bucket, adding to new bucket //a.slack-edge.com/canvas_blob/ia5LDsiS3dtz_cIX-T3DHQ-chunk 
{
  "versionId": 1
}
[04/24/26, 09:08:39:966] info: Apr-24 09:08:39.966 [SERVICE-WORKER] asset found in existing cache bucket, adding to new bucket //a.slack-edge.com/canvas_blob/FOFesxDxj_ZGGJBPSpM0ng-chunk 
{
  "versionId": 1
}
[04/24/26, 09:08:39:966] info: Apr-24 09:08:39.966 [SERVICE-WORKER] asset found in existing cache bucket, adding to new bucket //a.slack-edge.com/canvas_blob/x5p9mmZ195HUNuw_q_bfVQ-chunk 
{
  "versionId": 1
}
[04/24/26, 09:08:39:968] info: Apr-24 09:08:39.967 [SERVICE-WORKER] asset found in existing cache bucket, adding to new bucket //a.slack-edge.com/canvas_blob/1rIky2iQnpCX8VFAqNTbaw-chunk 
{
  "versionId": 1
}
[04/24/26, 09:08:39:968] info: Apr-24 09:08:39.968 [SERVICE-WORKER] asset found in existing cache bucket, adding to new bucket //a.slack-edge.com/canvas_blob/TJWJ_ctolIk71vMfdR8-1g-chunk 
{
  "versionId": 1
}
[04/24/26, 09:08:39:968] info: Apr-24 09:08:39.968 [SERVICE-WORKER] asset found in existing cache bucket, adding to new bucket //a.slack-edge.com/canvas_blob/s9YPxnV6pPWhgynU1bS7Rw-chunk 
{
  "versionId": 1
}
[04/24/26, 09:08:39:968] info: Apr-24 09:08:39.968 [SERVICE-WORKER] asset found in existing cache bucket, adding to new bucket //a.slack-edge.com/canvas_blob/Tkun7yJokql_VqbQJB18PA-chunk 
{
  "versionId": 1
}
[04/24/26, 09:08:39:972] info: Apr-24 09:08:39.972 [SERVICE-WORKER] asset found in existing cache bucket, adding to new bucket //a.slack-edge.com/canvas_blob/qVqZHIilrEKZD9pjEZWENA-chunk 
{
  "versionId": 1
}
[04/24/26, 09:08:39:972] info: Apr-24 09:08:39.972 [SERVICE-WORKER] asset found in existing cache bucket, adding to new bucket //a.slack-edge.com/canvas_blob/_tpMJnwjFILkOsUJBbd0Xg-chunk 
{
  "versionId": 1
}
[04/24/26, 09:08:39:972] info: Apr-24 09:08:39.972 [SERVICE-WORKER] asset found in existing cache bucket, adding to new bucket //a.slack-edge.com/canvas_blob/oSYH7HJ86F3wQjt62IiWCA 
{
  "versionId": 1
}
[04/24/26, 09:08:39:976] info: Apr-24 09:08:39.976 [SERVICE-WORKER] All canvas files fetched 
{
  "versionId": 1
}
[04/24/26, 09:11:52:603] info: Apr-24 09:11:52.602 [SERVICE-WORKER] responding from cache https://a.slack-edge.com/bv1-13-br/lato-regular-f1aa7a0.woff2 
{
  "versionId": 1
}
[04/24/26, 09:11:52:605] info: Apr-24 09:11:52.604 [SERVICE-WORKER] responding from cache https://a.slack-edge.com/bv1-13-br/lato-bold-31816c2.woff2 
{
  "versionId": 1
}
[04/24/26, 09:11:52:610] info: Apr-24 09:11:52.610 [SERVICE-WORKER] responding from cache https://a.slack-edge.com/bv1-13-br/lato-black-d3e44e6.woff2 
{
  "versionId": 1
}
[04/24/26, 09:11:52:611] info: Apr-24 09:11:52.610 [SERVICE-WORKER] responding from cache https://a.slack-edge.com/bv1-13-br/slack-icons-v2-913df50.woff2 
{
  "versionId": 1
}
[04/24/26, 13:10:45:744] info: Apr-24 13:10:45.744 [SERVICE-WORKER] responding from cache https://a.slack-edge.com/bv1-13-br/gantry-v2-async-client-page-view.73793f217e85829a55b8.min.js 
{
  "versionId": 1
}
[04/24/26, 15:39:36:772] info: Apr-24 15:39:36.771 [SERVICE-WORKER] responding from cache https://a.slack-edge.com/bv1-13-br/gantry-v2-async-client-threads-view.c743d37caf388f1b884c.min.js 
{
  "versionId": 1
}
